NAME,B25040_001E,B25040_002E,B25040_003E,B25040_004E,B25040_005E,B25040_006E,B25040_007E,B25040_008E,B25040_009E,B25040_010E,state,county,tract
Census Tract 1; Bronx County; New York,0,0,0,0,0,0,0,0,0,0,36,Bronx,000100
Census Tract 2; Bronx County; New York,1446,1084,19,231,112,0,0,0,0,0,36,Bronx,000200
Census Tract 4; Bronx County; New York,2246,1469,108,405,117,0,0,0,127,20,36,Bronx,000400
Census Tract 16; Bronx County; New York,2149,1126,28,453,393,0,0,0,0,149,36,Bronx,001600
Census Tract 19.01; Bronx County; New York,1092,562,12,368,61,0,0,0,21,68,36,Bronx,001901
Census Tract 19.02; Bronx County; New York,566,290,11,85,114,0,0,0,0,66,36,Bronx,001902
Census Tract 19.03; Bronx County; New York,0,0,0,0,0,0,0,0,0,0,36,Bronx,001903
Census Tract 19.04; Bronx County; New York,0,0,0,0,0,0,0,0,0,0,36,Bronx,001904
Census Tract 20.01; Bronx County; New York,1726,1012,60,105,343,0,0,0,41,165,36,Bronx,002001
Census Tract 20.02; Bronx County; New York,1832,1242,92,51,428,0,0,0,0,19,36,Bronx,002002
Census Tract 23; Bronx County; New York,1917,1044,12,228,106,0,0,0,57,470,36,Bronx,002300
Census Tract 24; Bronx County; New York,0,0,0,0,0,0,0,0,0,0,36,Bronx,002400
Census Tract 25; Bronx County; New York,1903,977,0,207,541,0,0,0,0,178,36,Bronx,002500
Census Tract 27.01; Bronx County; New York,1167,590,27,333,191,0,0,0,0,26,36,Bronx,002701
Census Tract 27.02; Bronx County; New York,1508,640,18,313,286,0,0,0,47,204,36,Bronx,002702
Census Tract 28; Bronx County; New York,2717,1406,0,599,606,0,0,0,106,0,36,Bronx,002800
Census Tract 31; Bronx County; New York,1104,636,0,354,17,0,0,0,1,96,36,Bronx,003100
Census Tract 33; Bronx County; New York,1225,736,48,160,61,0,0,0,0,220,36,Bronx,003300
Census Tract 35; Bronx County; New York,1483,548,100,318,229,0,0,0,45,243,36,Bronx,003500
Census Tract 37; Bronx County; New York,158,109,0,41,8,0,0,0,0,0,36,Bronx,003700
Census Tract 38; Bronx County; New York,377,271,0,71,35,0,0,0,0,0,36,Bronx,003800
Census Tract 39; Bronx County; New York,2299,972,9,587,462,0,0,0,0,269,36,Bronx,003900
Census Tract 40.01; Bronx County; New York,507,413,26,21,43,0,0,0,4,0,36,Bronx,004001
Census Tract 41; Bronx County; New York,2359,878,73,686,624,0,0,0,38,60,36,Bronx,004100
Census Tract 42; Bronx County; New York,2837,1960,59,397,300,0,0,0,44,77,36,Bronx,004200
Census Tract 43; Bronx County; New York,2099,1306,28,282,277,0,0,0,79,127,36,Bronx,004300
Census Tract 44; Bronx County; New York,1578,737,39,71,571,0,0,0,50,110,36,Bronx,004400
Census Tract 46; Bronx County; New York,658,372,9,122,120,0,0,0,0,35,36,Bronx,004600
Census Tract 48; Bronx County; New York,1504,608,10,44,703,63,0,0,60,16,36,Bronx,004800
Census Tract 50.01; Bronx County; New York,1343,533,42,106,654,0,0,0,0,8,36,Bronx,005001
Census Tract 50.02; Bronx County; New York,1888,717,73,123,904,57,0,0,14,0,36,Bronx,005002
Census Tract 51; Bronx County; New York,2621,1223,0,508,623,0,0,0,30,237,36,Bronx,005100
Census Tract 52; Bronx County; New York,788,328,0,104,331,0,0,0,19,6,36,Bronx,005200
Census Tract 53; Bronx County; New York,1595,746,0,614,72,0,0,0,16,147,36,Bronx,005300
Census Tract 54; Bronx County; New York,1702,826,13,141,676,0,0,0,37,9,36,Bronx,005400
Census Tract 56; Bronx County; New York,1025,560,4,28,387,0,0,0,36,10,36,Bronx,005600
Census Tract 59.02; Bronx County; New York,1286,627,20,300,198,0,0,0,18,123,36,Bronx,005902
Census Tract 60; Bronx County; New York,385,159,15,25,164,0,0,0,5,17,36,Bronx,006000
Census Tract 61; Bronx County; New York,1940,1194,97,162,394,0,0,0,77,16,36,Bronx,006100
Census Tract 62; Bronx County; New York,2489,914,0,94,1365,0,0,0,0,116,36,Bronx,006200
Census Tract 63.01; Bronx County; New York,2584,1653,88,349,431,0,0,0,0,63,36,Bronx,006301
Census Tract 63.02; Bronx County; New York,0,0,0,0,0,0,0,0,0,0,36,Bronx,006302
Census Tract 64; Bronx County; New York,1407,922,67,60,347,0,0,0,0,11,36,Bronx,006400
Census Tract 65; Bronx County; New York,2153,699,29,959,343,0,0,0,24,99,36,Bronx,006500
Census Tract 67; Bronx County; New York,2595,1649,0,460,252,0,0,0,6,228,36,Bronx,006700
Census Tract 68; Bronx County; New York,917,609,20,54,222,0,0,0,12,0,36,Bronx,006800
Census Tract 69; Bronx County; New York,2804,1892,133,380,266,0,0,0,133,0,36,Bronx,006900
Census Tract 70; Bronx County; New York,1373,803,39,31,485,0,0,0,0,15,36,Bronx,007000
Census Tract 71; Bronx County; New York,1386,700,27,507,63,0,0,50,13,26,36,Bronx,007100
Census Tract 72; Bronx County; New York,1623,695,49,69,793,0,0,0,0,17,36,Bronx,007200
Census Tract 73; Bronx County; New York,1552,812,78,383,21,0,0,0,83,175,36,Bronx,007300
Census Tract 74; Bronx County; New York,1380,886,53,323,88,0,0,0,11,19,36,Bronx,007400
Census Tract 75; Bronx County; New York,2449,1514,63,603,225,0,0,0,9,35,36,Bronx,007500
Census Tract 76; Bronx County; New York,1825,844,60,144,743,0,0,0,18,16,36,Bronx,007600
Census Tract 77; Bronx County; New York,591,354,0,156,81,0,0,0,0,0,36,Bronx,007700
Census Tract 78; Bronx County; New York,1981,1070,0,93,745,32,0,0,0,41,36,Bronx,007800
Census Tract 79; Bronx County; New York,2290,1112,32,354,505,0,0,0,132,155,36,Bronx,007900
Census Tract 83; Bronx County; New York,2239,983,37,552,567,0,0,0,78,22,36,Bronx,008300
Census Tract 84; Bronx County; New York,1008,836,11,57,91,0,0,0,13,0,36,Bronx,008400
Census Tract 85; Bronx County; New York,2110,945,151,377,352,0,0,0,230,55,36,Bronx,008500
Census Tract 86; Bronx County; New York,1539,1102,22,155,138,0,0,0,30,92,36,Bronx,008600
Census Tract 87; Bronx County; New York,2109,994,15,585,443,0,0,0,32,40,36,Bronx,008700
Census Tract 89; Bronx County; New York,1327,582,21,560,143,0,0,0,6,15,36,Bronx,008900
Census Tract 90; Bronx County; New York,1221,627,0,233,180,0,0,0,23,158,36,Bronx,009000
Census Tract 92; Bronx County; New York,1871,636,19,228,965,0,0,0,13,10,36,Bronx,009200
Census Tract 93.01; Bronx County; New York,1918,1117,69,266,207,0,0,0,0,259,36,Bronx,009301
Census Tract 93.02; Bronx County; New York,0,0,0,0,0,0,0,0,0,0,36,Bronx,009302
Census Tract 96; Bronx County; New York,835,411,27,202,195,0,0,0,0,0,36,Bronx,009600
Census Tract 98; Bronx County; New York,1680,1176,32,99,326,0,0,0,47,0,36,Bronx,009800
Census Tract 110; Bronx County; New York,0,0,0,0,0,0,0,0,0,0,36,Bronx,011000
Census Tract 115.02; Bronx County; New York,1507,1036,20,320,97,0,0,0,0,34,36,Bronx,011502
Census Tract 117.01; Bronx County; New York,492,300,13,88,52,0,0,0,22,17,36,Bronx,011701
Census Tract 117.02; Bronx County; New York,0,0,0,0,0,0,0,0,0,0,36,Bronx,011702
Census Tract 118; Bronx County; New York,1566,944,87,219,316,0,0,0,0,0,36,Bronx,011800
Census Tract 119; Bronx County; New York,1874,736,26,452,471,17,0,0,21,151,36,Bronx,011900
Census Tract 121.01; Bronx County; New York,1055,464,22,264,305,0,0,0,0,0,36,Bronx,012101
Census Tract 121.02; Bronx County; New York,548,203,0,180,14,0,0,0,0,151,36,Bronx,012102
Census Tract 123; Bronx County; New York,1710,1142,29,279,99,0,0,0,0,161,36,Bronx,012300
Census Tract 125; Bronx County; New York,1418,932,72,79,243,0,0,0,61,31,36,Bronx,012500
Census Tract 127.01; Bronx County; New York,775,294,0,113,249,0,33,0,44,42,36,Bronx,012701
Census Tract 129.01; Bronx County; New York,1653,668,74,501,282,0,0,0,18,110,36,Bronx,012901
Census Tract 130; Bronx County; New York,444,378,6,21,39,0,0,0,0,0,36,Bronx,013000
Census Tract 131; Bronx County; New York,2240,1016,25,647,278,59,0,79,83,53,36,Bronx,013100
Census Tract 132; Bronx County; New York,2609,2035,57,429,88,0,0,0,0,0,36,Bronx,013200
Census Tract 133; Bronx County; New York,2191,1244,0,466,206,0,0,0,162,113,36,Bronx,013300
Census Tract 135; Bronx County; New York,1485,723,0,480,131,0,0,0,0,151,36,Bronx,013500
Census Tract 138; Bronx County; New York,1250,793,11,342,83,0,0,0,0,21,36,Bronx,013800
Census Tract 141; Bronx County; New York,2957,1410,0,1024,266,0,0,24,0,233,36,Bronx,014100
Census Tract 143; Bronx County; New York,697,265,15,167,196,0,0,0,10,44,36,Bronx,014300
Census Tract 144; Bronx County; New York,2318,1123,5,27,835,0,0,0,167,161,36,Bronx,014400
Census Tract 145; Bronx County; New York,2381,1074,176,569,252,0,0,0,57,253,36,Bronx,014500
Census Tract 147.01; Bronx County; New York,2052,1390,72,151,36,0,0,0,0,403,36,Bronx,014701
Census Tract 147.02; Bronx County; New York,1881,1365,0,191,147,0,0,0,16,162,36,Bronx,014702
Census Tract 149; Bronx County; New York,1535,740,12,392,192,0,0,0,59,140,36,Bronx,014900
Census Tract 151; Bronx County; New York,2146,818,65,840,287,0,0,0,12,124,36,Bronx,015100
Census Tract 152; Bronx County; New York,976,558,22,148,223,0,0,0,8,17,36,Bronx,015200
Census Tract 153; Bronx County; New York,1749,1237,0,198,283,0,0,0,0,31,36,Bronx,015300
Census Tract 155; Bronx County; New York,1085,525,0,165,385,0,10,0,0,0,36,Bronx,015500
Census Tract 157; Bronx County; New York,2267,1160,50,624,283,0,0,0,19,131,36,Bronx,015700
Census Tract 158; Bronx County; New York,534,341,11,114,47,0,0,0,0,21,36,Bronx,015800
Census Tract 159; Bronx County; New York,929,473,11,233,152,0,0,0,11,49,36,Bronx,015900
Census Tract 160; Bronx County; New York,1543,1192,57,90,194,0,0,0,0,10,36,Bronx,016000
Census Tract 161; Bronx County; New York,2127,962,86,510,500,0,0,0,15,54,36,Bronx,016100
Census Tract 162; Bronx County; New York,497,301,10,72,97,0,0,0,0,17,36,Bronx,016200
Census Tract 163; Bronx County; New York,0,0,0,0,0,0,0,0,0,0,36,Bronx,016300
Census Tract 164; Bronx County; New York,391,224,6,36,121,0,0,0,0,4,36,Bronx,016400
Census Tract 165; Bronx County; New York,360,190,33,45,61,0,0,0,0,31,36,Bronx,016500
Census Tract 166; Bronx County; New York,833,701,10,27,81,0,0,0,14,0,36,Bronx,016600
Census Tract 167; Bronx County; New York,1123,723,10,177,127,0,0,0,0,86,36,Bronx,016700
Census Tract 169; Bronx County; New York,605,400,83,49,47,0,0,0,13,13,36,Bronx,016900
Census Tract 171; Bronx County; New York,0,0,0,0,0,0,0,0,0,0,36,Bronx,017100
Census Tract 173; Bronx County; New York,2226,1033,199,215,436,0,0,28,45,270,36,Bronx,017300
Census Tract 175; Bronx County; New York,3035,1807,0,431,557,0,0,0,90,150,36,Bronx,017500
Census Tract 177.01; Bronx County; New York,1397,800,56,66,265,0,0,0,0,210,36,Bronx,017701
Census Tract 177.02; Bronx County; New York,1681,625,79,522,313,0,0,0,0,142,36,Bronx,017702
Census Tract 179.01; Bronx County; New York,1689,883,91,351,219,0,0,0,0,145,36,Bronx,017901
Census Tract 179.02; Bronx County; New York,1305,610,0,73,340,0,0,0,62,220,36,Bronx,017902
Census Tract 181.01; Bronx County; New York,1048,551,20,110,215,0,0,0,83,69,36,Bronx,018101
Census Tract 181.02; Bronx County; New York,2161,1151,49,350,463,0,0,0,0,148,36,Bronx,018102
Census Tract 183.01; Bronx County; New York,2017,996,36,347,471,0,0,0,22,145,36,Bronx,018301
Census Tract 183.02; Bronx County; New York,1467,920,139,139,251,0,0,0,0,18,36,Bronx,018302
Census Tract 184; Bronx County; New York,1376,608,0,118,644,0,0,0,0,6,36,Bronx,018400
Census Tract 185.01; Bronx County; New York,1381,417,0,702,176,0,0,0,0,86,36,Bronx,018501
Census Tract 185.02; Bronx County; New York,2156,1113,24,285,193,0,0,0,72,469,36,Bronx,018502
Census Tract 189; Bronx County; New York,2925,1130,87,839,699,0,0,0,29,141,36,Bronx,018900
Census Tract 193; Bronx County; New York,2418,783,0,492,637,0,0,0,113,393,36,Bronx,019300
Census Tract 194; Bronx County; New York,686,350,29,23,243,0,0,9,0,32,36,Bronx,019400
Census Tract 195; Bronx County; New York,2672,1553,47,404,475,0,0,0,64,129,36,Bronx,019500
Census Tract 197; Bronx County; New York,2462,1490,18,497,179,0,0,0,28,250,36,Bronx,019700
Census Tract 199; Bronx County; New York,3162,1632,39,667,652,0,0,0,72,100,36,Bronx,019900
Census Tract 200; Bronx County; New York,1467,570,65,238,539,0,0,0,7,48,36,Bronx,020000
Census Tract 201; Bronx County; New York,1439,525,24,222,393,0,0,0,0,275,36,Bronx,020100
Census Tract 202; Bronx County; New York,1000,385,57,142,398,0,0,0,18,0,36,Bronx,020200
Census Tract 204; Bronx County; New York,987,223,21,137,545,0,0,0,0,61,36,Bronx,020400
Census Tract 205.01; Bronx County; New York,2652,982,0,834,686,0,0,0,38,112,36,Bronx,020501
Census Tract 205.02; Bronx County; New York,1016,503,8,198,197,0,0,0,12,98,36,Bronx,020502
Census Tract 206.01; Bronx County; New York,1028,412,85,160,353,0,0,0,0,18,36,Bronx,020601
Census Tract 209; Bronx County; New York,1989,1086,63,557,177,0,0,0,77,29,36,Bronx,020900
Census Tract 210.01; Bronx County; New York,3570,1642,0,672,940,0,0,0,104,212,36,Bronx,021001
Census Tract 210.02; Bronx County; New York,3046,1829,61,507,481,0,0,0,68,100,36,Bronx,021002
Census Tract 211; Bronx County; New York,2057,832,67,514,417,0,0,0,64,163,36,Bronx,021100
Census Tract 212; Bronx County; New York,2356,1093,0,413,522,13,0,0,135,180,36,Bronx,021200
Census Tract 213.01; Bronx County; New York,450,187,53,88,84,0,0,0,14,24,36,Bronx,021301
Census Tract 213.02; Bronx County; New York,2361,1481,237,364,207,0,0,0,0,72,36,Bronx,021302
Census Tract 215.01; Bronx County; New York,1314,863,0,196,132,0,0,0,23,100,36,Bronx,021501
Census Tract 215.02; Bronx County; New York,2228,843,145,707,508,0,0,0,25,0,36,Bronx,021502
Census Tract 216.01; Bronx County; New York,1564,815,12,73,612,0,0,0,19,33,36,Bronx,021601
Census Tract 216.02; Bronx County; New York,2389,1586,13,167,479,0,0,0,77,67,36,Bronx,021602
Census Tract 217; Bronx County; New York,1839,678,29,617,306,0,0,0,84,125,36,Bronx,021700
Census Tract 218; Bronx County; New York,2294,1083,14,280,823,0,0,0,64,30,36,Bronx,021800
Census Tract 219; Bronx County; New York,419,257,17,122,23,0,0,0,0,0,36,Bronx,021900
Census Tract 220; Bronx County; New York,634,343,43,125,100,0,0,0,0,23,36,Bronx,022000
Census Tract 221.01; Bronx County; New York,1301,618,0,398,162,0,0,0,0,123,36,Bronx,022101
Census Tract 221.02; Bronx County; New York,1641,883,80,226,293,0,0,0,97,62,36,Bronx,022102
Census Tract 222; Bronx County; New York,1110,465,0,59,542,10,0,1,24,9,36,Bronx,022200
Census Tract 223; Bronx County; New York,2154,1407,40,270,370,0,0,0,0,67,36,Bronx,022300
Census Tract 224.01; Bronx County; New York,967,384,12,110,429,0,0,0,17,15,36,Bronx,022401
Census Tract 224.03; Bronx County; New York,1106,488,40,70,475,0,0,0,24,9,36,Bronx,022403
Census Tract 224.04; Bronx County; New York,1933,1288,11,124,437,0,0,0,17,56,36,Bronx,022404
Census Tract 225; Bronx County; New York,2336,1010,25,412,780,0,0,0,23,86,36,Bronx,022500
Census Tract 227.01; Bronx County; New York,2045,868,0,574,514,0,0,0,0,89,36,Bronx,022701
Census Tract 227.02; Bronx County; New York,548,210,112,131,95,0,0,0,0,0,36,Bronx,022702
Census Tract 227.03; Bronx County; New York,708,432,13,16,235,0,0,0,12,0,36,Bronx,022703
Census Tract 228; Bronx County; New York,2317,1394,85,52,581,0,0,51,154,0,36,Bronx,022800
Census Tract 229.01; Bronx County; New York,1964,950,19,122,668,0,0,0,124,81,36,Bronx,022901
Census Tract 229.02; Bronx County; New York,1157,526,12,192,427,0,0,0,0,0,36,Bronx,022902
Census Tract 230; Bronx County; New York,963,508,44,149,221,0,0,0,0,41,36,Bronx,023000
Census Tract 231; Bronx County; New York,410,137,0,143,71,0,0,0,0,59,36,Bronx,023100
Census Tract 232; Bronx County; New York,862,414,21,52,332,0,0,0,31,12,36,Bronx,023200
Census Tract 233.01; Bronx County; New York,1648,954,0,198,452,0,0,0,20,24,36,Bronx,023301
Census Tract 233.02; Bronx County; New York,1037,427,0,11,436,0,0,0,20,143,36,Bronx,023302
Census Tract 235.01; Bronx County; New York,1244,216,106,333,323,0,0,0,14,252,36,Bronx,023501
Census Tract 235.02; Bronx County; New York,1607,849,152,131,314,0,0,0,43,118,36,Bronx,023502
Census Tract 236; Bronx County; New York,557,375,0,26,156,0,0,0,0,0,36,Bronx,023600
Census Tract 237.02; Bronx County; New York,323,71,0,24,210,0,0,0,3,15,36,Bronx,023702
Census Tract 237.03; Bronx County; New York,1804,459,26,469,808,0,0,0,24,18,36,Bronx,023703
Census Tract 237.04; Bronx County; New York,1452,514,25,258,320,0,0,0,0,335,36,Bronx,023704
Census Tract 238; Bronx County; New York,743,415,35,57,232,0,0,0,0,4,36,Bronx,023800
Census Tract 239; Bronx County; New York,2663,1454,38,310,641,0,0,0,0,220,36,Bronx,023900
Census Tract 240; Bronx County; New York,1351,665,17,100,521,0,37,0,11,0,36,Bronx,024000
Census Tract 241; Bronx County; New York,2350,1314,0,566,133,0,0,0,0,337,36,Bronx,024100
Census Tract 243; Bronx County; New York,1985,716,89,736,309,0,0,0,0,135,36,Bronx,024300
Census Tract 244; Bronx County; New York,831,567,13,31,216,0,0,0,4,0,36,Bronx,024400
Census Tract 245.01; Bronx County; New York,1591,989,20,112,330,0,0,0,51,89,36,Bronx,024501
Census Tract 245.02; Bronx County; New York,1259,539,0,259,263,0,0,0,51,147,36,Bronx,024502
Census Tract 246; Bronx County; New York,793,572,9,48,164,0,0,0,0,0,36,Bronx,024600
Census Tract 247; Bronx County; New York,742,395,58,152,104,0,0,0,0,33,36,Bronx,024700
Census Tract 248; Bronx County; New York,1210,789,34,112,266,0,0,0,0,9,36,Bronx,024800
Census Tract 249; Bronx County; New York,0,0,0,0,0,0,0,0,0,0,36,Bronx,024900
Census Tract 250; Bronx County; New York,936,546,46,68,273,0,0,3,0,0,36,Bronx,025000
Census Tract 251; Bronx County; New York,2313,877,101,513,758,0,0,0,0,64,36,Bronx,025100
Census Tract 252; Bronx County; New York,895,568,0,59,228,0,0,0,40,0,36,Bronx,025200
Census Tract 253; Bronx County; New York,1856,846,41,267,649,0,0,0,41,12,36,Bronx,025300
Census Tract 254; Bronx County; New York,764,449,14,42,259,0,0,0,0,0,36,Bronx,025400
Census Tract 255; Bronx County; New York,2357,964,17,439,773,0,0,0,164,0,36,Bronx,025500
Census Tract 256; Bronx County; New York,611,304,31,98,170,0,0,0,4,4,36,Bronx,025600
Census Tract 257; Bronx County; New York,684,290,9,23,301,0,0,0,34,27,36,Bronx,025700
Census Tract 261; Bronx County; New York,1154,690,25,32,334,0,0,0,0,73,36,Bronx,026100
Census Tract 263; Bronx County; New York,2178,605,67,265,1241,0,0,0,0,0,36,Bronx,026300
Census Tract 264; Bronx County; New York,2165,1050,202,154,672,0,0,0,0,87,36,Bronx,026400
Census Tract 265; Bronx County; New York,2341,832,0,170,1233,0,0,0,94,12,36,Bronx,026500
Census Tract 266.01; Bronx County; New York,1359,606,133,156,402,0,0,0,38,24,36,Bronx,026601
Census Tract 266.02; Bronx County; New York,2459,1309,146,388,507,0,0,0,89,20,36,Bronx,026602
Census Tract 267.01; Bronx County; New York,1294,365,21,111,627,0,0,0,0,170,36,Bronx,026701
Census Tract 267.02; Bronx County; New York,2651,909,143,161,1421,0,0,0,17,0,36,Bronx,026702
Census Tract 269; Bronx County; New York,1905,952,42,196,467,0,0,114,60,74,36,Bronx,026900
Census Tract 273; Bronx County; New York,2954,1323,52,380,1139,0,0,0,0,60,36,Bronx,027300
Census Tract 274.01; Bronx County; New York,1783,1334,46,136,267,0,0,0,0,0,36,Bronx,027401
Census Tract 274.02; Bronx County; New York,1288,989,100,60,101,0,0,0,0,38,36,Bronx,027402
Census Tract 276; Bronx County; New York,18,3,0,7,0,0,0,0,0,8,36,Bronx,027600
Census Tract 277; Bronx County; New York,1789,836,0,254,660,0,0,0,39,0,36,Bronx,027700
Census Tract 279; Bronx County; New York,2978,1875,138,357,385,0,0,0,114,109,36,Bronx,027900
Census Tract 281; Bronx County; New York,1685,911,15,127,540,0,0,0,28,64,36,Bronx,028100
Census Tract 283; Bronx County; New York,1037,768,0,112,96,0,0,0,0,61,36,Bronx,028300
Census Tract 284; Bronx County; New York,0,0,0,0,0,0,0,0,0,0,36,Bronx,028400
Census Tract 285; Bronx County; New York,1781,1057,54,180,411,0,0,0,34,45,36,Bronx,028500
Census Tract 286; Bronx County; New York,500,284,43,0,173,0,0,0,0,0,36,Bronx,028600
Census Tract 287; Bronx County; New York,1247,822,37,114,209,0,0,0,18,47,36,Bronx,028700
Census Tract 288; Bronx County; New York,1026,679,0,141,206,0,0,0,0,0,36,Bronx,028800
Census Tract 289; Bronx County; New York,1942,704,56,468,421,0,0,0,150,143,36,Bronx,028900
Census Tract 293.01; Bronx County; New York,926,631,31,134,122,0,0,0,8,0,36,Bronx,029301
Census Tract 293.02; Bronx County; New York,2595,1458,28,586,497,0,0,0,0,26,36,Bronx,029302
Census Tract 295; Bronx County; New York,2098,1172,104,253,493,0,0,0,48,28,36,Bronx,029500
Census Tract 296; Bronx County; New York,1031,408,10,310,239,0,0,0,0,64,36,Bronx,029600
Census Tract 297; Bronx County; New York,1856,1177,72,199,327,0,0,0,9,72,36,Bronx,029700
Census Tract 300; Bronx County; New York,2494,1686,81,291,417,0,0,0,19,0,36,Bronx,030000
Census Tract 301; Bronx County; New York,659,374,16,144,125,0,0,0,0,0,36,Bronx,030100
Census Tract 302.01; Bronx County; New York,1656,804,0,608,73,0,0,0,37,134,36,Bronx,030201
Census Tract 302.02; Bronx County; New York,2634,960,0,899,166,0,0,0,16,593,36,Bronx,030202
Census Tract 307.01; Bronx County; New York,2413,1788,30,152,345,0,0,0,9,89,36,Bronx,030701
Census Tract 309; Bronx County; New York,1406,931,61,168,155,0,0,0,56,35,36,Bronx,030900
Census Tract 310; Bronx County; New York,1266,915,58,33,260,0,0,0,0,0,36,Bronx,031000
Census Tract 312; Bronx County; New York,560,442,0,41,77,0,0,0,0,0,36,Bronx,031200
Census Tract 314; Bronx County; New York,597,316,15,86,172,0,0,0,8,0,36,Bronx,031400
Census Tract 316; Bronx County; New York,716,500,25,44,107,0,0,0,3,37,36,Bronx,031600
Census Tract 318; Bronx County; New York,572,433,24,67,48,0,0,0,0,0,36,Bronx,031800
Census Tract 319; Bronx County; New York,4,0,0,0,4,0,0,0,0,0,36,Bronx,031900
Census Tract 323; Bronx County; New York,2725,1764,90,285,544,0,0,0,20,22,36,Bronx,032300
Census Tract 324; Bronx County; New York,1256,684,1,129,303,0,0,0,16,123,36,Bronx,032400
Census Tract 326; Bronx County; New York,1061,632,26,36,367,0,0,0,0,0,36,Bronx,032600
Census Tract 328; Bronx County; New York,1463,628,50,145,615,0,0,0,0,25,36,Bronx,032800
Census Tract 330; Bronx County; New York,2164,1180,37,235,618,0,0,0,7,87,36,Bronx,033000
Census Tract 332.01; Bronx County; New York,2311,807,42,204,1145,0,0,0,100,13,36,Bronx,033201
Census Tract 332.02; Bronx County; New York,1481,631,176,94,528,0,0,0,36,16,36,Bronx,033202
Census Tract 334; Bronx County; New York,4,0,0,4,0,0,0,0,0,0,36,Bronx,033400
Census Tract 335; Bronx County; New York,761,329,86,57,205,0,0,0,79,5,36,Bronx,033500
Census Tract 336.01; Bronx County; New York,2178,1247,11,313,455,0,0,0,12,140,36,Bronx,033601
Census Tract 336.02; Bronx County; New York,572,370,0,83,119,0,0,0,0,0,36,Bronx,033602
Census Tract 337; Bronx County; New York,1041,682,75,72,201,0,0,0,0,11,36,Bronx,033700
Census Tract 338.01; Bronx County; New York,893,265,0,356,272,0,0,0,0,0,36,Bronx,033801
Census Tract 338.02; Bronx County; New York,531,180,0,106,245,0,0,0,0,0,36,Bronx,033802
Census Tract 340; Bronx County; New York,1825,793,73,212,694,0,0,0,40,13,36,Bronx,034000
Census Tract 342; Bronx County; New York,637,360,35,20,222,0,0,0,0,0,36,Bronx,034200
Census Tract 343; Bronx County; New York,576,309,0,73,194,0,0,0,0,0,36,Bronx,034300
Census Tract 344; Bronx County; New York,621,432,0,44,145,0,0,0,0,0,36,Bronx,034400
Census Tract 345; Bronx County; New York,1608,1101,54,211,242,0,0,0,0,0,36,Bronx,034500
Census Tract 348; Bronx County; New York,2163,1210,0,19,787,0,0,0,0,147,36,Bronx,034800
Census Tract 350; Bronx County; New York,757,372,87,147,151,0,0,0,0,0,36,Bronx,035000
Census Tract 351; Bronx County; New York,1330,755,0,84,351,0,0,0,51,89,36,Bronx,035100
Census Tract 356; Bronx County; New York,676,447,24,111,94,0,0,0,0,0,36,Bronx,035600
Census Tract 358; Bronx County; New York,2700,1693,119,330,558,0,0,0,0,0,36,Bronx,035800
Census Tract 359; Bronx County; New York,1462,786,39,270,315,0,0,0,0,52,36,Bronx,035900
Census Tract 360; Bronx County; New York,973,600,43,60,256,0,0,14,0,0,36,Bronx,036000
Census Tract 361; Bronx County; New York,2065,1212,87,418,140,0,0,0,68,140,36,Bronx,036100
Census Tract 363; Bronx County; New York,2431,1240,81,471,545,0,0,0,0,94,36,Bronx,036300
Census Tract 364; Bronx County; New York,873,570,21,53,203,0,0,0,8,18,36,Bronx,036400
Census Tract 365.01; Bronx County; New York,1445,785,32,237,246,0,0,0,0,145,36,Bronx,036501
Census Tract 365.02; Bronx County; New York,761,403,10,131,207,0,0,0,10,0,36,Bronx,036502
Census Tract 367; Bronx County; New York,767,364,83,163,157,0,0,0,0,0,36,Bronx,036700
Census Tract 368; Bronx County; New York,637,273,5,68,285,6,0,0,0,0,36,Bronx,036800
Census Tract 369.01; Bronx County; New York,725,307,11,190,137,0,0,0,22,58,36,Bronx,036901
Census Tract 369.02; Bronx County; New York,849,493,26,191,93,0,0,0,27,19,36,Bronx,036902
Census Tract 370; Bronx County; New York,644,327,44,82,191,0,0,0,0,0,36,Bronx,037000
Census Tract 371; Bronx County; New York,1720,803,21,426,409,0,0,0,16,45,36,Bronx,037100
Census Tract 372; Bronx County; New York,849,400,41,148,236,0,0,0,0,24,36,Bronx,037200
Census Tract 373; Bronx County; New York,2255,790,93,516,670,0,0,0,61,125,36,Bronx,037300
Census Tract 374; Bronx County; New York,1530,719,43,165,540,0,0,0,8,55,36,Bronx,037400
Census Tract 375.04; Bronx County; New York,1457,691,100,305,248,0,0,0,51,62,36,Bronx,037504
Census Tract 376; Bronx County; New York,754,203,66,48,427,0,0,0,10,0,36,Bronx,037600
Census Tract 378; Bronx County; New York,1164,503,0,245,382,0,0,0,0,34,36,Bronx,037800
Census Tract 379; Bronx County; New York,2046,1135,74,400,339,0,0,0,21,77,36,Bronx,037900
Census Tract 380; Bronx County; New York,1975,970,99,512,340,0,0,0,22,32,36,Bronx,038000
Census Tract 381; Bronx County; New York,2614,993,12,307,1213,0,0,0,20,69,36,Bronx,038100
Census Tract 382; Bronx County; New York,960,568,31,67,274,0,0,20,0,0,36,Bronx,038200
Census Tract 383.01; Bronx County; New York,1550,596,28,89,727,0,0,0,18,92,36,Bronx,038301
Census Tract 383.03; Bronx County; New York,1169,472,71,270,302,0,0,0,0,54,36,Bronx,038303
Census Tract 383.04; Bronx County; New York,809,100,43,158,460,0,0,0,0,48,36,Bronx,038304
Census Tract 385; Bronx County; New York,1831,784,0,323,598,0,0,0,29,97,36,Bronx,038500
Census Tract 386; Bronx County; New York,2929,1581,40,482,741,0,0,0,58,27,36,Bronx,038600
Census Tract 387; Bronx County; New York,1479,478,18,130,749,0,0,0,32,72,36,Bronx,038700
Census Tract 388; Bronx County; New York,983,584,28,100,271,0,0,0,0,0,36,Bronx,038800
Census Tract 389; Bronx County; New York,1990,727,0,340,912,0,0,0,11,0,36,Bronx,038900
Census Tract 390; Bronx County; New York,1101,466,74,361,200,0,0,0,0,0,36,Bronx,039000
Census Tract 391; Bronx County; New York,2889,1386,69,63,1237,0,0,0,0,134,36,Bronx,039100
Census Tract 392; Bronx County; New York,637,354,9,74,200,0,0,0,0,0,36,Bronx,039200
Census Tract 393; Bronx County; New York,3082,1824,0,457,686,0,0,0,36,79,36,Bronx,039300
Census Tract 394; Bronx County; New York,1667,788,199,138,509,0,0,0,17,16,36,Bronx,039400
Census Tract 395; Bronx County; New York,1730,694,47,454,231,0,0,0,17,287,36,Bronx,039500
Census Tract 396; Bronx County; New York,1447,686,48,281,404,0,0,0,9,19,36,Bronx,039600
Census Tract 397; Bronx County; New York,468,176,16,48,228,0,0,0,0,0,36,Bronx,039700
Census Tract 398; Bronx County; New York,1235,738,10,93,381,13,0,0,0,0,36,Bronx,039800
Census Tract 399.01; Bronx County; New York,1682,531,11,107,924,0,0,0,18,91,36,Bronx,039901
Census Tract 399.02; Bronx County; New York,1670,620,31,158,796,0,0,0,7,58,36,Bronx,039902
Census Tract 401; Bronx County; New York,2142,891,83,264,862,0,0,0,9,33,36,Bronx,040100
Census Tract 403.02; Bronx County; New York,1582,738,0,111,663,0,0,0,29,41,36,Bronx,040302
Census Tract 403.03; Bronx County; New York,1415,643,28,121,590,0,0,0,11,22,36,Bronx,040303
Census Tract 403.04; Bronx County; New York,1313,515,0,231,554,0,0,0,0,13,36,Bronx,040304
Census Tract 404; Bronx County; New York,1104,755,20,41,268,0,0,0,0,20,36,Bronx,040400
Census Tract 405.01; Bronx County; New York,1370,236,46,149,855,0,0,0,0,84,36,Bronx,040501
Census Tract 405.02; Bronx County; New York,2502,1085,39,321,1002,0,0,0,21,34,36,Bronx,040502
Census Tract 406; Bronx County; New York,1366,654,53,222,428,0,0,0,9,0,36,Bronx,040600
Census Tract 407.01; Bronx County; New York,1229,366,6,267,563,20,0,0,7,0,36,Bronx,040701
Census Tract 407.02; Bronx County; New York,2875,1028,102,393,1270,0,0,0,0,82,36,Bronx,040702
Census Tract 408; Bronx County; New York,1557,728,59,213,490,67,0,0,0,0,36,Bronx,040800
Census Tract 409; Bronx County; New York,1438,846,54,158,354,0,0,0,9,17,36,Bronx,040900
Census Tract 411; Bronx County; New York,1518,933,18,232,335,0,0,0,0,0,36,Bronx,041100
Census Tract 413; Bronx County; New York,3059,1315,37,357,1299,0,0,0,17,34,36,Bronx,041300
Census Tract 414; Bronx County; New York,1840,765,68,383,376,0,0,70,178,0,36,Bronx,041400
Census Tract 415; Bronx County; New York,2391,986,30,259,1085,0,0,0,19,12,36,Bronx,041500
Census Tract 418; Bronx County; New York,1314,648,13,138,498,0,0,0,17,0,36,Bronx,041800
Census Tract 419; Bronx County; New York,2655,1169,20,345,991,0,0,0,61,69,36,Bronx,041900
Census Tract 420; Bronx County; New York,1638,632,0,233,467,0,0,0,0,306,36,Bronx,042000
Census Tract 421; Bronx County; New York,2161,888,27,280,865,0,0,0,85,16,36,Bronx,042100
Census Tract 422; Bronx County; New York,1272,653,24,155,282,0,0,0,0,158,36,Bronx,042200
Census Tract 423; Bronx County; New York,1366,419,46,104,616,0,0,0,0,181,36,Bronx,042300
Census Tract 424; Bronx County; New York,785,562,31,30,160,0,0,0,0,2,36,Bronx,042400
Census Tract 425; Bronx County; New York,2315,887,29,281,936,0,0,0,38,144,36,Bronx,042500
Census Tract 426; Bronx County; New York,2367,1970,84,151,162,0,0,0,0,0,36,Bronx,042600
Census Tract 428; Bronx County; New York,788,494,33,128,133,0,0,0,0,0,36,Bronx,042800
Census Tract 429.01; Bronx County; New York,1229,587,0,108,493,0,0,0,4,37,36,Bronx,042901
Census Tract 429.02; Bronx County; New York,1678,644,104,149,639,0,0,0,45,97,36,Bronx,042902
Census Tract 430; Bronx County; New York,1324,857,29,161,88,0,0,0,0,189,36,Bronx,043000
Census Tract 431.01; Bronx County; New York,1801,711,206,173,703,0,0,0,0,8,36,Bronx,043101
Census Tract 431.02; Bronx County; New York,1730,988,87,198,413,0,20,0,24,0,36,Bronx,043102
Census Tract 434; Bronx County; New York,1586,1158,27,160,154,0,0,0,17,70,36,Bronx,043400
Census Tract 435.01; Bronx County; New York,439,188,5,210,27,0,0,0,0,9,36,Bronx,043501
Census Tract 435.02; Bronx County; New York,0,0,0,0,0,0,0,0,0,0,36,Bronx,043502
Census Tract 435.03; Bronx County; New York,38,30,0,8,0,0,0,0,0,0,36,Bronx,043503
Census Tract 436; Bronx County; New York,740,461,47,28,177,0,0,0,27,0,36,Bronx,043600
Census Tract 442; Bronx County; New York,1315,711,82,229,236,0,0,0,44,13,36,Bronx,044200
Census Tract 444; Bronx County; New York,1392,678,190,64,424,0,0,0,0,36,36,Bronx,044400
Census Tract 448; Bronx County; New York,703,376,64,157,90,0,0,0,16,0,36,Bronx,044800
Census Tract 449.01; Bronx County; New York,869,476,19,57,265,0,0,0,8,44,36,Bronx,044901
Census Tract 449.02; Bronx County; New York,952,497,86,161,200,0,0,0,0,8,36,Bronx,044902
Census Tract 451.01; Bronx County; New York,979,356,50,111,420,0,0,0,22,20,36,Bronx,045101
Census Tract 451.02; Bronx County; New York,944,510,49,86,275,0,0,0,9,15,36,Bronx,045102
Census Tract 456; Bronx County; New York,1193,909,60,111,113,0,0,0,0,0,36,Bronx,045600
Census Tract 458; Bronx County; New York,2065,1324,13,215,242,0,0,0,59,212,36,Bronx,045800
Census Tract 460; Bronx County; New York,940,449,0,299,123,0,0,0,0,69,36,Bronx,046000
Census Tract 462.03; Bronx County; New York,3164,1228,0,1230,9,0,0,86,73,538,36,Bronx,046203
Census Tract 462.04; Bronx County; New York,2406,1082,42,545,243,0,0,0,56,438,36,Bronx,046204
Census Tract 462.05; Bronx County; New York,1880,1095,0,339,223,0,0,0,70,153,36,Bronx,046205
Census Tract 462.06; Bronx County; New York,2027,546,84,644,0,0,0,0,207,546,36,Bronx,046206
Census Tract 462.07; Bronx County; New York,2919,1307,0,1055,56,0,0,0,121,380,36,Bronx,046207
Census Tract 462.08; Bronx County; New York,1365,818,168,198,181,0,0,0,0,0,36,Bronx,046208
Census Tract 462.09; Bronx County; New York,1414,681,56,113,407,0,0,0,0,157,36,Bronx,046209
Census Tract 484.01; Bronx County; New York,1297,760,98,287,101,0,0,0,51,0,36,Bronx,048401
Census Tract 484.02; Bronx County; New York,0,0,0,0,0,0,0,0,0,0,36,Bronx,048402
Census Tract 504; Bronx County; New York,0,0,0,0,0,0,0,0,0,0,36,Bronx,050400
Census Tract 516.01; Bronx County; New York,2081,1416,44,60,537,0,0,0,0,24,36,Bronx,051601
Census Tract 516.02; Bronx County; New York,0,0,0,0,0,0,0,0,0,0,36,Bronx,051602
Census Tract 1; Kings County; New York,2660,1700,14,372,380,0,0,0,116,78,36,Kings,000100
Census Tract 2; Kings County; New York,358,281,35,7,9,0,0,0,19,7,36,Kings,000200
Census Tract 3.01; Kings County; New York,1976,1275,104,241,334,0,0,0,22,0,36,Kings,000301
Census Tract 5.01; Kings County; New York,1949,1461,90,139,212,0,0,0,4,43,36,Kings,000501
Census Tract 5.02; Kings County; New York,1469,846,43,176,331,0,0,0,14,59,36,Kings,000502
Census Tract 7; Kings County; New York,1785,1151,42,396,129,0,0,15,27,25,36,Kings,000700
Census Tract 9; Kings County; New York,2392,1377,48,544,218,0,0,0,0,205,36,Kings,000900
Census Tract 11; Kings County; New York,900,359,0,485,7,0,0,0,23,26,36,Kings,001100
Census Tract 13; Kings County; New York,1248,568,0,435,167,0,0,0,78,0,36,Kings,001300
Census Tract 15.01; Kings County; New York,2198,1063,41,899,74,0,0,0,0,121,36,Kings,001501
Census Tract 15.02; Kings County; New York,3038,758,0,2203,0,0,0,0,0,77,36,Kings,001502
Census Tract 18.01; Kings County; New York,0,0,0,0,0,0,0,0,0,0,36,Kings,001801
Census Tract 18.02; Kings County; New York,0,0,0,0,0,0,0,0,0,0,36,Kings,001802
Census Tract 18.03; Kings County; New York,0,0,0,0,0,0,0,0,0,0,36,Kings,001803
Census Tract 18.04; Kings County; New York,0,0,0,0,0,0,0,0,0,0,36,Kings,001804
Census Tract 20; Kings County; New York,411,387,0,10,14,0,0,0,0,0,36,Kings,002000
Census Tract 21; Kings County; New York,2601,906,28,1399,138,0,0,0,85,45,36,Kings,002100
Census Tract 22; Kings County; New York,1592,1381,35,62,59,0,0,0,34,21,36,Kings,002200
Census Tract 23; Kings County; New York,1504,1204,20,125,6,0,0,0,0,149,36,Kings,002300
Census Tract 29.01; Kings County; New York,1391,1120,1,88,113,0,0,0,0,69,36,Kings,002901
Census Tract 30; Kings County; New York,800,638,59,8,81,0,0,0,0,14,36,Kings,003000
Census Tract 31.01; Kings County; New York,1515,632,23,743,72,0,0,0,38,7,36,Kings,003101
Census Tract 31.02; Kings County; New York,0,0,0,0,0,0,0,0,0,0,36,Kings,003102
Census Tract 33; Kings County; New York,2490,853,63,1367,143,0,3,0,15,46,36,Kings,003300
Census Tract 34; Kings County; New York,1456,902,210,104,187,0,0,0,41,12,36,Kings,003400
Census Tract 35; Kings County; New York,1129,555,12,431,31,0,0,0,42,58,36,Kings,003500
Census Tract 36; Kings County; New York,1911,1039,18,231,405,0,19,0,22,177,36,Kings,003600
Census Tract 37; Kings County; New York,2570,885,8,1464,81,0,0,24,0,108,36,Kings,003700
Census Tract 38; Kings County; New York,589,465,27,30,49,0,0,0,18,0,36,Kings,003800
Census Tract 39; Kings County; New York,1163,721,12,286,45,0,0,0,49,50,36,Kings,003900
Census Tract 41; Kings County; New York,1360,897,86,186,53,0,0,8,86,44,36,Kings,004100
Census Tract 43; Kings County; New York,1950,1159,44,558,154,0,0,12,0,23,36,Kings,004300
Census Tract 44; Kings County; New York,934,840,0,48,46,0,0,0,0,0,36,Kings,004400
Census Tract 45; Kings County; New York,1625,1086,80,247,154,0,0,0,25,33,36,Kings,004500
Census Tract 46; Kings County; New York,520,326,8,46,140,0,0,0,0,0,36,Kings,004600
Census Tract 47; Kings County; New York,876,455,42,277,95,0,0,0,0,7,36,Kings,004700
Census Tract 49; Kings County; New York,1117,528,24,377,170,0,0,0,18,0,36,Kings,004900
Census Tract 50; Kings County; New York,1108,842,29,122,115,0,0,0,0,0,36,Kings,005000
Census Tract 51; Kings County; New York,1012,726,0,171,115,0,0,0,0,0,36,Kings,005100
Census Tract 52.01; Kings County; New York,967,664,50,54,127,0,0,0,45,27,36,Kings,005201
Census Tract 52.02; Kings County; New York,1524,1061,25,110,306,0,0,0,9,13,36,Kings,005202
Census Tract 53.01; Kings County; New York,896,685,25,128,34,0,0,0,22,2,36,Kings,005301
Census Tract 53.02; Kings County; New York,39,28,0,5,0,0,0,0,6,0,36,Kings,005302
Census Tract 53.03; Kings County; New York,11,11,0,0,0,0,0,0,0,0,36,Kings,005303
Census Tract 54; Kings County; New York,1750,1159,122,118,294,0,0,0,9,48,36,Kings,005400
Census Tract 56.01; Kings County; New York,1431,1162,8,66,170,0,0,0,11,14,36,Kings,005601
Census Tract 56.02; Kings County; New York,956,503,9,238,155,0,0,0,43,8,36,Kings,005602
Census Tract 58; Kings County; New York,1446,861,81,196,153,0,0,0,41,114,36,Kings,005800
Census Tract 59; Kings County; New York,628,468,21,114,12,0,0,0,0,13,36,Kings,005900
Census Tract 60; Kings County; New York,1049,627,67,88,201,10,0,0,18,38,36,Kings,006000
Census Tract 62; Kings County; New York,1055,670,34,17,205,0,0,0,50,79,36,Kings,006200
Census Tract 63; Kings County; New York,940,680,19,161,51,0,0,17,0,12,36,Kings,006300
Census Tract 64; Kings County; New York,1409,1017,36,120,177,0,0,0,29,30,36,Kings,006400
Census Tract 65; Kings County; New York,2520,1548,115,442,246,18,0,0,151,0,36,Kings,006500
Census Tract 66; Kings County; New York,1668,1148,35,120,297,0,0,0,24,44,36,Kings,006600
Census Tract 67; Kings County; New York,1516,1067,62,239,122,0,0,0,0,26,36,Kings,006700
Census Tract 68; Kings County; New York,1522,1139,28,74,182,0,0,0,16,83,36,Kings,006800
Census Tract 69.01; Kings County; New York,817,578,29,109,95,0,6,0,0,0,36,Kings,006901
Census Tract 69.02; Kings County; New York,839,611,20,188,15,0,0,0,0,5,36,Kings,006902
Census Tract 70; Kings County; New York,1192,878,0,44,79,0,0,0,73,118,36,Kings,007000
Census Tract 71; Kings County; New York,1672,973,28,89,262,0,0,0,107,213,36,Kings,007100
Census Tract 72; Kings County; New York,586,425,32,18,84,0,0,0,27,0,36,Kings,007200
Census Tract 74; Kings County; New York,1533,1374,69,36,23,0,0,10,0,21,36,Kings,007400
Census Tract 75; Kings County; New York,2164,1622,38,273,136,0,0,0,0,95,36,Kings,007500
Census Tract 76; Kings County; New York,1339,1083,69,174,13,0,0,0,0,0,36,Kings,007600
Census Tract 77; Kings County; New York,2820,1760,0,726,242,0,0,17,0,75,36,Kings,007700
Census Tract 78; Kings County; New York,1487,1143,104,112,71,0,0,0,46,11,36,Kings,007800
Census Tract 80; Kings County; New York,1403,1058,44,58,136,0,0,56,10,41,36,Kings,008000
Census Tract 82; Kings County; New York,1437,1083,69,95,148,0,0,0,42,0,36,Kings,008200
Census Tract 84; Kings County; New York,1117,653,42,152,270,0,0,0,0,0,36,Kings,008400
Census Tract 85; Kings County; New York,3083,1702,0,451,559,0,0,0,35,336,36,Kings,008500
Census Tract 86; Kings County; New York,0,0,0,0,0,0,0,0,0,0,36,Kings,008600
Census Tract 88; Kings County; New York,1198,692,168,179,118,0,0,0,41,0,36,Kings,008800
Census Tract 90.01; Kings County; New York,440,277,0,86,64,0,0,0,0,13,36,Kings,009001
Census Tract 90.02; Kings County; New York,439,370,8,28,33,0,0,0,0,0,36,Kings,009002
Census Tract 92.01; Kings County; New York,555,444,12,20,55,0,0,14,10,0,36,Kings,009201
Census Tract 92.02; Kings County; New York,1088,737,65,166,74,0,0,0,46,0,36,Kings,009202
Census Tract 94.01; Kings County; New York,531,498,9,7,9,0,0,0,8,0,36,Kings,009401
Census Tract 94.02; Kings County; New York,957,812,12,6,104,0,0,0,16,7,36,Kings,009402
Census Tract 96; Kings County; New York,1908,1516,45,97,151,0,0,28,0,71,36,Kings,009600
Census Tract 98; Kings County; New York,1863,1733,8,74,48,0,0,0,0,0,36,Kings,009800
Census Tract 100; Kings County; New York,1785,1586,40,16,119,0,0,0,0,24,36,Kings,010000
Census Tract 101; Kings County; New York,1596,1234,20,23,162,0,0,0,38,119,36,Kings,010100
Census Tract 102; Kings County; New York,1132,979,14,41,73,0,0,0,0,25,36,Kings,010200
Census Tract 104.01; Kings County; New York,614,523,6,18,32,0,0,0,28,7,36,Kings,010401
Census Tract 104.02; Kings County; New York,631,545,26,23,24,0,0,0,13,0,36,Kings,010402
Census Tract 106.01; Kings County; New York,587,537,0,36,0,0,0,0,0,14,36,Kings,010601
Census Tract 106.02; Kings County; New York,608,560,19,18,11,0,0,0,0,0,36,Kings,010602
Census Tract 108.01; Kings County; New York,570,491,35,16,22,0,0,0,0,6,36,Kings,010801
Census Tract 108.02; Kings County; New York,688,609,23,47,9,0,0,0,0,0,36,Kings,010802
Census Tract 110; Kings County; New York,617,490,28,14,78,0,0,0,0,7,36,Kings,011000
Census Tract 112; Kings County; New York,2010,1692,9,65,198,0,0,0,0,46,36,Kings,011200
Census Tract 114; Kings County; New York,889,719,56,73,41,0,0,0,0,0,36,Kings,011400
Census Tract 116; Kings County; New York,1102,1011,17,26,48,0,0,0,0,0,36,Kings,011600
Census Tract 117; Kings County; New York,1247,868,20,255,65,0,0,0,0,39,36,Kings,011700
Census Tract 118; Kings County; New York,656,555,10,29,11,0,38,0,0,13,36,Kings,011800
Census Tract 119.01; Kings County; New York,619,446,50,94,15,0,0,0,0,14,36,Kings,011901
Census Tract 119.02; Kings County; New York,0,0,0,0,0,0,0,0,0,0,36,Kings,011902
Census Tract 120; Kings County; New York,323,267,5,29,17,0,0,0,5,0,36,Kings,012000
Census Tract 121; Kings County; New York,897,584,30,241,16,0,0,0,10,16,36,Kings,012100
Census Tract 122; Kings County; New York,1546,1208,52,77,168,0,0,0,10,31,36,Kings,012200
Census Tract 126; Kings County; New York,843,624,66,80,63,0,0,0,5,5,36,Kings,012600
Census Tract 127; Kings County; New York,1755,1000,111,314,158,0,0,0,61,111,36,Kings,012700
Census Tract 128.01; Kings County; New York,773,561,131,22,33,0,0,0,6,20,36,Kings,012801
Census Tract 129.01; Kings County; New York,921,627,17,144,57,0,23,27,26,0,36,Kings,012901
Census Tract 129.02; Kings County; New York,1679,864,4,735,15,0,0,0,21,40,36,Kings,012902
Census Tract 130; Kings County; New York,1784,1269,55,81,267,0,0,0,17,95,36,Kings,013000
Census Tract 131; Kings County; New York,1774,1091,56,197,297,31,0,22,11,69,36,Kings,013100
Census Tract 132; Kings County; New York,730,612,24,48,46,0,0,0,0,0,36,Kings,013200
Census Tract 133; Kings County; New York,1784,1309,48,283,89,0,0,0,34,21,36,Kings,013300
Census Tract 134; Kings County; New York,1425,1060,48,120,157,0,0,0,25,15,36,Kings,013400
Census Tract 135; Kings County; New York,1550,976,31,349,157,0,0,0,9,28,36,Kings,013500
Census Tract 136; Kings County; New York,1496,1177,53,40,205,0,0,0,13,8,36,Kings,013600
Census Tract 137; Kings County; New York,1478,930,42,273,143,0,0,0,30,60,36,Kings,013700
Census Tract 138; Kings County; New York,1295,888,48,167,103,0,0,0,33,56,36,Kings,013800
Census Tract 139; Kings County; New York,1422,1100,29,130,127,0,0,0,12,24,36,Kings,013900
Census Tract 140; Kings County; New York,792,624,8,58,102,0,0,0,0,0,36,Kings,014000
Census Tract 141.01; Kings County; New York,519,410,10,61,30,0,0,0,0,8,36,Kings,014101
Census Tract 141.02; Kings County; New York,884,459,64,183,169,0,9,0,0,0,36,Kings,014102
Census Tract 142; Kings County; New York,1286,996,13,52,116,0,0,0,83,26,36,Kings,014200
Census Tract 143; Kings County; New York,1465,1020,97,268,40,0,0,0,31,9,36,Kings,014300
Census Tract 145; Kings County; New York,1926,1365,103,312,47,0,0,0,51,48,36,Kings,014500
Census Tract 147; Kings County; New York,845,605,33,163,23,0,0,0,11,10,36,Kings,014700
Census Tract 148; Kings County; New York,431,381,4,26,20,0,0,0,0,0,36,Kings,014800
Census Tract 149.01; Kings County; New York,641,482,3,96,35,0,0,0,13,12,36,Kings,014901
Census Tract 149.02; Kings County; New York,1883,1467,43,274,87,0,0,0,12,0,36,Kings,014902
Census Tract 150; Kings County; New York,535,490,8,0,29,0,0,0,8,0,36,Kings,015000
Census Tract 151; Kings County; New York,1768,1276,17,223,203,0,14,16,0,19,36,Kings,015100
Census Tract 152; Kings County; New York,942,768,15,100,54,0,0,0,5,0,36,Kings,015200
Census Tract 153; Kings County; New York,1142,940,0,114,88,0,0,0,0,0,36,Kings,015300
Census Tract 154; Kings County; New York,0,0,0,0,0,0,0,0,0,0,36,Kings,015400
Census Tract 155; Kings County; New York,1463,1178,44,69,159,0,0,0,0,13,36,Kings,015500
Census Tract 157; Kings County; New York,2149,1392,46,197,444,0,0,0,52,18,36,Kings,015700
Census Tract 159; Kings County; New York,2555,1794,33,388,201,0,0,99,29,11,36,Kings,015900
Census Tract 160; Kings County; New York,1791,1294,78,102,247,0,12,0,0,58,36,Kings,016000
Census Tract 161; Kings County; New York,1555,1081,52,255,146,0,0,0,0,21,36,Kings,016100
Census Tract 162; Kings County; New York,1128,651,0,352,67,0,0,0,36,22,36,Kings,016200
Census Tract 163; Kings County; New York,1866,1169,135,406,29,0,9,0,64,54,36,Kings,016300
Census Tract 164; Kings County; New York,156,61,0,78,0,0,0,0,5,12,36,Kings,016400
Census Tract 165; Kings County; New York,2394,1820,0,154,234,0,0,0,149,37,36,Kings,016500
Census Tract 166; Kings County; New York,680,593,10,45,27,0,0,0,0,5,36,Kings,016600
Census Tract 167; Kings County; New York,2232,1709,66,160,247,0,0,0,0,50,36,Kings,016700
Census Tract 168; Kings County; New York,794,626,22,14,86,0,0,0,0,46,36,Kings,016800
Census Tract 169; Kings County; New York,1983,1396,30,207,318,0,0,0,0,32,36,Kings,016900
Census Tract 170; Kings County; New York,1136,862,78,166,30,0,0,0,0,0,36,Kings,017000
Census Tract 171; Kings County; New York,1649,1325,26,65,89,0,6,0,54,84,36,Kings,017100
Census Tract 172; Kings County; New York,929,824,14,20,60,0,0,0,0,11,36,Kings,017200
Census Tract 174; Kings County; New York,712,643,18,18,12,0,0,0,7,14,36,Kings,017400
Census Tract 175; Kings County; New York,0,0,0,0,0,0,0,0,0,0,36,Kings,017500
Census Tract 176; Kings County; New York,846,651,39,25,106,0,0,0,4,21,36,Kings,017600
Census Tract 177; Kings County; New York,0,0,0,0,0,0,0,0,0,0,36,Kings,017700
Census Tract 178; Kings County; New York,851,692,5,45,96,0,0,0,0,13,36,Kings,017800
Census Tract 179; Kings County; New York,1445,1078,41,254,28,0,0,0,10,34,36,Kings,017900
Census Tract 180; Kings County; New York,1018,714,96,38,44,0,0,0,116,10,36,Kings,018000
Census Tract 181; Kings County; New York,2094,1437,79,338,132,0,0,0,44,64,36,Kings,018100
Census Tract 182; Kings County; New York,1118,893,90,100,9,0,0,15,11,0,36,Kings,018200
Census Tract 183; Kings County; New York,1390,983,45,232,85,0,0,0,27,18,36,Kings,018300
Census Tract 184; Kings County; New York,783,651,61,24,47,0,0,0,0,0,36,Kings,018400
Census Tract 185.01; Kings County; New York,1786,1199,31,324,150,0,0,0,31,51,36,Kings,018501
Census Tract 186; Kings County; New York,655,576,24,28,27,0,0,0,0,0,36,Kings,018600
Census Tract 187; Kings County; New York,550,312,4,96,132,0,0,0,6,0,36,Kings,018700
Census Tract 188; Kings County; New York,1149,938,131,80,0,0,0,0,0,0,36,Kings,018800
Census Tract 190; Kings County; New York,1512,1267,110,23,39,0,0,0,11,62,36,Kings,019000
Census Tract 191; Kings County; New York,1187,674,75,353,21,0,0,0,19,45,36,Kings,019100
Census Tract 192; Kings County; New York,751,612,40,33,66,0,0,0,0,0,36,Kings,019200
Census Tract 193; Kings County; New York,2476,1176,300,752,188,0,0,0,43,17,36,Kings,019300
Census Tract 194; Kings County; New York,1119,742,0,55,322,0,0,0,0,0,36,Kings,019400
Census Tract 195; Kings County; New York,1710,1159,50,297,80,0,0,0,103,21,36,Kings,019500
Census Tract 196; Kings County; New York,1553,1281,142,38,92,0,0,0,0,0,36,Kings,019600
Census Tract 197; Kings County; New York,1864,1221,58,155,354,0,0,0,56,20,36,Kings,019700
Census Tract 198; Kings County; New York,671,579,57,17,18,0,0,0,0,0,36,Kings,019800
Census Tract 199; Kings County; New York,2128,1279,0,467,162,0,0,0,46,174,36,Kings,019900
Census Tract 200; Kings County; New York,683,490,68,67,38,0,0,0,10,10,36,Kings,020000
Census Tract 201; Kings County; New York,1957,1266,78,413,143,0,0,0,57,0,36,Kings,020100
Census Tract 202; Kings County; New York,617,521,25,32,39,0,0,0,0,0,36,Kings,020200
Census Tract 203; Kings County; New York,869,467,4,370,22,0,0,2,0,4,36,Kings,020300
Census Tract 204; Kings County; New York,672,590,19,19,23,0,0,0,14,7,36,Kings,020400
Census Tract 205; Kings County; New York,1549,1006,19,307,132,0,0,53,18,14,36,Kings,020500
Census Tract 206; Kings County; New York,782,707,45,8,22,0,0,0,0,0,36,Kings,020600
Census Tract 207; Kings County; New York,2349,1753,16,218,310,0,0,0,52,0,36,Kings,020700
Census Tract 208; Kings County; New York,1115,746,0,50,51,0,0,0,0,268,36,Kings,020800
Census Tract 210; Kings County; New York,1155,852,66,86,79,0,0,0,0,72,36,Kings,021000
Census Tract 211; Kings County; New York,1101,584,7,310,47,0,0,0,78,75,36,Kings,021100
Census Tract 212; Kings County; New York,1205,918,168,64,55,0,0,0,0,0,36,Kings,021200
Census Tract 213; Kings County; New York,2026,1258,221,128,355,0,0,0,22,42,36,Kings,021300
Census Tract 214; Kings County; New York,533,487,0,34,0,0,0,0,0,12,36,Kings,021400
Census Tract 215; Kings County; New York,2738,1633,66,484,416,0,0,0,92,47,36,Kings,021500
Census Tract 216; Kings County; New York,958,911,12,10,25,0,0,0,0,0,36,Kings,021600
Census Tract 217; Kings County; New York,1862,1152,0,387,170,0,0,0,88,65,36,Kings,021700
Census Tract 218; Kings County; New York,827,718,15,9,85,0,0,0,0,0,36,Kings,021800
Census Tract 219; Kings County; New York,1822,1227,38,359,114,0,0,0,44,40,36,Kings,021900
Census Tract 220; Kings County; New York,1247,1055,22,60,28,0,15,0,11,56,36,Kings,022000
Census Tract 221; Kings County; New York,1582,1043,30,328,77,0,0,0,57,47,36,Kings,022100
Census Tract 222; Kings County; New York,1071,961,11,50,49,0,0,0,0,0,36,Kings,022200
Census Tract 224; Kings County; New York,1296,1134,43,67,27,0,0,0,0,25,36,Kings,022400
Census Tract 226; Kings County; New York,558,478,7,24,49,0,0,0,0,0,36,Kings,022600
Census Tract 227; Kings County; New York,1994,1275,9,588,68,0,0,0,9,45,36,Kings,022700
Census Tract 228; Kings County; New York,860,616,47,139,33,0,0,0,0,25,36,Kings,022800
Census Tract 229; Kings County; New York,1623,902,24,507,98,0,0,54,15,23,36,Kings,022900
Census Tract 230; Kings County; New York,1062,957,16,28,61,0,0,0,0,0,36,Kings,023000
Census Tract 231; Kings County; New York,1726,942,238,384,68,0,0,0,84,10,36,Kings,023100
Census Tract 232; Kings County; New York,1325,1084,48,25,92,0,34,0,42,0,36,Kings,023200
Census Tract 233; Kings County; New York,2235,1592,0,407,150,0,0,0,24,62,36,Kings,023300
Census Tract 234; Kings County; New York,1401,1231,43,61,66,0,0,0,0,0,36,Kings,023400
Census Tract 235; Kings County; New York,1482,971,0,379,98,0,0,0,10,24,36,Kings,023500
Census Tract 236; Kings County; New York,1432,1218,12,80,83,0,0,0,8,31,36,Kings,023600
Census Tract 238; Kings County; New York,1185,941,12,33,187,0,0,0,0,12,36,Kings,023800
Census Tract 240; Kings County; New York,1486,1288,29,102,54,0,0,0,0,13,36,Kings,024000
Census Tract 241; Kings County; New York,1118,639,60,344,75,0,0,0,0,0,36,Kings,024100
Census Tract 242; Kings County; New York,727,618,20,29,44,0,0,0,0,16,36,Kings,024200
Census Tract 243; Kings County; New York,1935,1253,33,444,53,0,0,53,46,53,36,Kings,024300
Census Tract 244; Kings County; New York,970,793,67,76,29,0,0,0,0,5,36,Kings,024400
Census Tract 245; Kings County; New York,2009,1418,90,306,152,0,0,0,0,43,36,Kings,024500
Census Tract 246; Kings County; New York,891,752,45,43,25,0,0,0,0,26,36,Kings,024600
Census Tract 247; Kings County; New York,1295,818,20,399,58,0,0,0,0,0,36,Kings,024700
Census Tract 248; Kings County; New York,788,676,68,32,0,0,0,0,0,12,36,Kings,024800
Census Tract 249; Kings County; New York,1883,1389,23,257,158,0,15,0,12,29,36,Kings,024900
Census Tract 250; Kings County; New York,513,299,53,120,41,0,0,0,0,0,36,Kings,025000
Census Tract 251; Kings County; New York,1778,1054,50,464,44,0,0,0,102,64,36,Kings,025100
Census Tract 252; Kings County; New York,1749,1339,80,116,170,0,0,0,18,26,36,Kings,025200
Census Tract 253; Kings County; New York,1371,815,45,386,48,0,0,0,7,70,36,Kings,025300
Census Tract 254; Kings County; New York,1141,1064,11,42,1,0,0,0,10,13,36,Kings,025400
Census Tract 255; Kings County; New York,2150,1302,19,406,136,0,0,0,64,223,36,Kings,025500
Census Tract 256; Kings County; New York,1170,985,55,63,67,0,0,0,0,0,36,Kings,025600
Census Tract 257; Kings County; New York,946,467,43,392,0,0,0,0,0,44,36,Kings,025700
Census Tract 258; Kings County; New York,1461,1073,31,42,84,0,11,0,51,169,36,Kings,025800
Census Tract 259.01; Kings County; New York,819,519,0,194,36,0,0,0,38,32,36,Kings,025901
Census Tract 259.02; Kings County; New York,1488,1096,0,128,172,0,0,0,0,92,36,Kings,025902
Census Tract 260; Kings County; New York,1051,870,78,39,64,0,0,0,0,0,36,Kings,026000
Census Tract 261; Kings County; New York,2236,1126,141,745,118,0,0,0,18,88,36,Kings,026100
Census Tract 262; Kings County; New York,780,644,21,32,74,0,0,0,0,9,36,Kings,026200
Census Tract 263; Kings County; New York,980,739,43,145,44,0,0,0,0,9,36,Kings,026300
Census Tract 264; Kings County; New York,1617,1395,109,21,34,0,0,0,36,22,36,Kings,026400
Census Tract 265; Kings County; New York,1881,1257,56,284,205,0,0,55,0,24,36,Kings,026500
Census Tract 266; Kings County; New York,1091,829,113,33,67,0,0,0,17,32,36,Kings,026600
Census Tract 267; Kings County; New York,1892,1201,11,381,242,0,0,17,15,25,36,Kings,026700
Census Tract 268; Kings County; New York,1497,1067,51,106,204,0,0,0,36,33,36,Kings,026800
Census Tract 269; Kings County; New York,1244,799,34,91,210,0,0,0,54,56,36,Kings,026900
Census Tract 270; Kings County; New York,881,701,26,0,127,0,0,0,0,27,36,Kings,027000
Census Tract 271; Kings County; New York,1510,787,32,602,54,0,0,0,0,35,36,Kings,027100
Census Tract 272; Kings County; New York,1408,1092,14,119,101,0,0,0,0,82,36,Kings,027200
Census Tract 273; Kings County; New York,1459,1046,3,239,122,0,0,0,17,32,36,Kings,027300
Census Tract 274; Kings County; New York,921,819,9,10,13,0,0,0,0,70,36,Kings,027400
Census Tract 275; Kings County; New York,1848,1170,101,202,285,0,0,14,25,51,36,Kings,027500
Census Tract 276; Kings County; New York,1323,956,83,54,139,0,0,0,91,0,36,Kings,027600
Census Tract 277; Kings County; New York,1623,1276,39,193,71,0,0,0,13,31,36,Kings,027700
Census Tract 278; Kings County; New York,1126,777,54,101,161,0,0,0,0,33,36,Kings,027800
Census Tract 279; Kings County; New York,1687,1163,16,313,121,0,0,0,38,36,36,Kings,027900
Census Tract 280; Kings County; New York,609,563,27,14,5,0,0,0,0,0,36,Kings,028000
Census Tract 281; Kings County; New York,1814,1134,11,460,112,0,0,0,0,97,36,Kings,028100
Census Tract 282; Kings County; New York,1231,1058,23,34,39,0,0,0,77,0,36,Kings,028200
Census Tract 283; Kings County; New York,1589,947,72,325,101,0,0,0,79,65,36,Kings,028300
Census Tract 284; Kings County; New York,1441,989,135,46,236,0,0,0,33,2,36,Kings,028400
Census Tract 285.01; Kings County; New York,236,142,17,43,9,0,0,0,0,25,36,Kings,028501
Census Tract 285.02; Kings County; New York,1128,650,25,91,83,0,0,0,95,184,36,Kings,028502
Census Tract 286; Kings County; New York,1779,1361,88,67,121,0,0,0,45,97,36,Kings,028600
Census Tract 287; Kings County; New York,1281,892,0,231,141,0,0,0,0,17,36,Kings,028700
Census Tract 288; Kings County; New York,1192,946,27,25,162,0,0,0,32,0,36,Kings,028800
Census Tract 289; Kings County; New York,1645,1226,27,214,114,0,0,0,8,56,36,Kings,028900
Census Tract 290; Kings County; New York,1486,1232,74,84,70,0,0,0,26,0,36,Kings,029000
Census Tract 291; Kings County; New York,1374,1144,0,91,110,0,0,0,15,14,36,Kings,029100
Census Tract 292; Kings County; New York,1020,800,23,15,100,0,0,0,43,39,36,Kings,029200
Census Tract 293; Kings County; New York,1436,1107,11,157,77,0,0,0,0,84,36,Kings,029300
Census Tract 294; Kings County; New York,630,562,25,20,0,0,0,0,23,0,36,Kings,029400
Census Tract 295; Kings County; New York,1905,1341,60,195,244,0,0,0,19,46,36,Kings,029500
Census Tract 296; Kings County; New York,2047,1471,86,197,168,0,0,0,0,125,36,Kings,029600
Census Tract 297; Kings County; New York,1757,1379,31,201,100,0,0,0,0,46,36,Kings,029700
Census Tract 298; Kings County; New York,1112,908,82,83,39,0,0,0,0,0,36,Kings,029800
Census Tract 299; Kings County; New York,944,733,0,166,36,0,0,0,0,9,36,Kings,029900
Census Tract 300; Kings County; New York,1306,1011,72,98,54,0,0,0,71,0,36,Kings,030000
Census Tract 301; Kings County; New York,1096,999,35,41,0,0,12,0,0,9,36,Kings,030100
Census Tract 302; Kings County; New York,1354,1123,60,103,57,0,0,0,0,11,36,Kings,030200
Census Tract 303; Kings County; New York,2163,1357,56,625,42,0,0,0,23,60,36,Kings,030300
Census Tract 304; Kings County; New York,1490,1231,47,66,100,0,0,0,0,46,36,Kings,030400
Census Tract 305; Kings County; New York,3201,2105,38,703,274,0,0,0,38,43,36,Kings,030500
Census Tract 306; Kings County; New York,666,572,43,27,6,0,0,0,5,13,36,Kings,030600
Census Tract 307; Kings County; New York,3120,2024,87,522,178,0,0,0,115,194,36,Kings,030700
Census Tract 308; Kings County; New York,664,414,142,64,34,0,0,0,10,0,36,Kings,030800
Census Tract 309; Kings County; New York,952,668,45,161,31,0,0,27,12,8,36,Kings,030900
Census Tract 311; Kings County; New York,1269,909,43,185,111,0,0,0,21,0,36,Kings,031100
Census Tract 313; Kings County; New York,2227,1593,25,116,493,0,0,0,0,0,36,Kings,031300
Census Tract 314.01; Kings County; New York,1859,1628,9,35,117,0,0,0,7,63,36,Kings,031401
Census Tract 314.02; Kings County; New York,0,0,0,0,0,0,0,0,0,0,36,Kings,031402
Census Tract 315; Kings County; New York,2444,1745,59,473,102,0,0,0,47,18,36,Kings,031500
Census Tract 317.01; Kings County; New York,1654,1055,46,283,210,0,0,9,0,51,36,Kings,031701
Census Tract 317.02; Kings County; New York,1635,1156,0,434,45,0,0,0,0,0,36,Kings,031702
Census Tract 319; Kings County; New York,1259,852,11,270,110,0,0,0,16,0,36,Kings,031900
Census Tract 321; Kings County; New York,2345,1617,28,220,338,0,0,0,111,31,36,Kings,032100
Census Tract 323; Kings County; New York,1598,1025,71,176,228,0,0,0,29,69,36,Kings,032300
Census Tract 325; Kings County; New York,2607,2069,0,170,219,0,0,37,75,37,36,Kings,032500
Census Tract 326; Kings County; New York,2975,2400,255,152,19,0,0,0,22,127,36,Kings,032600
Census Tract 327; Kings County; New York,1393,876,26,125,174,0,0,0,95,97,36,Kings,032700
Census Tract 328; Kings County; New York,1131,952,14,165,0,0,0,0,0,0,36,Kings,032800
Census Tract 329; Kings County; New York,2114,1524,81,213,217,0,0,0,29,50,36,Kings,032900
Census Tract 330; Kings County; New York,1867,1338,16,215,84,0,0,0,104,110,36,Kings,033000
Census Tract 331; Kings County; New York,1735,1331,29,150,113,0,0,0,65,47,36,Kings,033100
Census Tract 333; Kings County; New York,1365,918,41,127,124,0,0,0,70,85,36,Kings,033300
Census Tract 335; Kings County; New York,896,772,27,76,21,0,0,0,0,0,36,Kings,033500
Census Tract 336; Kings County; New York,1647,1453,0,87,99,0,0,0,0,8,36,Kings,033600
Census Tract 337.01; Kings County; New York,914,651,43,0,94,0,0,0,113,13,36,Kings,033701
Census Tract 337.02; Kings County; New York,521,365,11,105,36,0,0,0,4,0,36,Kings,033702
Census Tract 339; Kings County; New York,2089,1260,29,552,219,0,0,0,0,29,36,Kings,033900
Census Tract 340; Kings County; New York,636,465,16,58,21,0,0,0,0,76,36,Kings,034000
Census Tract 341; Kings County; New York,1194,781,145,131,77,0,0,0,26,34,36,Kings,034100
Census Tract 342; Kings County; New York,2911,1991,1,322,93,0,0,0,73,431,36,Kings,034200
Census Tract 343; Kings County; New York,1892,1298,110,157,198,0,0,0,40,89,36,Kings,034300
Census Tract 345; Kings County; New York,1072,851,0,106,115,0,0,0,0,0,36,Kings,034500
Census Tract 347; Kings County; New York,1831,1194,31,439,113,0,0,0,14,40,36,Kings,034700
Census Tract 348; Kings County; New York,910,701,17,182,10,0,0,0,0,0,36,Kings,034800
Census Tract 349.01; Kings County; New York,803,412,16,79,267,0,0,0,0,29,36,Kings,034901
Census Tract 349.02; Kings County; New York,1589,1090,0,187,260,0,0,0,0,52,36,Kings,034902
Census Tract 350; Kings County; New York,1594,1071,43,25,247,0,0,0,0,208,36,Kings,035000
Census Tract 351.01; Kings County; New York,756,470,25,104,132,0,0,0,8,17,36,Kings,035101
Census Tract 351.02; Kings County; New York,1074,870,0,82,115,0,0,0,7,0,36,Kings,035102
Census Tract 352; Kings County; New York,712,470,9,80,60,0,0,0,64,29,36,Kings,035200
Census Tract 353.01; Kings County; New York,1208,716,203,98,133,0,0,0,27,31,36,Kings,035301
Census Tract 353.02; Kings County; New York,992,745,25,111,79,0,0,0,13,19,36,Kings,035302
Census Tract 354; Kings County; New York,2845,2319,81,236,87,0,0,0,44,78,36,Kings,035400
Census Tract 355; Kings County; New York,2080,1241,35,174,570,0,0,0,60,0,36,Kings,035500
Census Tract 356.01; Kings County; New York,1468,1112,0,203,55,0,0,0,59,39,36,Kings,035601
Census Tract 356.02; Kings County; New York,3074,2224,82,326,228,0,0,0,84,130,36,Kings,035602
Census Tract 357.01; Kings County; New York,1077,738,26,91,162,0,0,0,21,39,36,Kings,035701
Census Tract 357.02; Kings County; New York,0,0,0,0,0,0,0,0,0,0,36,Kings,035702
Census Tract 359; Kings County; New York,2382,1920,156,174,82,0,0,0,23,27,36,Kings,035900
Census Tract 360.01; Kings County; New York,1760,1453,19,82,144,0,0,0,10,52,36,Kings,036001
Census Tract 360.02; Kings County; New York,2179,1626,0,115,249,0,0,0,0,189,36,Kings,036002
Census Tract 361; Kings County; New York,1311,792,48,140,195,0,0,0,72,64,36,Kings,036100
Census Tract 362; Kings County; New York,1409,1284,9,66,14,0,0,0,0,36,36,Kings,036200
Census Tract 363; Kings County; New York,1954,1560,134,175,53,0,0,0,0,32,36,Kings,036300
Census Tract 364; Kings County; New York,946,844,0,45,44,0,0,0,9,4,36,Kings,036400
Census Tract 365.01; Kings County; New York,1328,1061,0,133,114,0,0,11,9,0,36,Kings,036501
Census Tract 365.02; Kings County; New York,603,538,0,54,0,0,0,0,0,11,36,Kings,036502
Census Tract 366; Kings County; New York,1359,1123,45,46,85,0,0,0,18,42,36,Kings,036600
Census Tract 367; Kings County; New York,699,542,0,89,55,0,0,0,9,4,36,Kings,036700
Census Tract 369; Kings County; New York,2504,1869,152,197,242,0,0,0,0,44,36,Kings,036900
Census Tract 370; Kings County; New York,1460,1264,47,36,74,0,0,0,31,8,36,Kings,037000
Census Tract 371; Kings County; New York,1699,1478,54,93,0,0,0,0,32,42,36,Kings,037100
Census Tract 373; Kings County; New York,1983,1630,19,121,120,0,0,0,0,93,36,Kings,037300
Census Tract 374.01; Kings County; New York,1809,1661,0,73,31,0,0,0,14,30,36,Kings,037401
Census Tract 374.02; Kings County; New York,2186,1713,16,157,221,0,0,0,15,64,36,Kings,037402
Census Tract 375; Kings County; New York,1508,966,32,351,121,0,0,0,22,16,36,Kings,037500
Census Tract 377; Kings County; New York,1819,1371,0,291,142,0,0,0,0,15,36,Kings,037700
Census Tract 379; Kings County; New York,1712,1472,24,145,71,0,0,0,0,0,36,Kings,037900
Census Tract 381; Kings County; New York,2493,2039,156,260,17,0,0,0,14,7,36,Kings,038100
Census Tract 382; Kings County; New York,1931,1431,58,206,15,0,0,0,109,112,36,Kings,038200
Census Tract 383; Kings County; New York,2196,1719,33,247,90,0,0,0,50,57,36,Kings,038300
Census Tract 385; Kings County; New York,1560,996,29,203,311,0,0,0,0,21,36,Kings,038500
Census Tract 386; Kings County; New York,1019,897,8,23,91,0,0,0,0,0,36,Kings,038600
Census Tract 387; Kings County; New York,1981,1374,0,500,107,0,0,0,0,0,36,Kings,038700
Census Tract 388; Kings County; New York,1581,1120,60,199,96,0,0,0,99,7,36,Kings,038800
Census Tract 389; Kings County; New York,1430,588,139,558,145,0,0,0,0,0,36,Kings,038900
Census Tract 390; Kings County; New York,786,683,28,56,14,0,0,0,0,5,36,Kings,039000
Census Tract 391; Kings County; New York,2457,894,77,1106,225,0,0,0,21,134,36,Kings,039100
Census Tract 392; Kings County; New York,1182,1017,38,0,87,0,0,0,4,36,36,Kings,039200
Census Tract 393; Kings County; New York,1562,1137,50,336,25,0,0,0,0,14,36,Kings,039300
Census Tract 394; Kings County; New York,706,546,27,35,42,0,0,0,14,42,36,Kings,039400
Census Tract 395; Kings County; New York,1887,1406,0,348,118,0,0,0,6,9,36,Kings,039500
Census Tract 396; Kings County; New York,662,500,7,58,49,0,0,0,0,48,36,Kings,039600
Census Tract 397; Kings County; New York,1461,1032,171,188,43,0,0,0,0,27,36,Kings,039700
Census Tract 398; Kings County; New York,862,671,36,130,13,0,0,0,0,12,36,Kings,039800
Census Tract 399; Kings County; New York,1722,1205,141,128,160,0,0,0,0,88,36,Kings,039900
Census Tract 400; Kings County; New York,783,628,36,39,42,0,0,27,0,11,36,Kings,040000
Census Tract 401; Kings County; New York,1322,979,46,278,19,0,0,0,0,0,36,Kings,040100
Census Tract 402; Kings County; New York,825,725,36,53,0,0,0,6,0,5,36,Kings,040200
Census Tract 403; Kings County; New York,1435,1150,1,203,65,0,0,0,16,0,36,Kings,040300
Census Tract 404; Kings County; New York,848,663,58,66,47,4,0,0,5,5,36,Kings,040400
Census Tract 405; Kings County; New York,651,425,40,131,29,0,0,14,0,12,36,Kings,040500
Census Tract 406; Kings County; New York,1074,854,91,92,37,0,0,0,0,0,36,Kings,040600
Census Tract 407; Kings County; New York,0,0,0,0,0,0,0,0,0,0,36,Kings,040700
Census Tract 408; Kings County; New York,1114,919,80,61,54,0,0,0,0,0,36,Kings,040800
Census Tract 409; Kings County; New York,1359,1013,46,83,147,0,0,0,0,70,36,Kings,040900
Census Tract 410; Kings County; New York,627,454,65,6,80,0,0,0,0,22,36,Kings,041000
Census Tract 411; Kings County; New York,1050,856,13,156,0,0,0,11,0,14,36,Kings,041100
Census Tract 412; Kings County; New York,958,773,15,40,93,0,0,0,9,28,36,Kings,041200
Census Tract 413; Kings County; New York,1389,1025,17,207,20,0,0,0,0,120,36,Kings,041300
Census Tract 414.01; Kings County; New York,450,358,5,39,41,0,0,0,7,0,36,Kings,041401
Census Tract 414.02; Kings County; New York,740,539,16,56,113,0,0,0,0,16,36,Kings,041402
Census Tract 415; Kings County; New York,1638,1270,54,291,23,0,0,0,0,0,36,Kings,041500
Census Tract 416; Kings County; New York,720,570,5,44,96,5,0,0,0,0,36,Kings,041600
Census Tract 417; Kings County; New York,1376,828,18,283,51,0,0,0,0,196,36,Kings,041700
Census Tract 418; Kings County; New York,862,732,5,5,48,0,0,0,20,52,36,Kings,041800
Census Tract 419; Kings County; New York,1229,771,0,334,34,0,0,0,39,51,36,Kings,041900
Census Tract 420; Kings County; New York,457,416,9,0,32,0,0,0,0,0,36,Kings,042000
Census Tract 421; Kings County; New York,1788,1221,35,513,19,0,0,0,0,0,36,Kings,042100
Census Tract 422; Kings County; New York,1020,775,0,116,76,0,0,0,10,43,36,Kings,042200
Census Tract 423; Kings County; New York,1511,873,85,452,14,0,0,0,0,87,36,Kings,042300
Census Tract 424; Kings County; New York,1266,1033,58,81,38,0,0,0,25,31,36,Kings,042400
Census Tract 425; Kings County; New York,1074,484,14,396,127,0,0,0,0,53,36,Kings,042500
Census Tract 426; Kings County; New York,1512,1207,32,53,180,0,0,0,40,0,36,Kings,042600
Census Tract 427; Kings County; New York,1817,1188,17,489,77,0,0,0,14,32,36,Kings,042700
Census Tract 428; Kings County; New York,1376,1116,18,20,187,0,0,0,28,7,36,Kings,042800
Census Tract 429; Kings County; New York,1966,1655,0,269,0,0,0,0,42,0,36,Kings,042900
Census Tract 430; Kings County; New York,1387,925,26,140,185,0,0,0,9,102,36,Kings,043000
Census Tract 431; Kings County; New York,1747,1190,65,382,110,0,0,0,0,0,36,Kings,043100
Census Tract 432; Kings County; New York,1422,1057,6,76,254,0,0,0,9,20,36,Kings,043200
Census Tract 433; Kings County; New York,1299,888,0,336,36,0,0,0,7,32,36,Kings,043300
Census Tract 434; Kings County; New York,1278,975,13,74,173,0,0,0,6,37,36,Kings,043400
Census Tract 435; Kings County; New York,1764,1232,40,338,154,0,0,0,0,0,36,Kings,043500
Census Tract 436; Kings County; New York,1863,1295,102,251,206,0,0,0,8,1,36,Kings,043600
Census Tract 437; Kings County; New York,1983,1315,244,320,104,0,0,0,0,0,36,Kings,043700
Census Tract 438; Kings County; New York,864,476,21,124,170,0,0,0,11,62,36,Kings,043800
Census Tract 439; Kings County; New York,1083,766,18,190,49,0,0,0,14,46,36,Kings,043900
Census Tract 440; Kings County; New York,809,600,103,13,74,0,0,0,19,0,36,Kings,044000
Census Tract 441; Kings County; New York,1894,1301,41,401,116,0,0,0,8,27,36,Kings,044100
Census Tract 442; Kings County; New York,852,676,0,18,107,0,0,0,23,28,36,Kings,044200
Census Tract 443; Kings County; New York,1939,1539,65,222,92,0,0,0,0,21,36,Kings,044300
Census Tract 444; Kings County; New York,1064,790,73,88,61,0,0,0,28,24,36,Kings,044400
Census Tract 445; Kings County; New York,1641,1356,44,128,55,0,0,0,0,58,36,Kings,044500
Census Tract 446; Kings County; New York,607,465,87,39,7,0,0,0,0,9,36,Kings,044600
Census Tract 447; Kings County; New York,949,762,17,84,66,0,0,0,12,8,36,Kings,044700
Census Tract 448; Kings County; New York,745,666,20,0,36,0,0,0,16,7,36,Kings,044800
Census Tract 449.01; Kings County; New York,1017,715,34,131,92,0,0,0,15,30,36,Kings,044901
Census Tract 449.02; Kings County; New York,0,0,0,0,0,0,0,0,0,0,36,Kings,044902
Census Tract 450; Kings County; New York,235,193,16,0,5,0,0,0,4,17,36,Kings,045000
Census Tract 452; Kings County; New York,868,650,28,59,106,0,0,0,17,8,36,Kings,045200
Census Tract 453; Kings County; New York,673,512,19,84,41,0,0,0,0,17,36,Kings,045300
Census Tract 454; Kings County; New York,504,427,0,51,6,0,0,0,20,0,36,Kings,045400
Census Tract 456; Kings County; New York,789,446,37,169,100,0,0,0,5,32,36,Kings,045600
Census Tract 458; Kings County; New York,411,305,6,28,28,0,0,0,28,16,36,Kings,045800
Census Tract 460; Kings County; New York,1228,1024,6,66,80,0,0,0,17,35,36,Kings,046000
Census Tract 462.01; Kings County; New York,1063,853,29,120,54,0,0,0,0,7,36,Kings,046201
Census Tract 462.02; Kings County; New York,480,352,49,43,25,0,0,0,3,8,36,Kings,046202
Census Tract 464; Kings County; New York,623,575,0,19,18,0,0,0,0,11,36,Kings,046400
Census Tract 468; Kings County; New York,566,499,0,34,21,0,0,0,0,12,36,Kings,046800
Census Tract 470; Kings County; New York,611,595,0,11,5,0,0,0,0,0,36,Kings,047000
Census Tract 472; Kings County; New York,677,652,6,7,12,0,0,0,0,0,36,Kings,047200
Census Tract 474; Kings County; New York,753,698,27,11,3,0,0,0,7,7,36,Kings,047400
Census Tract 476; Kings County; New York,919,909,0,0,10,0,0,0,0,0,36,Kings,047600
Census Tract 477; Kings County; New York,1873,1220,54,572,14,0,0,13,0,0,36,Kings,047700
Census Tract 478; Kings County; New York,1150,863,65,91,131,0,0,0,0,0,36,Kings,047800
Census Tract 480; Kings County; New York,983,652,52,75,152,0,0,0,14,38,36,Kings,048000
Census Tract 481; Kings County; New York,1323,759,40,422,74,0,0,0,4,24,36,Kings,048100
Census Tract 482; Kings County; New York,2152,1058,36,521,397,0,0,0,63,77,36,Kings,048200
Census Tract 484; Kings County; New York,1569,931,32,140,364,0,0,0,11,91,36,Kings,048400
Census Tract 485; Kings County; New York,1000,688,7,238,59,0,0,0,0,8,36,Kings,048500
Census Tract 486; Kings County; New York,792,574,63,74,81,0,0,0,0,0,36,Kings,048600
Census Tract 488; Kings County; New York,1643,1126,94,146,225,0,0,0,0,52,36,Kings,048800
Census Tract 489; Kings County; New York,1494,964,0,250,181,0,0,0,5,94,36,Kings,048900
Census Tract 490; Kings County; New York,2161,1548,46,113,230,0,0,0,130,94,36,Kings,049000
Census Tract 491; Kings County; New York,2663,1858,125,404,124,0,0,0,0,152,36,Kings,049100
Census Tract 492; Kings County; New York,1260,904,0,58,189,0,0,0,0,109,36,Kings,049200
Census Tract 493.01; Kings County; New York,956,498,48,147,60,0,0,0,9,194,36,Kings,049301
Census Tract 493.02; Kings County; New York,2415,1583,20,592,91,0,0,0,42,87,36,Kings,049302
Census Tract 494; Kings County; New York,2252,1571,5,93,436,0,0,0,111,36,36,Kings,049400
Census Tract 495; Kings County; New York,1461,872,10,418,154,0,0,0,7,0,36,Kings,049500
Census Tract 496; Kings County; New York,1311,970,102,43,95,0,0,0,31,70,36,Kings,049600
Census Tract 497; Kings County; New York,1658,1184,0,328,128,0,0,0,12,6,36,Kings,049700
Census Tract 498; Kings County; New York,1609,1134,269,100,80,0,0,0,21,5,36,Kings,049800
Census Tract 499; Kings County; New York,995,713,17,153,57,0,0,20,19,16,36,Kings,049900
Census Tract 500.01; Kings County; New York,947,532,28,97,275,0,0,5,6,4,36,Kings,050001
Census Tract 500.02; Kings County; New York,681,436,21,108,106,0,0,0,0,10,36,Kings,050002
Census Tract 501; Kings County; New York,1509,1134,21,237,11,0,0,0,27,79,36,Kings,050100
Census Tract 502.02; Kings County; New York,1114,802,48,27,182,23,0,0,8,24,36,Kings,050202
Census Tract 503; Kings County; New York,1425,1070,9,169,177,0,0,0,0,0,36,Kings,050300
Census Tract 504.01; Kings County; New York,1215,692,0,283,99,0,0,0,54,87,36,Kings,050401
Census Tract 504.02; Kings County; New York,953,401,9,295,188,0,0,0,48,12,36,Kings,050402
Census Tract 505; Kings County; New York,2057,737,38,743,38,0,0,0,325,176,36,Kings,050500
Census Tract 506; Kings County; New York,2079,1437,116,211,226,0,0,10,14,65,36,Kings,050600
Census Tract 507; Kings County; New York,785,582,0,145,23,0,0,0,0,35,36,Kings,050700
Census Tract 508.01; Kings County; New York,1465,1132,0,224,58,0,0,0,0,51,36,Kings,050801
Census Tract 508.03; Kings County; New York,1124,934,4,40,146,0,0,0,0,0,36,Kings,050803
Census Tract 508.04; Kings County; New York,2737,2302,0,159,144,0,0,0,111,21,36,Kings,050804
Census Tract 509; Kings County; New York,1031,608,0,423,0,0,0,0,0,0,36,Kings,050900
Census Tract 510.01; Kings County; New York,1626,1366,30,67,120,0,0,0,14,29,36,Kings,051001
Census Tract 510.02; Kings County; New York,1725,1182,10,217,259,0,0,0,11,46,36,Kings,051002
Census Tract 511; Kings County; New York,1949,1196,26,537,125,0,0,11,24,30,36,Kings,051100
Census Tract 512; Kings County; New York,2317,1978,77,94,73,0,0,0,65,30,36,Kings,051200
Census Tract 513; Kings County; New York,2645,1177,69,1073,263,0,0,0,41,22,36,Kings,051300
Census Tract 514; Kings County; New York,2570,2009,33,188,254,0,0,0,21,65,36,Kings,051400
Census Tract 515; Kings County; New York,1258,612,42,522,43,0,0,12,0,27,36,Kings,051500
Census Tract 516.01; Kings County; New York,1973,1596,59,126,119,0,0,0,39,34,36,Kings,051601
Census Tract 516.02; Kings County; New York,1455,1350,10,35,60,0,0,0,0,0,36,Kings,051602
Census Tract 517; Kings County; New York,1371,529,39,635,118,0,0,0,24,26,36,Kings,051700
Census Tract 518; Kings County; New York,1602,1210,29,125,238,0,0,0,0,0,36,Kings,051800
Census Tract 519; Kings County; New York,3283,2006,69,1047,84,0,0,0,0,77,36,Kings,051900
Census Tract 520; Kings County; New York,1311,990,53,125,129,0,0,0,10,4,36,Kings,052000
Census Tract 523; Kings County; New York,2348,1487,116,457,251,0,0,0,18,19,36,Kings,052300
Census Tract 525; Kings County; New York,1346,862,31,242,211,0,0,0,0,0,36,Kings,052500
Census Tract 526; Kings County; New York,1809,1207,76,233,229,0,0,0,42,22,36,Kings,052600
Census Tract 527; Kings County; New York,2360,1588,163,515,26,0,0,0,68,0,36,Kings,052700
Census Tract 528; Kings County; New York,693,461,48,32,137,0,0,0,8,7,36,Kings,052800
Census Tract 529; Kings County; New York,932,631,63,180,43,0,0,0,0,15,36,Kings,052900
Census Tract 530; Kings County; New York,1196,790,9,77,268,0,0,0,8,44,36,Kings,053000
Census Tract 531.01; Kings County; New York,588,496,0,60,32,0,0,0,0,0,36,Kings,053101
Census Tract 531.02; Kings County; New York,1156,852,16,231,0,0,0,0,0,57,36,Kings,053102
Census Tract 532; Kings County; New York,878,644,3,36,106,0,5,26,23,35,36,Kings,053200
Census Tract 533; Kings County; New York,1586,1391,0,39,27,17,0,0,28,84,36,Kings,053300
Census Tract 534; Kings County; New York,1353,1017,56,181,86,0,0,0,13,0,36,Kings,053400
Census Tract 535; Kings County; New York,1007,795,0,56,137,0,0,0,0,19,36,Kings,053500
Census Tract 537; Kings County; New York,778,656,0,83,0,0,0,0,0,39,36,Kings,053700
Census Tract 538; Kings County; New York,2381,1563,161,280,265,0,0,0,65,47,36,Kings,053800
Census Tract 539; Kings County; New York,903,613,36,40,154,0,0,0,33,27,36,Kings,053900
Census Tract 542; Kings County; New York,1617,976,25,119,304,0,0,23,145,25,36,Kings,054200
Census Tract 543; Kings County; New York,0,0,0,0,0,0,0,0,0,0,36,Kings,054300
Census Tract 544; Kings County; New York,1318,887,81,58,256,0,0,0,0,36,36,Kings,054400
Census Tract 545; Kings County; New York,2467,1590,530,124,180,0,0,0,0,43,36,Kings,054500
Census Tract 546; Kings County; New York,1932,1275,3,155,335,0,0,0,77,87,36,Kings,054600
Census Tract 547; Kings County; New York,2677,1395,57,1008,121,0,0,0,53,43,36,Kings,054700
Census Tract 548; Kings County; New York,751,624,4,25,98,0,0,0,0,0,36,Kings,054800
Census Tract 549; Kings County; New York,2046,1082,28,880,44,0,0,0,0,12,36,Kings,054900
Census Tract 550; Kings County; New York,1537,1035,22,267,130,0,0,0,53,30,36,Kings,055000
Census Tract 551; Kings County; New York,3100,1458,142,1097,274,0,0,0,98,31,36,Kings,055100
Census Tract 552; Kings County; New York,1416,967,24,187,124,0,0,0,81,33,36,Kings,055200
Census Tract 553; Kings County; New York,1565,881,90,500,46,0,0,0,13,35,36,Kings,055300
Census Tract 554; Kings County; New York,1761,1302,48,91,190,0,0,0,0,130,36,Kings,055400
Census Tract 555; Kings County; New York,4415,1096,116,2946,49,0,0,16,59,133,36,Kings,055500
Census Tract 556; Kings County; New York,1327,879,0,141,211,0,0,0,21,75,36,Kings,055600
Census Tract 557; Kings County; New York,996,395,0,509,45,0,0,0,9,38,36,Kings,055700
Census Tract 558; Kings County; New York,905,707,17,47,105,0,0,0,8,21,36,Kings,055800
Census Tract 560; Kings County; New York,1446,972,62,164,174,0,0,0,8,66,36,Kings,056000
Census Tract 561; Kings County; New York,1703,1240,30,242,89,0,0,0,33,69,36,Kings,056100
Census Tract 562; Kings County; New York,534,437,6,29,31,0,0,0,6,25,36,Kings,056200
Census Tract 563.01; Kings County; New York,2270,1412,146,589,22,0,0,0,82,19,36,Kings,056301
Census Tract 563.02; Kings County; New York,1139,679,8,417,1,0,0,0,0,34,36,Kings,056302
Census Tract 564; Kings County; New York,1054,873,41,48,83,0,0,0,0,9,36,Kings,056400
Census Tract 565; Kings County; New York,1913,1303,60,297,203,0,0,0,37,13,36,Kings,056500
Census Tract 566; Kings County; New York,858,723,4,31,87,0,0,5,3,5,36,Kings,056600
Census Tract 568; Kings County; New York,547,489,14,16,21,0,0,0,0,7,36,Kings,056800
Census Tract 569; Kings County; New York,865,648,16,158,30,0,0,0,7,6,36,Kings,056900
Census Tract 570; Kings County; New York,1624,1389,40,24,160,0,0,0,0,11,36,Kings,057000
Census Tract 571; Kings County; New York,2219,1578,24,278,282,0,0,0,0,57,36,Kings,057100
Census Tract 572; Kings County; New York,2075,1570,15,253,41,24,0,0,65,107,36,Kings,057200
Census Tract 573; Kings County; New York,1321,1023,47,144,88,0,0,0,19,0,36,Kings,057300
Census Tract 574; Kings County; New York,1010,916,54,5,29,0,0,0,0,6,36,Kings,057400
Census Tract 575; Kings County; New York,2310,1190,98,773,147,0,0,0,102,0,36,Kings,057500
Census Tract 576; Kings County; New York,1025,909,63,10,42,0,0,0,0,1,36,Kings,057600
Census Tract 578; Kings County; New York,1137,971,34,39,49,0,0,0,10,34,36,Kings,057800
Census Tract 579.01; Kings County; New York,532,310,5,156,19,0,0,0,8,34,36,Kings,057901
Census Tract 579.02; Kings County; New York,0,0,0,0,0,0,0,0,0,0,36,Kings,057902
Census Tract 580; Kings County; New York,1183,1003,34,74,53,0,0,0,0,19,36,Kings,058000
Census Tract 582; Kings County; New York,824,731,31,0,34,0,0,0,0,28,36,Kings,058200
Census Tract 584; Kings County; New York,1378,1103,51,25,68,0,0,0,13,118,36,Kings,058400
Census Tract 586; Kings County; New York,828,714,4,81,23,0,0,0,6,0,36,Kings,058600
Census Tract 588; Kings County; New York,1436,1201,19,108,68,0,0,0,8,32,36,Kings,058800
Census Tract 589.01; Kings County; New York,854,673,13,39,114,0,0,0,2,13,36,Kings,058901
Census Tract 589.02; Kings County; New York,0,0,0,0,0,0,0,0,0,0,36,Kings,058902
Census Tract 590; Kings County; New York,664,624,15,13,12,0,0,0,0,0,36,Kings,059000
Census Tract 591; Kings County; New York,1919,1358,60,227,175,0,0,0,0,99,36,Kings,059100
Census Tract 592; Kings County; New York,1703,1404,102,92,53,0,0,0,21,31,36,Kings,059200
Census Tract 593; Kings County; New York,1020,734,28,121,70,0,0,0,38,29,36,Kings,059300
Census Tract 594.02; Kings County; New York,2373,1763,260,100,121,0,0,0,94,35,36,Kings,059402
Census Tract 594.03; Kings County; New York,1092,944,53,41,38,0,0,0,0,16,36,Kings,059403
Census Tract 594.04; Kings County; New York,1611,1259,18,56,268,0,0,0,0,10,36,Kings,059404
Census Tract 596; Kings County; New York,1188,840,2,124,125,0,0,0,21,76,36,Kings,059600
Census Tract 598; Kings County; New York,1274,1128,21,81,31,0,0,0,13,0,36,Kings,059800
Census Tract 600; Kings County; New York,2697,2176,133,101,60,0,0,0,62,165,36,Kings,060000
Census Tract 606; Kings County; New York,1404,1061,65,85,133,0,0,0,56,4,36,Kings,060600
Census Tract 608; Kings County; New York,1728,1320,80,124,182,0,0,0,7,15,36,Kings,060800
Census Tract 610.02; Kings County; New York,2565,2043,65,281,62,0,0,0,9,105,36,Kings,061002
Census Tract 610.03; Kings County; New York,619,573,8,15,23,0,0,0,0,0,36,Kings,061003
Census Tract 610.04; Kings County; New York,2885,2125,111,211,176,0,0,0,13,249,36,Kings,061004
Census Tract 612; Kings County; New York,437,379,15,20,23,0,0,0,0,0,36,Kings,061200
Census Tract 616; Kings County; New York,538,468,19,17,34,0,0,0,0,0,36,Kings,061600
Census Tract 620; Kings County; New York,676,542,61,4,7,0,0,0,0,62,36,Kings,062000
Census Tract 622; Kings County; New York,1123,911,18,97,29,0,0,0,0,68,36,Kings,062200
Census Tract 626; Kings County; New York,1212,958,0,83,119,0,0,0,12,40,36,Kings,062600
Census Tract 628; Kings County; New York,1848,1806,14,8,20,0,0,0,0,0,36,Kings,062800
Census Tract 632; Kings County; New York,636,520,5,17,85,0,0,0,9,0,36,Kings,063200
Census Tract 636; Kings County; New York,377,331,3,11,32,0,0,0,0,0,36,Kings,063600
Census Tract 638; Kings County; New York,672,557,15,21,79,0,0,0,0,0,36,Kings,063800
Census Tract 640; Kings County; New York,464,415,18,0,17,0,0,7,0,7,36,Kings,064000
Census Tract 642; Kings County; New York,949,757,14,62,89,0,0,0,0,27,36,Kings,064200
Census Tract 644; Kings County; New York,810,681,15,37,71,0,0,0,0,6,36,Kings,064400
Census Tract 646; Kings County; New York,727,665,16,33,13,0,0,0,0,0,36,Kings,064600
Census Tract 648; Kings County; New York,657,564,5,12,67,0,0,0,9,0,36,Kings,064800
Census Tract 650; Kings County; New York,547,486,5,0,51,0,0,0,5,0,36,Kings,065000
Census Tract 652; Kings County; New York,513,495,0,0,18,0,0,0,0,0,36,Kings,065200
Census Tract 654; Kings County; New York,510,492,0,18,0,0,0,0,0,0,36,Kings,065400
Census Tract 656; Kings County; New York,659,632,9,18,0,0,0,0,0,0,36,Kings,065600
Census Tract 658; Kings County; New York,620,577,29,6,0,0,0,0,8,0,36,Kings,065800
Census Tract 660; Kings County; New York,679,639,5,16,19,0,0,0,0,0,36,Kings,066000
Census Tract 662; Kings County; New York,505,440,28,14,23,0,0,0,0,0,36,Kings,066200
Census Tract 666; Kings County; New York,0,0,0,0,0,0,0,0,0,0,36,Kings,066600
Census Tract 670; Kings County; New York,1069,978,32,51,8,0,0,0,0,0,36,Kings,067000
Census Tract 672; Kings County; New York,509,485,4,4,16,0,0,0,0,0,36,Kings,067200
Census Tract 674; Kings County; New York,562,469,30,15,30,0,0,8,0,10,36,Kings,067400
Census Tract 676; Kings County; New York,551,490,30,19,12,0,0,0,0,0,36,Kings,067600
Census Tract 678; Kings County; New York,954,907,0,47,0,0,0,0,0,0,36,Kings,067800
Census Tract 680; Kings County; New York,633,569,19,40,5,0,0,0,0,0,36,Kings,068000
Census Tract 682; Kings County; New York,916,830,2,50,24,0,0,0,10,0,36,Kings,068200
Census Tract 686; Kings County; New York,701,645,0,13,39,0,0,0,4,0,36,Kings,068600
Census Tract 688; Kings County; New York,684,636,7,10,18,0,0,0,7,6,36,Kings,068800
Census Tract 690; Kings County; New York,582,531,8,8,0,0,0,0,8,27,36,Kings,069000
Census Tract 692; Kings County; New York,814,804,10,0,0,0,0,0,0,0,36,Kings,069200
Census Tract 696.01; Kings County; New York,1325,1203,13,49,60,0,0,0,0,0,36,Kings,069601
Census Tract 696.02; Kings County; New York,1978,1851,76,0,26,0,0,0,25,0,36,Kings,069602
Census Tract 698; Kings County; New York,412,363,16,6,19,0,0,0,1,7,36,Kings,069800
Census Tract 700; Kings County; New York,648,572,29,27,20,0,0,0,0,0,36,Kings,070000
Census Tract 702.01; Kings County; New York,2392,2224,62,79,0,0,0,0,27,0,36,Kings,070201
Census Tract 702.02; Kings County; New York,9,9,0,0,0,0,0,0,0,0,36,Kings,070202
Census Tract 702.03; Kings County; New York,0,0,0,0,0,0,0,0,0,0,36,Kings,070203
Census Tract 706.01; Kings County; New York,968,821,52,68,27,0,0,0,0,0,36,Kings,070601
Census Tract 706.02; Kings County; New York,0,0,0,0,0,0,0,0,0,0,36,Kings,070602
Census Tract 720; Kings County; New York,658,578,23,30,27,0,0,0,0,0,36,Kings,072000
Census Tract 722; Kings County; New York,989,884,13,41,51,0,0,0,0,0,36,Kings,072200
Census Tract 724; Kings County; New York,720,652,32,0,36,0,0,0,0,0,36,Kings,072400
Census Tract 726; Kings County; New York,734,600,9,80,20,0,0,0,0,25,36,Kings,072600
Census Tract 728; Kings County; New York,1617,1306,162,53,68,0,0,0,28,0,36,Kings,072800
Census Tract 730; Kings County; New York,762,679,8,31,35,0,0,9,0,0,36,Kings,073000
Census Tract 732; Kings County; New York,697,605,6,69,11,0,0,6,0,0,36,Kings,073200
Census Tract 734; Kings County; New York,542,498,0,25,19,0,0,0,0,0,36,Kings,073400
Census Tract 736; Kings County; New York,1075,884,15,31,82,0,0,0,49,14,36,Kings,073600
Census Tract 738; Kings County; New York,1326,1139,74,23,90,0,0,0,0,0,36,Kings,073800
Census Tract 740; Kings County; New York,1124,822,39,173,58,0,0,0,0,32,36,Kings,074000
Census Tract 742; Kings County; New York,980,826,0,27,94,0,0,0,33,0,36,Kings,074200
Census Tract 744; Kings County; New York,639,536,5,50,48,0,0,0,0,0,36,Kings,074400
Census Tract 746; Kings County; New York,699,565,0,15,67,0,0,0,52,0,36,Kings,074600
Census Tract 748; Kings County; New York,678,519,7,60,87,0,0,0,0,5,36,Kings,074800
Census Tract 750; Kings County; New York,955,792,18,62,45,0,0,0,29,9,36,Kings,075000
Census Tract 752; Kings County; New York,261,253,0,0,8,0,0,0,0,0,36,Kings,075200
Census Tract 754; Kings County; New York,427,412,10,5,0,0,0,0,0,0,36,Kings,075400
Census Tract 756; Kings County; New York,756,564,15,27,142,0,0,0,0,8,36,Kings,075600
Census Tract 758; Kings County; New York,618,501,0,56,40,0,0,0,0,21,36,Kings,075800
Census Tract 760; Kings County; New York,1180,852,44,96,77,0,0,0,9,102,36,Kings,076000
Census Tract 762; Kings County; New York,1555,1061,18,80,60,0,0,0,232,104,36,Kings,076200
Census Tract 764; Kings County; New York,1602,994,10,322,247,0,0,0,15,14,36,Kings,076400
Census Tract 766; Kings County; New York,678,501,39,57,25,0,0,0,21,35,36,Kings,076600
Census Tract 768; Kings County; New York,1294,860,46,301,41,0,0,0,30,16,36,Kings,076800
Census Tract 770; Kings County; New York,1145,692,159,160,114,0,0,0,20,0,36,Kings,077000
Census Tract 772; Kings County; New York,1193,963,38,27,103,62,0,0,0,0,36,Kings,077200
Census Tract 774; Kings County; New York,1275,945,26,2,68,0,0,12,35,187,36,Kings,077400
Census Tract 776; Kings County; New York,1730,1304,29,141,182,0,0,0,61,13,36,Kings,077600
Census Tract 780; Kings County; New York,639,504,6,34,82,0,0,0,0,13,36,Kings,078000
Census Tract 782; Kings County; New York,1663,1396,63,123,51,0,0,0,0,30,36,Kings,078200
Census Tract 784; Kings County; New York,822,671,59,52,20,20,0,0,0,0,36,Kings,078400
Census Tract 786.01; Kings County; New York,989,652,62,118,40,0,0,0,31,86,36,Kings,078601
Census Tract 786.02; Kings County; New York,860,645,54,113,31,0,0,0,0,17,36,Kings,078602
Census Tract 788.01; Kings County; New York,727,486,0,161,60,0,0,0,20,0,36,Kings,078801
Census Tract 788.02; Kings County; New York,597,400,32,90,71,0,0,0,4,0,36,Kings,078802
Census Tract 790.01; Kings County; New York,483,271,12,100,69,0,0,0,8,23,36,Kings,079001
Census Tract 790.02; Kings County; New York,1226,942,44,130,110,0,0,0,0,0,36,Kings,079002
Census Tract 792.01; Kings County; New York,545,456,0,42,5,0,0,0,0,42,36,Kings,079201
Census Tract 792.02; Kings County; New York,796,637,23,99,32,0,0,5,0,0,36,Kings,079202
Census Tract 794; Kings County; New York,672,464,14,165,29,0,0,0,0,0,36,Kings,079400
Census Tract 796.01; Kings County; New York,1554,1166,17,128,202,0,0,0,0,41,36,Kings,079601
Census Tract 796.02; Kings County; New York,2244,1777,42,318,49,0,0,0,8,50,36,Kings,079602
Census Tract 798.01; Kings County; New York,1526,871,0,137,416,0,0,0,70,32,36,Kings,079801
Census Tract 798.02; Kings County; New York,2700,1605,27,527,335,0,0,0,52,154,36,Kings,079802
Census Tract 800; Kings County; New York,1386,1007,20,133,164,0,0,40,0,22,36,Kings,080000
Census Tract 802; Kings County; New York,1874,1372,42,206,215,0,0,0,14,25,36,Kings,080200
Census Tract 804; Kings County; New York,1296,601,29,313,339,0,0,0,0,14,36,Kings,080400
Census Tract 806; Kings County; New York,1308,1076,40,106,56,0,0,30,0,0,36,Kings,080600
Census Tract 808; Kings County; New York,730,582,0,103,19,0,0,0,6,20,36,Kings,080800
Census Tract 810; Kings County; New York,926,562,43,166,68,0,0,0,0,87,36,Kings,081000
Census Tract 814; Kings County; New York,970,931,0,31,0,0,0,0,0,8,36,Kings,081400
Census Tract 816; Kings County; New York,964,885,12,15,29,0,0,0,12,11,36,Kings,081600
Census Tract 818; Kings County; New York,1945,1381,131,266,134,0,0,24,9,0,36,Kings,081800
Census Tract 820; Kings County; New York,2406,1842,197,225,78,0,0,0,0,64,36,Kings,082000
Census Tract 822; Kings County; New York,3299,2428,83,498,50,0,0,0,146,94,36,Kings,082200
Census Tract 824; Kings County; New York,2126,1609,17,296,152,0,0,0,22,30,36,Kings,082400
Census Tract 826; Kings County; New York,1936,1489,0,163,189,0,0,0,13,82,36,Kings,082600
Census Tract 828; Kings County; New York,1369,1099,13,101,115,0,0,0,20,21,36,Kings,082800
Census Tract 830; Kings County; New York,2320,2110,68,34,26,0,36,0,46,0,36,Kings,083000
Census Tract 832; Kings County; New York,811,765,0,14,31,0,0,1,0,0,36,Kings,083200
Census Tract 834; Kings County; New York,572,465,21,0,86,0,0,0,0,0,36,Kings,083400
Census Tract 836; Kings County; New York,651,578,6,25,42,0,0,0,0,0,36,Kings,083600
Census Tract 838; Kings County; New York,700,632,27,18,16,0,0,0,7,0,36,Kings,083800
Census Tract 840; Kings County; New York,871,746,27,17,81,0,0,0,0,0,36,Kings,084000
Census Tract 846; Kings County; New York,715,642,24,0,45,0,0,0,0,4,36,Kings,084600
Census Tract 848; Kings County; New York,554,503,0,42,9,0,0,0,0,0,36,Kings,084800
Census Tract 850; Kings County; New York,479,431,12,0,36,0,0,0,0,0,36,Kings,085000
Census Tract 852; Kings County; New York,8,0,0,0,8,0,0,0,0,0,36,Kings,085200
Census Tract 854; Kings County; New York,867,778,14,67,8,0,0,0,0,0,36,Kings,085400
Census Tract 856; Kings County; New York,1448,1224,21,31,92,0,0,0,47,33,36,Kings,085600
Census Tract 858; Kings County; New York,754,717,9,6,13,0,0,0,0,9,36,Kings,085800
Census Tract 860; Kings County; New York,1134,923,33,101,63,0,0,0,0,14,36,Kings,086000
Census Tract 862; Kings County; New York,1351,1214,13,43,35,0,0,0,0,46,36,Kings,086200
Census Tract 864; Kings County; New York,840,708,16,74,27,0,0,0,0,15,36,Kings,086400
Census Tract 866; Kings County; New York,1265,1127,24,47,40,0,0,0,0,27,36,Kings,086600
Census Tract 868; Kings County; New York,1339,1145,30,85,67,0,0,0,0,12,36,Kings,086800
Census Tract 870; Kings County; New York,1111,992,30,60,9,0,0,15,0,5,36,Kings,087000
Census Tract 872; Kings County; New York,1110,944,45,32,89,0,0,0,0,0,36,Kings,087200
Census Tract 874.01; Kings County; New York,1585,1386,0,72,52,0,0,0,0,75,36,Kings,087401
Census Tract 876; Kings County; New York,751,685,0,49,12,0,0,0,0,5,36,Kings,087600
Census Tract 878; Kings County; New York,898,820,0,58,15,0,0,0,0,5,36,Kings,087800
Census Tract 880.01; Kings County; New York,806,646,26,97,37,0,0,0,0,0,36,Kings,088001
Census Tract 880.02; Kings County; New York,388,328,16,21,0,23,0,0,0,0,36,Kings,088002
Census Tract 882; Kings County; New York,2505,855,20,878,317,0,0,0,0,435,36,Kings,088200
Census Tract 884; Kings County; New York,1897,1291,53,407,146,0,0,0,0,0,36,Kings,088400
Census Tract 886; Kings County; New York,1883,1160,0,328,270,0,0,0,0,125,36,Kings,088600
Census Tract 888; Kings County; New York,1550,1313,72,20,91,0,0,0,0,54,36,Kings,088800
Census Tract 890; Kings County; New York,2145,1604,74,208,217,0,0,0,0,42,36,Kings,089000
Census Tract 892; Kings County; New York,1519,1136,100,83,144,0,0,0,56,0,36,Kings,089200
Census Tract 894; Kings County; New York,1171,944,89,79,59,0,0,0,0,0,36,Kings,089400
Census Tract 896; Kings County; New York,1742,1375,0,144,210,0,0,0,0,13,36,Kings,089600
Census Tract 898; Kings County; New York,747,581,42,60,27,0,0,0,0,37,36,Kings,089800
Census Tract 900; Kings County; New York,1735,963,199,291,146,0,0,0,65,71,36,Kings,090000
Census Tract 902; Kings County; New York,940,696,5,71,110,0,0,0,0,58,36,Kings,090200
Census Tract 906; Kings County; New York,1810,1053,10,206,213,0,0,0,38,290,36,Kings,090600
Census Tract 908; Kings County; New York,1641,918,18,376,136,0,0,0,59,134,36,Kings,090800
Census Tract 910; Kings County; New York,2585,1996,0,292,74,0,0,0,106,117,36,Kings,091000
Census Tract 912; Kings County; New York,2576,1856,0,359,163,0,0,0,35,163,36,Kings,091200
Census Tract 916; Kings County; New York,1793,1035,0,617,47,0,0,0,0,94,36,Kings,091600
Census Tract 918; Kings County; New York,1077,858,10,39,83,0,0,8,68,11,36,Kings,091800
Census Tract 920; Kings County; New York,1318,1144,44,63,52,0,0,0,0,15,36,Kings,092000
Census Tract 922; Kings County; New York,1358,1141,35,58,46,0,0,0,17,61,36,Kings,092200
Census Tract 924; Kings County; New York,982,609,0,303,47,0,0,0,0,23,36,Kings,092400
Census Tract 928; Kings County; New York,1053,883,16,46,81,0,0,0,14,13,36,Kings,092800
Census Tract 930; Kings County; New York,966,809,19,53,85,0,0,0,0,0,36,Kings,093000
Census Tract 932; Kings County; New York,677,637,0,8,32,0,0,0,0,0,36,Kings,093200
Census Tract 934; Kings County; New York,984,904,36,9,35,0,0,0,0,0,36,Kings,093400
Census Tract 936; Kings County; New York,704,647,0,11,31,0,0,0,0,15,36,Kings,093600
Census Tract 938; Kings County; New York,954,835,0,57,42,0,0,0,0,20,36,Kings,093800
Census Tract 944.01; Kings County; New York,1193,1065,20,0,75,0,0,0,12,21,36,Kings,094401
Census Tract 944.02; Kings County; New York,1307,1093,16,0,90,0,0,0,39,69,36,Kings,094402
Census Tract 946; Kings County; New York,688,636,5,26,9,0,0,0,12,0,36,Kings,094600
Census Tract 950; Kings County; New York,896,758,6,56,58,0,0,0,0,18,36,Kings,095000
Census Tract 954; Kings County; New York,1612,1509,44,46,0,0,0,0,0,13,36,Kings,095400
Census Tract 956; Kings County; New York,1351,1208,30,59,54,0,0,0,0,0,36,Kings,095600
Census Tract 958; Kings County; New York,1049,936,43,64,6,0,0,0,0,0,36,Kings,095800
Census Tract 960; Kings County; New York,0,0,0,0,0,0,0,0,0,0,36,Kings,096000
Census Tract 962; Kings County; New York,396,372,0,20,4,0,0,0,0,0,36,Kings,096200
Census Tract 964; Kings County; New York,763,729,28,0,6,0,0,0,0,0,36,Kings,096400
Census Tract 966; Kings County; New York,697,509,32,56,82,0,0,0,12,6,36,Kings,096600
Census Tract 968; Kings County; New York,426,315,23,69,19,0,0,0,0,0,36,Kings,096800
Census Tract 970; Kings County; New York,823,635,107,10,67,0,0,0,4,0,36,Kings,097000
Census Tract 974; Kings County; New York,672,609,21,14,20,0,0,0,0,8,36,Kings,097400
Census Tract 982; Kings County; New York,1657,1143,0,245,114,0,0,0,75,80,36,Kings,098200
Census Tract 984; Kings County; New York,571,550,12,9,0,0,0,0,0,0,36,Kings,098400
Census Tract 986; Kings County; New York,1024,983,31,10,0,0,0,0,0,0,36,Kings,098600
Census Tract 988; Kings County; New York,1040,872,72,25,71,0,0,0,0,0,36,Kings,098800
Census Tract 990; Kings County; New York,464,403,0,38,23,0,0,0,0,0,36,Kings,099000
Census Tract 992; Kings County; New York,718,672,17,15,14,0,0,0,0,0,36,Kings,099200
Census Tract 994; Kings County; New York,581,544,7,30,0,0,0,0,0,0,36,Kings,099400
Census Tract 996; Kings County; New York,1168,1078,0,83,7,0,0,0,0,0,36,Kings,099600
Census Tract 998; Kings County; New York,1406,1213,61,88,0,0,0,0,44,0,36,Kings,099800
Census Tract 1004; Kings County; New York,917,821,22,57,0,0,0,0,0,17,36,Kings,100400
Census Tract 1006; Kings County; New York,926,904,0,22,0,0,0,0,0,0,36,Kings,100600
Census Tract 1008; Kings County; New York,694,661,0,26,0,0,0,0,0,7,36,Kings,100800
Census Tract 1010; Kings County; New York,868,767,20,15,51,0,0,0,7,8,36,Kings,101000
Census Tract 1012; Kings County; New York,839,745,0,94,0,0,0,0,0,0,36,Kings,101200
Census Tract 1014; Kings County; New York,833,793,0,40,0,0,0,0,0,0,36,Kings,101400
Census Tract 1016; Kings County; New York,521,445,0,61,15,0,0,0,0,0,36,Kings,101600
Census Tract 1018; Kings County; New York,725,528,39,145,0,0,10,0,0,3,36,Kings,101800
Census Tract 1020; Kings County; New York,692,660,17,15,0,0,0,0,0,0,36,Kings,102000
Census Tract 1022; Kings County; New York,722,651,28,31,12,0,0,0,0,0,36,Kings,102200
Census Tract 1024; Kings County; New York,581,531,9,7,34,0,0,0,0,0,36,Kings,102400
Census Tract 1026; Kings County; New York,967,927,21,9,10,0,0,0,0,0,36,Kings,102600
Census Tract 1028.01; Kings County; New York,527,491,0,11,25,0,0,0,0,0,36,Kings,102801
Census Tract 1028.02; Kings County; New York,0,0,0,0,0,0,0,0,0,0,36,Kings,102802
Census Tract 1034.01; Kings County; New York,1725,1313,0,120,235,0,0,0,26,31,36,Kings,103401
Census Tract 1034.02; Kings County; New York,0,0,0,0,0,0,0,0,0,0,36,Kings,103402
Census Tract 1058.01; Kings County; New York,3493,2563,56,438,80,0,0,0,24,332,36,Kings,105801
Census Tract 1058.04; Kings County; New York,3017,2339,20,370,0,0,0,0,88,200,36,Kings,105804
Census Tract 1070.01; Kings County; New York,1810,1354,0,338,0,0,0,18,0,100,36,Kings,107001
Census Tract 1070.02; Kings County; New York,0,0,0,0,0,0,0,0,0,0,36,Kings,107002
Census Tract 1070.03; Kings County; New York,0,0,0,0,0,0,0,0,0,0,36,Kings,107003
Census Tract 1078; Kings County; New York,1726,1510,14,91,36,0,0,0,22,53,36,Kings,107800
Census Tract 1098; Kings County; New York,703,609,32,17,14,31,0,0,0,0,36,Kings,109800
Census Tract 1104; Kings County; New York,1692,1539,46,25,68,0,0,0,14,0,36,Kings,110400
Census Tract 1106; Kings County; New York,1971,1359,118,286,130,0,0,0,38,40,36,Kings,110600
Census Tract 1110; Kings County; New York,1417,858,0,209,65,0,0,0,171,114,36,Kings,111000
Census Tract 1116; Kings County; New York,1123,786,75,200,45,0,0,0,17,0,36,Kings,111600
Census Tract 1118; Kings County; New York,1268,1230,9,0,13,0,0,0,9,7,36,Kings,111800
Census Tract 1120; Kings County; New York,1168,1001,40,20,56,0,0,0,0,51,36,Kings,112000
Census Tract 1122; Kings County; New York,1465,1034,37,233,35,0,0,22,0,104,36,Kings,112200
Census Tract 1124; Kings County; New York,1205,921,0,91,0,0,0,0,5,188,36,Kings,112400
Census Tract 1126; Kings County; New York,1765,1511,54,116,37,0,0,0,18,29,36,Kings,112600
Census Tract 1128; Kings County; New York,1566,1203,83,61,167,0,0,0,21,31,36,Kings,112800
Census Tract 1130; Kings County; New York,1654,1175,63,257,145,0,0,0,14,0,36,Kings,113000
Census Tract 1132; Kings County; New York,954,558,0,239,41,0,18,14,0,84,36,Kings,113200
Census Tract 1134; Kings County; New York,1044,798,0,209,16,0,0,0,0,21,36,Kings,113400
Census Tract 1142.01; Kings County; New York,694,630,0,17,40,0,0,0,0,7,36,Kings,114201
Census Tract 1142.02; Kings County; New York,982,775,22,100,85,0,0,0,0,0,36,Kings,114202
Census Tract 1144; Kings County; New York,797,470,12,46,203,0,0,0,0,66,36,Kings,114400
Census Tract 1146; Kings County; New York,819,693,13,92,21,0,0,0,0,0,36,Kings,114600
Census Tract 1150; Kings County; New York,949,799,42,45,37,0,1,0,0,25,36,Kings,115000
Census Tract 1152; Kings County; New York,1032,913,17,62,23,0,0,0,0,17,36,Kings,115200
Census Tract 1156; Kings County; New York,1814,1333,0,400,32,0,0,0,15,34,36,Kings,115600
Census Tract 1158; Kings County; New York,859,741,53,39,26,0,0,0,0,0,36,Kings,115800
Census Tract 1160; Kings County; New York,961,533,0,217,179,0,0,0,0,32,36,Kings,116000
Census Tract 1162; Kings County; New York,940,721,41,133,22,0,0,0,13,10,36,Kings,116200
Census Tract 1164; Kings County; New York,1215,1124,5,52,0,0,0,0,0,34,36,Kings,116400
Census Tract 1166; Kings County; New York,1187,1046,13,66,53,0,0,0,0,9,36,Kings,116600
Census Tract 1168; Kings County; New York,732,663,1,35,33,0,0,0,0,0,36,Kings,116800
Census Tract 1170; Kings County; New York,733,605,9,69,28,0,0,0,0,22,36,Kings,117000
Census Tract 1172.01; Kings County; New York,727,587,39,56,36,0,0,0,0,9,36,Kings,117201
Census Tract 1172.02; Kings County; New York,1495,1272,0,37,122,0,0,0,0,64,36,Kings,117202
Census Tract 1174; Kings County; New York,1301,1208,56,11,26,0,0,0,0,0,36,Kings,117400
Census Tract 1176.01; Kings County; New York,952,807,11,105,6,0,0,0,13,10,36,Kings,117601
Census Tract 1176.02; Kings County; New York,1051,794,72,107,78,0,0,0,0,0,36,Kings,117602
Census Tract 1178; Kings County; New York,586,561,1,0,24,0,0,0,0,0,36,Kings,117800
Census Tract 1180; Kings County; New York,0,0,0,0,0,0,0,0,0,0,36,Kings,118000
Census Tract 1182.01; Kings County; New York,1016,895,42,50,29,0,0,0,0,0,36,Kings,118201
Census Tract 1182.02; Kings County; New York,1002,848,12,52,50,0,0,0,23,17,36,Kings,118202
Census Tract 1184; Kings County; New York,1607,1492,45,19,40,11,0,0,0,0,36,Kings,118400
Census Tract 1186; Kings County; New York,809,707,0,54,48,0,0,0,0,0,36,Kings,118600
Census Tract 1188; Kings County; New York,1225,1081,71,19,54,0,0,0,0,0,36,Kings,118800
Census Tract 1190; Kings County; New York,752,620,0,22,110,0,0,0,0,0,36,Kings,119000
Census Tract 1192; Kings County; New York,1207,1070,46,47,22,0,0,0,9,13,36,Kings,119200
Census Tract 1194; Kings County; New York,1485,1390,16,25,28,0,0,0,0,26,36,Kings,119400
Census Tract 1196; Kings County; New York,2138,1903,40,82,92,0,0,0,0,21,36,Kings,119600
Census Tract 1198; Kings County; New York,1211,891,20,214,24,0,0,0,62,0,36,Kings,119800
Census Tract 1200; Kings County; New York,973,872,8,42,0,0,0,0,43,8,36,Kings,120000
Census Tract 1202; Kings County; New York,509,369,33,63,44,0,0,0,0,0,36,Kings,120200
Census Tract 1208.01; Kings County; New York,1400,1120,20,191,49,0,0,0,0,20,36,Kings,120801
Census Tract 1208.02; Kings County; New York,1691,1394,29,150,42,0,0,0,36,40,36,Kings,120802
Census Tract 1208.03; Kings County; New York,581,534,14,20,13,0,0,0,0,0,36,Kings,120803
Census Tract 1210; Kings County; New York,1625,1254,43,51,69,0,0,0,53,155,36,Kings,121000
Census Tract 1214; Kings County; New York,1602,1312,19,53,87,0,0,0,0,131,36,Kings,121400
Census Tract 1220; Kings County; New York,2484,2237,114,104,0,0,0,0,0,29,36,Kings,122000
Census Tract 1237; Kings County; New York,1406,1131,4,225,20,0,0,0,26,0,36,Kings,123700
Census Tract 1502; Kings County; New York,1072,932,10,72,58,0,0,0,0,0,36,Kings,150200
Census Tract 1522; Kings County; New York,1395,924,40,411,6,0,0,0,14,0,36,Kings,152200
Census Tract 9901; Kings County; New York,0,0,0,0,0,0,0,0,0,0,36,Kings,990100
Census Tract 1; New York County; New York,0,0,0,0,0,0,0,0,0,0,36,New York,000100
Census Tract 2.01; New York County; New York,823,232,7,509,61,0,0,0,14,0,36,New York,000201
Census Tract 2.02; New York County; New York,3191,984,19,1505,309,0,0,0,61,313,36,New York,000202
Census Tract 5; New York County; New York,0,0,0,0,0,0,0,0,0,0,36,New York,000500
Census Tract 6; New York County; New York,5243,1718,85,2775,420,0,0,0,86,159,36,New York,000600
Census Tract 7; New York County; New York,5117,1279,0,3313,217,0,0,0,46,262,36,New York,000700
Census Tract 8; New York County; New York,4324,1318,85,2558,282,0,0,0,56,25,36,New York,000800
Census Tract 9; New York County; New York,872,227,0,612,0,0,0,0,21,12,36,New York,000900
Census Tract 10.01; New York County; New York,796,410,6,210,125,0,0,0,15,30,36,New York,001001
Census Tract 10.02; New York County; New York,2448,774,3,698,729,0,0,0,91,153,36,New York,001002
Census Tract 12; New York County; New York,1944,1027,32,597,198,0,0,0,59,31,36,New York,001200
Census Tract 13; New York County; New York,2915,982,0,1709,52,0,0,0,51,121,36,New York,001300
Census Tract 14.01; New York County; New York,1761,849,12,494,206,0,0,0,72,128,36,New York,001401
Census Tract 14.02; New York County; New York,1807,610,13,971,132,0,0,0,57,24,36,New York,001402
Census Tract 15.01; New York County; New York,3398,1360,54,1610,144,27,0,0,143,60,36,New York,001501
Census Tract 15.02; New York County; New York,4054,1168,0,2633,98,0,0,0,14,141,36,New York,001502
Census Tract 16; New York County; New York,3385,860,71,2252,96,0,0,0,0,106,36,New York,001600
Census Tract 18; New York County; New York,2979,965,28,1703,166,0,0,0,41,76,36,New York,001800
Census Tract 20; New York County; New York,2022,682,9,535,596,0,0,0,21,179,36,New York,002000
Census Tract 21; New York County; New York,3382,1127,47,1928,114,0,0,0,27,139,36,New York,002100
Census Tract 22.01; New York County; New York,3011,886,38,1687,320,0,0,0,28,52,36,New York,002201
Census Tract 22.02; New York County; New York,995,403,20,428,57,0,0,0,14,73,36,New York,002202
Census Tract 24; New York County; New York,1776,589,53,332,678,0,0,0,24,100,36,New York,002400
Census Tract 25; New York County; New York,1920,598,27,1053,77,0,8,0,59,98,36,New York,002500
Census Tract 26.01; New York County; New York,1916,358,29,977,496,0,0,0,31,25,36,New York,002601
Census Tract 26.02; New York County; New York,1907,974,55,553,247,0,0,0,56,22,36,New York,002602
Census Tract 27; New York County; New York,636,245,0,291,15,0,0,0,34,51,36,New York,002700
Census Tract 28; New York County; New York,3108,1230,160,900,671,0,0,0,107,40,36,New York,002800
Census Tract 29.01; New York County; New York,79,30,0,49,0,0,0,0,0,0,36,New York,002901
Census Tract 29.02; New York County; New York,1893,806,7,850,29,0,0,0,73,128,36,New York,002902
Census Tract 30.01; New York County; New York,2247,807,45,1192,139,0,0,0,1,63,36,New York,003001
Census Tract 30.02; New York County; New York,1745,696,16,833,130,0,0,0,0,70,36,New York,003002
Census Tract 31; New York County; New York,769,280,15,394,33,0,0,0,0,47,36,New York,003100
Census Tract 32; New York County; New York,4625,2268,127,1210,806,0,0,0,48,166,36,New York,003200
Census Tract 33; New York County; New York,2606,1117,80,786,413,0,0,0,75,135,36,New York,003300
Census Tract 34; New York County; New York,3958,2161,34,1321,314,0,0,0,95,33,36,New York,003400
Census Tract 36.01; New York County; New York,1449,388,6,877,138,0,0,0,15,25,36,New York,003601
Census Tract 36.02; New York County; New York,1523,536,8,796,154,0,0,0,0,29,36,New York,003602
Census Tract 37; New York County; New York,1908,985,16,560,275,0,0,0,64,8,36,New York,003700
Census Tract 38; New York County; New York,4564,1873,87,1723,752,0,0,0,37,92,36,New York,003800
Census Tract 39; New York County; New York,2831,2128,31,467,141,0,0,0,31,33,36,New York,003900
Census Tract 40.01; New York County; New York,1971,991,28,411,376,0,0,0,100,65,36,New York,004001
Census Tract 40.02; New York County; New York,2049,1225,0,451,151,0,0,0,222,0,36,New York,004002
Census Tract 41; New York County; New York,3247,1588,0,1317,201,0,0,0,82,59,36,New York,004100
Census Tract 42; New York County; New York,1532,551,47,572,276,0,0,0,36,50,36,New York,004200
Census Tract 43; New York County; New York,2498,847,98,1212,243,0,10,0,55,33,36,New York,004300
Census Tract 44; New York County; New York,8336,4082,0,1659,519,0,0,0,1642,434,36,New York,004400
Census Tract 45; New York County; New York,437,164,0,238,19,0,8,0,0,8,36,New York,004500
Census Tract 47; New York County; New York,1584,577,0,704,245,0,0,0,58,0,36,New York,004700
Census Tract 48; New York County; New York,2971,1799,18,789,187,0,44,0,69,65,36,New York,004800
Census Tract 49; New York County; New York,2453,1293,15,364,697,0,0,0,53,31,36,New York,004900
Census Tract 50; New York County; New York,2807,1620,14,606,330,0,0,0,142,95,36,New York,005000
Census Tract 52; New York County; New York,1313,525,38,312,284,40,6,0,51,57,36,New York,005200
Census Tract 54; New York County; New York,2894,1661,15,732,301,0,0,0,73,112,36,New York,005400
Census Tract 55.01; New York County; New York,2064,1037,12,621,247,0,0,18,47,82,36,New York,005501
Census Tract 55.02; New York County; New York,1094,463,16,359,234,0,0,10,12,0,36,New York,005502
Census Tract 56; New York County; New York,2450,1143,0,1083,161,0,0,0,20,43,36,New York,005600
Census Tract 57; New York County; New York,1442,832,39,415,138,0,0,0,7,11,36,New York,005700
Census Tract 58; New York County; New York,2354,925,44,1041,219,0,0,0,64,61,36,New York,005800
Census Tract 59; New York County; New York,2356,1187,0,713,438,18,0,0,0,0,36,New York,005900
Census Tract 60; New York County; New York,2354,1322,0,216,202,0,0,0,357,257,36,New York,006000
Census Tract 61; New York County; New York,2286,819,29,981,342,0,0,0,31,84,36,New York,006100
Census Tract 62; New York County; New York,1344,226,0,1084,0,0,0,0,0,34,36,New York,006200
Census Tract 63; New York County; New York,3379,1817,102,555,765,0,0,0,69,71,36,New York,006300
Census Tract 64; New York County; New York,4560,2097,84,1725,412,0,0,0,97,145,36,New York,006400
Census Tract 65; New York County; New York,2900,1501,81,764,416,12,0,0,33,93,36,New York,006500
Census Tract 66; New York County; New York,6746,3888,95,1865,576,0,0,0,201,121,36,New York,006600
Census Tract 67; New York County; New York,3194,1669,43,797,595,0,0,0,49,41,36,New York,006700
Census Tract 68; New York County; New York,3460,1314,115,956,558,0,288,0,136,93,36,New York,006800
Census Tract 69; New York County; New York,1154,458,0,637,38,0,0,0,13,8,36,New York,006900
Census Tract 70.01; New York County; New York,2108,917,78,894,167,0,0,0,32,20,36,New York,007001
Census Tract 70.02; New York County; New York,2248,956,0,976,163,0,0,0,124,29,36,New York,007002
Census Tract 71; New York County; New York,2732,1216,17,614,665,0,0,0,104,116,36,New York,007100
Census Tract 72; New York County; New York,4168,1522,103,1891,435,0,0,0,75,142,36,New York,007200
Census Tract 73; New York County; New York,3610,2119,47,884,510,0,0,0,23,27,36,New York,007300
Census Tract 74; New York County; New York,2758,1356,0,1059,115,0,0,0,115,113,36,New York,007400
Census Tract 75; New York County; New York,2329,1376,45,661,222,0,0,0,0,25,36,New York,007500
Census Tract 76; New York County; New York,1425,500,5,701,114,0,0,0,0,105,36,New York,007600
Census Tract 77; New York County; New York,3337,1861,49,820,486,0,0,0,97,24,36,New York,007700
Census Tract 78; New York County; New York,4685,2510,119,1439,229,0,0,0,169,219,36,New York,007800
Census Tract 79; New York County; New York,2535,1099,54,679,391,0,0,0,34,278,36,New York,007900
Census Tract 80; New York County; New York,2844,1287,44,783,540,0,0,0,59,131,36,New York,008000
Census Tract 81; New York County; New York,3912,2063,199,886,552,23,0,0,30,159,36,New York,008100
Census Tract 82; New York County; New York,1897,970,29,416,343,0,0,0,54,85,36,New York,008200
Census Tract 83; New York County; New York,2079,1014,198,524,241,0,0,0,14,88,36,New York,008300
Census Tract 84; New York County; New York,946,409,0,378,159,0,0,0,0,0,36,New York,008400
Census Tract 86.01; New York County; New York,1745,558,8,850,107,0,0,0,87,135,36,New York,008601
Census Tract 86.02; New York County; New York,0,0,0,0,0,0,0,0,0,0,36,New York,008602
Census Tract 86.03; New York County; New York,2759,1458,16,522,311,0,0,0,403,49,36,New York,008603
Census Tract 87; New York County; New York,3352,2061,48,827,163,0,23,0,81,149,36,New York,008700
Census Tract 88; New York County; New York,4911,1222,209,2638,310,0,0,0,337,195,36,New York,008800
Census Tract 89; New York County; New York,3086,1647,39,792,394,0,19,0,124,71,36,New York,008900
Census Tract 90; New York County; New York,4332,1999,84,1412,282,0,0,0,221,334,36,New York,009000
Census Tract 91; New York County; New York,3594,1506,43,1321,390,0,0,46,191,97,36,New York,009100
Census Tract 92; New York County; New York,893,347,0,330,72,0,0,0,15,129,36,New York,009200
Census Tract 93; New York County; New York,5568,2791,112,1552,687,0,0,0,223,203,36,New York,009300
Census Tract 94; New York County; New York,48,20,0,23,0,0,0,0,0,5,36,New York,009400
Census Tract 95; New York County; New York,1426,413,37,720,161,0,0,0,25,70,36,New York,009500
Census Tract 96; New York County; New York,164,19,0,99,8,0,0,0,10,28,36,New York,009600
Census Tract 97; New York County; New York,2698,742,91,1108,337,0,0,0,163,257,36,New York,009700
Census Tract 98; New York County; New York,4585,2706,102,1177,289,0,0,0,51,260,36,New York,009800
Census Tract 99.01; New York County; New York,975,366,26,525,31,0,0,0,0,27,36,New York,009901
Census Tract 99.02; New York County; New York,2212,665,0,1139,0,0,0,159,133,116,36,New York,009902
Census Tract 99.03; New York County; New York,651,166,0,379,0,0,0,0,59,47,36,New York,009903
Census Tract 100; New York County; New York,1098,734,10,116,140,0,0,0,77,21,36,New York,010000
Census Tract 101; New York County; New York,1116,318,43,723,0,0,0,0,15,17,36,New York,010100
Census Tract 102; New York County; New York,159,33,0,108,14,0,0,0,4,0,36,New York,010200
Census Tract 103; New York County; New York,1531,532,30,924,18,0,0,0,0,27,36,New York,010300
Census Tract 104; New York County; New York,570,176,0,198,121,0,0,0,51,24,36,New York,010400
Census Tract 106.01; New York County; New York,3960,2254,81,368,892,0,29,0,251,85,36,New York,010601
Census Tract 106.02; New York County; New York,2245,1354,42,591,152,0,0,0,75,31,36,New York,010602
Census Tract 108.01; New York County; New York,1881,1163,42,394,241,0,0,0,0,41,36,New York,010801
Census Tract 108.02; New York County; New York,2144,1273,0,331,418,0,0,0,50,72,36,New York,010802
Census Tract 108.03; New York County; New York,1019,489,20,425,11,0,0,0,10,64,36,New York,010803
Census Tract 109; New York County; New York,84,25,0,48,4,0,0,0,0,7,36,New York,010900
Census Tract 110; New York County; New York,3921,2200,61,1020,286,0,0,0,155,199,36,New York,011000
Census Tract 111; New York County; New York,2741,939,0,1443,189,0,0,0,32,138,36,New York,011100
Census Tract 112.01; New York County; New York,561,207,18,202,59,0,0,0,20,55,36,New York,011201
Census Tract 112.02; New York County; New York,309,114,7,89,71,0,0,0,7,21,36,New York,011202
Census Tract 112.03; New York County; New York,573,283,10,175,57,0,0,0,48,0,36,New York,011203
Census Tract 113; New York County; New York,34,6,0,14,7,0,0,0,0,7,36,New York,011300
Census Tract 114.01; New York County; New York,664,355,8,194,63,0,0,0,14,30,36,New York,011401
Census Tract 114.02; New York County; New York,1138,574,9,314,163,0,0,0,56,22,36,New York,011402
Census Tract 115; New York County; New York,1825,542,25,967,116,0,49,0,39,87,36,New York,011500
Census Tract 116; New York County; New York,2144,1510,109,387,57,0,0,0,0,81,36,New York,011600
Census Tract 117; New York County; New York,3364,685,22,2416,15,0,0,0,21,205,36,New York,011700
Census Tract 118; New York County; New York,5306,3006,259,1487,348,0,0,0,111,95,36,New York,011800
Census Tract 119; New York County; New York,1024,122,9,835,36,0,0,0,0,22,36,New York,011900
Census Tract 120; New York County; New York,1786,881,0,424,308,0,0,0,54,119,36,New York,012000
Census Tract 121.01; New York County; New York,1692,445,17,868,209,0,0,0,43,110,36,New York,012101
Census Tract 121.02; New York County; New York,3237,1133,25,1868,186,0,0,0,25,0,36,New York,012102
Census Tract 122; New York County; New York,1474,805,34,315,246,0,0,0,42,32,36,New York,012200
Census Tract 124; New York County; New York,4910,3116,34,1048,449,0,0,0,103,160,36,New York,012400
Census Tract 125; New York County; New York,1511,355,0,906,149,0,0,0,71,30,36,New York,012500
Census Tract 126.01; New York County; New York,3860,2826,43,358,349,0,110,0,134,40,36,New York,012601
Census Tract 126.02; New York County; New York,2385,1199,54,433,559,0,0,0,69,71,36,New York,012602
Census Tract 127; New York County; New York,4254,1670,62,1615,656,0,0,0,176,75,36,New York,012700
Census Tract 128; New York County; New York,2382,1424,19,353,421,0,0,0,142,23,36,New York,012800
Census Tract 129.01; New York County; New York,4544,1040,237,2556,396,0,0,0,76,239,36,New York,012901
Census Tract 129.02; New York County; New York,1333,539,25,452,231,0,0,0,86,0,36,New York,012902
Census Tract 130; New York County; New York,1642,1011,50,209,199,0,18,0,66,89,36,New York,013000
Census Tract 131; New York County; New York,2123,612,17,1112,227,0,0,0,119,36,36,New York,013100
Census Tract 132.01; New York County; New York,1240,716,13,206,259,0,0,0,12,34,36,New York,013201
Census Tract 132.02; New York County; New York,2220,1411,0,481,193,0,0,0,16,119,36,New York,013202
Census Tract 132.03; New York County; New York,2425,1372,29,525,332,0,0,0,55,112,36,New York,013203
Census Tract 133; New York County; New York,3960,2124,123,1312,247,0,0,0,28,126,36,New York,013300
Census Tract 134; New York County; New York,5596,3560,250,911,652,0,0,0,62,161,36,New York,013400
Census Tract 135.01; New York County; New York,2675,906,0,1331,211,0,0,2,61,164,36,New York,013501
Census Tract 135.02; New York County; New York,3499,840,22,2277,168,0,0,16,61,115,36,New York,013502
Census Tract 136.01; New York County; New York,952,661,0,60,118,0,0,0,11,102,36,New York,013601
Census Tract 136.02; New York County; New York,2697,1657,55,362,454,0,0,0,54,115,36,New York,013602
Census Tract 136.03; New York County; New York,2592,1131,13,640,404,0,0,0,45,359,36,New York,013603
Census Tract 136.04; New York County; New York,2388,1065,0,311,460,0,0,0,189,363,36,New York,013604
Census Tract 137; New York County; New York,3491,1145,160,1609,405,0,0,0,114,58,36,New York,013700
Census Tract 138; New York County; New York,6500,3405,105,1447,1489,0,0,0,0,54,36,New York,013800
Census Tract 139; New York County; New York,6383,2618,85,2171,1424,0,0,0,85,0,36,New York,013900
Census Tract 140; New York County; New York,3873,1976,187,726,814,0,0,0,64,106,36,New York,014000
Census Tract 142; New York County; New York,1911,1167,36,424,178,0,0,0,83,23,36,New York,014200
Census Tract 143; New York County; New York,0,0,0,0,0,0,0,0,0,0,36,New York,014300
Census Tract 144.01; New York County; New York,2500,1044,312,443,611,0,0,0,72,18,36,New York,014401
Census Tract 144.02; New York County; New York,3730,1865,67,1218,521,0,0,0,0,59,36,New York,014402
Census Tract 145; New York County; New York,3203,945,0,1690,160,0,0,20,154,234,36,New York,014500
Census Tract 146.01; New York County; New York,2265,1090,0,626,197,211,0,0,43,98,36,New York,014601
Census Tract 146.02; New York County; New York,5037,3253,166,656,807,0,0,0,98,57,36,New York,014602
Census Tract 147; New York County; New York,1419,749,12,599,9,0,0,0,5,45,36,New York,014700
Census Tract 148.01; New York County; New York,1248,500,32,342,216,0,0,0,48,110,36,New York,014801
Census Tract 148.02; New York County; New York,3234,1662,37,600,652,0,0,0,161,122,36,New York,014802
Census Tract 149; New York County; New York,2880,1220,38,1148,337,0,0,0,104,33,36,New York,014900
Census Tract 150.01; New York County; New York,1011,506,20,196,230,0,0,0,28,31,36,New York,015001
Census Tract 150.02; New York County; New York,2182,1063,93,343,575,0,0,0,57,51,36,New York,015002
Census Tract 151.01; New York County; New York,1482,797,0,570,100,0,0,0,2,13,36,New York,015101
Census Tract 151.02; New York County; New York,4556,2066,66,2145,133,0,0,0,14,132,36,New York,015102
Census Tract 152; New York County; New York,3665,1632,40,1291,517,0,0,0,25,160,36,New York,015200
Census Tract 153.01; New York County; New York,2411,767,12,423,1038,0,0,0,25,146,36,New York,015301
Census Tract 153.02; New York County; New York,3052,1094,22,953,781,0,0,38,54,110,36,New York,015302
Census Tract 154.01; New York County; New York,3219,1741,18,756,294,0,0,0,274,136,36,New York,015401
Census Tract 154.02; New York County; New York,1540,795,202,375,76,0,0,0,92,0,36,New York,015402
Census Tract 154.03; New York County; New York,2594,1388,0,922,218,0,0,0,66,0,36,New York,015403
Census Tract 155.01; New York County; New York,2982,963,27,693,676,0,0,0,228,395,36,New York,015501
Census Tract 155.02; New York County; New York,2887,1436,15,682,390,0,0,0,217,147,36,New York,015502
Census Tract 156.01; New York County; New York,2677,1508,96,736,168,0,0,0,27,142,36,New York,015601
Census Tract 156.02; New York County; New York,1089,584,0,327,70,0,0,0,22,86,36,New York,015602
Census Tract 157; New York County; New York,6425,3909,53,529,1613,0,0,0,29,292,36,New York,015700
Census Tract 158.01; New York County; New York,2657,1446,91,419,541,0,0,0,109,51,36,New York,015801
Census Tract 158.02; New York County; New York,2079,1261,0,593,171,0,0,0,0,54,36,New York,015802
Census Tract 159; New York County; New York,5164,2273,38,943,1569,0,0,0,142,199,36,New York,015900
Census Tract 160.01; New York County; New York,1401,601,29,139,517,0,6,0,104,5,36,New York,016001
Census Tract 160.02; New York County; New York,1190,792,24,100,222,0,0,0,41,11,36,New York,016002
Census Tract 161; New York County; New York,3907,2168,70,250,1223,0,0,0,76,120,36,New York,016100
Census Tract 162; New York County; New York,4617,3437,10,622,480,0,0,0,0,68,36,New York,016200
Census Tract 163; New York County; New York,3384,1393,22,580,1270,0,0,0,82,37,36,New York,016300
Census Tract 164; New York County; New York,3316,1923,0,891,349,0,0,0,13,140,36,New York,016400
Census Tract 165; New York County; New York,3270,1872,136,362,646,0,53,0,145,56,36,New York,016500
Census Tract 166; New York County; New York,2898,2009,44,459,333,0,0,0,32,21,36,New York,016600
Census Tract 167; New York County; New York,3231,1716,177,413,758,0,0,0,33,134,36,New York,016700
Census Tract 168; New York County; New York,1822,1355,0,193,162,0,0,0,49,63,36,New York,016800
Census Tract 169; New York County; New York,4369,1998,36,1063,1099,0,0,0,146,27,36,New York,016900
Census Tract 170; New York County; New York,3352,2399,102,349,312,0,0,0,96,94,36,New York,017000
Census Tract 171; New York County; New York,4073,1914,0,657,1205,0,0,0,188,109,36,New York,017100
Census Tract 172; New York County; New York,2299,1603,25,444,147,0,0,0,52,28,36,New York,017200
Census Tract 173; New York County; New York,4361,2285,70,643,912,0,0,0,203,248,36,New York,017300
Census Tract 174.01; New York County; New York,2130,1309,34,443,215,0,0,0,45,84,36,New York,017401
Census Tract 174.02; New York County; New York,1082,542,6,412,0,0,0,0,0,122,36,New York,017402
Census Tract 175; New York County; New York,4450,2154,86,359,1440,0,0,0,277,134,36,New York,017500
Census Tract 177; New York County; New York,4471,2480,170,723,733,0,0,0,96,269,36,New York,017700
Census Tract 178; New York County; New York,1876,1247,89,169,225,0,0,0,31,115,36,New York,017800
Census Tract 179; New York County; New York,4174,1958,99,631,1178,0,0,0,92,216,36,New York,017900
Census Tract 180; New York County; New York,2943,2177,68,367,234,0,0,0,0,97,36,New York,018000
Census Tract 181; New York County; New York,4256,2123,129,594,884,0,0,0,254,272,36,New York,018100
Census Tract 182; New York County; New York,3088,2176,10,464,308,0,0,0,0,130,36,New York,018200
Census Tract 183; New York County; New York,3751,1499,101,617,1212,0,6,47,165,104,36,New York,018300
Census Tract 184; New York County; New York,3351,2612,99,367,167,0,0,0,0,106,36,New York,018400
Census Tract 185; New York County; New York,2753,1672,34,483,395,0,0,0,64,105,36,New York,018500
Census Tract 186; New York County; New York,2003,1067,52,123,531,0,0,13,17,200,36,New York,018600
Census Tract 187; New York County; New York,3957,2437,0,157,1185,0,0,0,74,104,36,New York,018700
Census Tract 188; New York County; New York,2394,1362,42,354,361,0,0,0,0,275,36,New York,018800
Census Tract 189; New York County; New York,4641,2547,128,603,842,0,0,0,129,392,36,New York,018900
Census Tract 190; New York County; New York,1723,1031,70,440,86,0,0,0,40,56,36,New York,019000
Census Tract 191; New York County; New York,4258,2327,264,258,1184,0,0,0,115,110,36,New York,019100
Census Tract 192; New York County; New York,1653,606,0,220,602,0,0,67,10,148,36,New York,019200
Census Tract 193; New York County; New York,4136,2184,217,806,513,0,0,0,394,22,36,New York,019300
Census Tract 194; New York County; New York,2782,1544,17,536,440,0,0,0,160,85,36,New York,019400
Census Tract 195; New York County; New York,3214,1726,52,218,944,0,0,0,135,139,36,New York,019500
Census Tract 196; New York County; New York,1845,1090,10,478,189,0,0,0,13,65,36,New York,019600
Census Tract 197.01; New York County; New York,527,100,16,362,10,0,0,0,16,23,36,New York,019701
Census Tract 197.02; New York County; New York,1160,697,16,169,208,0,0,0,15,55,36,New York,019702
Census Tract 198; New York County; New York,975,611,15,225,100,0,0,0,10,14,36,New York,019800
Census Tract 199; New York County; New York,3224,1939,126,267,678,0,0,0,89,125,36,New York,019900
Census Tract 200; New York County; New York,1578,842,51,315,320,0,0,7,21,22,36,New York,020000
Census Tract 201.01; New York County; New York,315,115,0,101,69,5,0,0,15,10,36,New York,020101
Census Tract 201.02; New York County; New York,1656,1074,18,343,142,0,0,0,18,61,36,New York,020102
Census Tract 203; New York County; New York,448,236,0,38,156,0,0,0,13,5,36,New York,020300
Census Tract 205; New York County; New York,1230,630,39,111,372,0,0,0,37,41,36,New York,020500
Census Tract 206; New York County; New York,1688,992,19,357,226,0,0,0,31,63,36,New York,020600
Census Tract 207.01; New York County; New York,1082,644,34,198,70,0,0,0,56,80,36,New York,020701
Census Tract 208; New York County; New York,2256,1495,28,554,132,0,0,0,24,23,36,New York,020800
Census Tract 209.01; New York County; New York,1423,616,38,373,263,0,0,0,49,84,36,New York,020901
Census Tract 210; New York County; New York,3368,2391,78,464,202,33,0,0,98,102,36,New York,021000
Census Tract 211; New York County; New York,4345,2581,78,613,875,0,0,0,132,66,36,New York,021100
Census Tract 212; New York County; New York,2640,1741,92,515,137,0,0,17,34,104,36,New York,021200
Census Tract 213.03; New York County; New York,2385,1273,40,425,621,0,0,0,0,26,36,New York,021303
Census Tract 214; New York County; New York,2126,1393,52,397,158,0,0,0,39,87,36,New York,021400
Census Tract 215; New York County; New York,1796,1108,35,511,124,0,0,0,18,0,36,New York,021500
Census Tract 216; New York County; New York,3278,1669,66,458,763,0,0,0,166,156,36,New York,021600
Census Tract 217.03; New York County; New York,0,0,0,0,0,0,0,0,0,0,36,New York,021703
Census Tract 218; New York County; New York,3041,1598,90,923,373,21,0,0,28,8,36,New York,021800
Census Tract 219; New York County; New York,1971,930,0,497,497,0,0,0,40,7,36,New York,021900
Census Tract 220; New York County; New York,2958,1889,58,724,206,0,0,0,43,38,36,New York,022000
Census Tract 221.02; New York County; New York,1160,606,30,184,260,0,0,0,35,45,36,New York,022102
Census Tract 222; New York County; New York,1536,777,42,569,108,0,0,0,0,40,36,New York,022200
Census Tract 223.01; New York County; New York,2614,1576,202,216,544,0,0,0,27,49,36,New York,022301
Census Tract 223.02; New York County; New York,1341,877,12,206,160,0,0,0,12,74,36,New York,022302
Census Tract 224; New York County; New York,2812,1219,34,762,703,0,0,0,27,67,36,New York,022400
Census Tract 225; New York County; New York,3845,1909,45,371,1218,89,0,0,96,117,36,New York,022500
Census Tract 226; New York County; New York,2015,943,20,555,443,0,0,0,54,0,36,New York,022600
Census Tract 227; New York County; New York,2252,1078,35,108,977,0,0,0,26,28,36,New York,022700
Census Tract 228; New York County; New York,2911,1608,298,518,355,0,0,0,99,33,36,New York,022800
Census Tract 229; New York County; New York,2979,1109,98,347,1360,0,0,0,65,0,36,New York,022900
Census Tract 230; New York County; New York,3888,2043,59,542,899,0,0,84,102,159,36,New York,023000
Census Tract 231; New York County; New York,2589,1113,25,435,800,0,0,0,196,20,36,New York,023100
Census Tract 232; New York County; New York,3484,2080,80,376,849,0,0,0,44,55,36,New York,023200
Census Tract 233; New York County; New York,2645,1066,55,451,960,0,0,14,25,74,36,New York,023300
Census Tract 234; New York County; New York,2446,1069,201,661,398,0,0,0,38,79,36,New York,023400
Census Tract 235.01; New York County; New York,2692,1335,40,501,732,0,0,0,32,52,36,New York,023501
Census Tract 235.02; New York County; New York,817,361,19,176,201,0,0,0,44,16,36,New York,023502
Census Tract 236; New York County; New York,4240,2242,128,1219,565,0,0,0,21,65,36,New York,023600
Census Tract 237; New York County; New York,2566,1016,128,176,1033,0,0,0,74,139,36,New York,023700
Census Tract 238.02; New York County; New York,1984,289,0,1599,0,0,0,32,56,8,36,New York,023802
Census Tract 238.03; New York County; New York,1630,336,13,1125,39,0,0,0,0,117,36,New York,023803
Census Tract 238.04; New York County; New York,1532,419,0,995,62,0,0,0,0,56,36,New York,023804
Census Tract 239; New York County; New York,1216,531,4,295,261,0,0,0,80,45,36,New York,023900
Census Tract 240; New York County; New York,0,0,0,0,0,0,0,0,0,0,36,New York,024000
Census Tract 241; New York County; New York,3264,1461,110,660,882,0,14,0,120,17,36,New York,024100
Census Tract 242; New York County; New York,1918,1011,0,747,97,0,0,6,28,29,36,New York,024200
Census Tract 243.01; New York County; New York,1586,638,61,578,241,0,0,0,19,49,36,New York,024301
Census Tract 243.02; New York County; New York,2648,1014,0,892,378,42,0,0,152,170,36,New York,024302
Census Tract 245; New York County; New York,5363,2255,0,1961,1113,0,0,0,0,34,36,New York,024500
Census Tract 247; New York County; New York,2672,1144,71,712,523,0,0,0,40,182,36,New York,024700
Census Tract 249; New York County; New York,443,235,26,142,40,0,0,0,0,0,36,New York,024900
Census Tract 251; New York County; New York,848,391,26,252,113,0,0,0,26,40,36,New York,025100
Census Tract 253; New York County; New York,4072,2234,138,609,839,0,0,0,94,158,36,New York,025300
Census Tract 255; New York County; New York,1801,721,14,376,563,0,0,0,127,0,36,New York,025500
Census Tract 257; New York County; New York,2085,989,46,426,532,0,0,11,63,18,36,New York,025700
Census Tract 259; New York County; New York,1801,978,24,501,175,0,0,0,23,100,36,New York,025900
Census Tract 261; New York County; New York,3698,2447,51,602,352,0,0,0,168,78,36,New York,026100
Census Tract 263; New York County; New York,2810,1789,32,357,476,0,0,0,87,69,36,New York,026300
Census Tract 265; New York County; New York,2959,1323,143,352,973,12,0,0,53,103,36,New York,026500
Census Tract 267; New York County; New York,563,423,0,31,78,0,0,0,31,0,36,New York,026700
Census Tract 269; New York County; New York,2428,1320,96,439,444,0,0,0,0,129,36,New York,026900
Census Tract 271; New York County; New York,3066,1728,96,389,670,0,0,0,137,46,36,New York,027100
Census Tract 273; New York County; New York,3174,1595,67,212,1034,0,0,0,125,141,36,New York,027300
Census Tract 275; New York County; New York,1762,729,22,394,537,0,0,18,46,16,36,New York,027500
Census Tract 277; New York County; New York,2056,1354,73,158,369,0,0,0,0,102,36,New York,027700
Census Tract 279; New York County; New York,4313,2412,117,282,1132,0,0,33,67,270,36,New York,027900
Census Tract 281; New York County; New York,1522,908,39,68,386,0,0,0,46,75,36,New York,028100
Census Tract 283; New York County; New York,3278,1876,29,240,1000,0,0,0,85,48,36,New York,028300
Census Tract 285; New York County; New York,2479,1221,15,211,854,0,0,0,110,68,36,New York,028500
Census Tract 287; New York County; New York,1678,955,0,154,465,0,0,0,27,77,36,New York,028700
Census Tract 291; New York County; New York,4033,2149,50,635,837,0,0,0,80,282,36,New York,029100
Census Tract 293; New York County; New York,2911,1026,55,730,893,0,0,0,96,111,36,New York,029300
Census Tract 295; New York County; New York,3309,1965,256,259,720,0,0,0,0,109,36,New York,029500
Census Tract 297; New York County; New York,0,0,0,0,0,0,0,0,0,0,36,New York,029700
Census Tract 299; New York County; New York,1409,864,65,140,195,0,0,0,34,111,36,New York,029900
Census Tract 303; New York County; New York,1725,890,74,104,545,0,0,0,35,77,36,New York,030300
Census Tract 307; New York County; New York,1821,721,42,129,929,0,0,0,0,0,36,New York,030700
Census Tract 309; New York County; New York,3585,2163,205,534,494,0,0,0,40,149,36,New York,030900
Census Tract 311; New York County; New York,0,0,0,0,0,0,0,0,0,0,36,New York,031100
Census Tract 317.03; New York County; New York,2584,898,0,1584,43,0,0,22,0,37,36,New York,031703
Census Tract 317.04; New York County; New York,4725,1385,32,2657,299,0,0,0,12,340,36,New York,031704
Census Tract 319; New York County; New York,0,0,0,0,0,0,0,0,0,0,36,New York,031900
Census Tract 1.01; Queens County; New York,2327,961,0,1066,262,0,17,0,18,3,36,Queens,000101
Census Tract 1.02; Queens County; New York,3008,1749,11,1140,40,0,0,0,0,68,36,Queens,000102
Census Tract 1.03; Queens County; New York,17,0,0,17,0,0,0,0,0,0,36,Queens,000103
Census Tract 1.04; Queens County; New York,22,22,0,0,0,0,0,0,0,0,36,Queens,000104
Census Tract 2; Queens County; New York,853,758,6,32,21,0,0,0,36,0,36,Queens,000200
Census Tract 4; Queens County; New York,1146,1065,0,0,68,0,0,0,0,13,36,Queens,000400
Census Tract 6; Queens County; New York,1043,872,21,66,63,0,0,0,21,0,36,Queens,000600
Census Tract 7.01; Queens County; New York,1521,839,37,581,54,0,0,0,0,10,36,Queens,000701
Census Tract 7.02; Queens County; New York,1832,1064,0,454,224,0,15,0,18,57,36,Queens,000702
Census Tract 8; Queens County; New York,1049,853,48,33,115,0,0,0,0,0,36,Queens,000800
Census Tract 10; Queens County; New York,1142,1003,22,40,77,0,0,0,0,0,36,Queens,001000
Census Tract 12; Queens County; New York,1235,1033,55,16,115,0,0,0,0,16,36,Queens,001200
Census Tract 14; Queens County; New York,1144,920,21,0,203,0,0,0,0,0,36,Queens,001400
Census Tract 16; Queens County; New York,727,571,29,71,42,0,0,0,0,14,36,Queens,001600
Census Tract 18; Queens County; New York,900,732,55,10,59,0,0,0,34,10,36,Queens,001800
Census Tract 19.01; Queens County; New York,945,379,53,499,0,0,0,0,0,14,36,Queens,001901
Census Tract 19.02; Queens County; New York,3650,1853,4,1655,0,0,0,0,0,138,36,Queens,001902
Census Tract 19.03; Queens County; New York,768,263,0,413,30,0,0,0,46,16,36,Queens,001903
Census Tract 20; Queens County; New York,442,417,0,14,11,0,0,0,0,0,36,Queens,002000
Census Tract 22; Queens County; New York,671,461,34,64,98,0,0,0,0,14,36,Queens,002200
Census Tract 24; Queens County; New York,653,573,12,20,48,0,0,0,0,0,36,Queens,002400
Census Tract 25; Queens County; New York,3221,2446,0,409,83,0,0,0,35,248,36,Queens,002500
Census Tract 26; Queens County; New York,681,585,12,35,41,0,0,0,0,8,36,Queens,002600
Census Tract 28; Queens County; New York,1105,903,68,49,39,0,0,0,28,18,36,Queens,002800
Census Tract 30; Queens County; New York,426,405,9,0,6,0,0,0,0,6,36,Queens,003000
Census Tract 31; Queens County; New York,835,384,7,317,100,0,0,0,4,23,36,Queens,003100
Census Tract 32; Queens County; New York,550,489,0,22,39,0,0,0,0,0,36,Queens,003200
Census Tract 33.01; Queens County; New York,1774,684,36,889,13,0,0,0,25,127,36,Queens,003301
Census Tract 33.02; Queens County; New York,426,238,18,90,53,0,0,0,0,27,36,Queens,003302
Census Tract 34; Queens County; New York,720,651,19,20,30,0,0,0,0,0,36,Queens,003400
Census Tract 36; Queens County; New York,1136,989,1,84,23,0,0,0,39,0,36,Queens,003600
Census Tract 37; Queens County; New York,0,0,0,0,0,0,0,0,0,0,36,Queens,003700
Census Tract 38; Queens County; New York,652,559,0,80,13,0,0,0,0,0,36,Queens,003800
Census Tract 39; Queens County; New York,541,419,0,49,35,0,0,0,0,38,36,Queens,003900
Census Tract 40.01; Queens County; New York,674,526,18,64,62,0,0,4,0,0,36,Queens,004001
Census Tract 40.02; Queens County; New York,528,303,0,54,153,0,0,0,0,18,36,Queens,004002
Census Tract 42; Queens County; New York,1051,833,16,65,102,0,0,0,12,23,36,Queens,004200
Census Tract 43; Queens County; New York,966,755,0,47,51,0,0,0,20,93,36,Queens,004300
Census Tract 44.01; Queens County; New York,1134,907,75,53,84,0,0,0,0,15,36,Queens,004401
Census Tract 45; Queens County; New York,1532,966,102,87,326,0,0,11,0,40,36,Queens,004500
Census Tract 47; Queens County; New York,1834,1353,26,275,85,0,0,0,15,80,36,Queens,004700
Census Tract 50; Queens County; New York,0,0,0,0,0,0,0,0,0,0,36,Queens,005000
Census Tract 51; Queens County; New York,797,495,5,186,70,0,0,0,20,21,36,Queens,005100
Census Tract 52; Queens County; New York,708,490,45,87,86,0,0,0,0,0,36,Queens,005200
Census Tract 53; Queens County; New York,2537,1377,83,317,609,0,0,0,32,119,36,Queens,005300
Census Tract 54; Queens County; New York,1784,1467,92,27,159,0,0,0,12,27,36,Queens,005400
Census Tract 55; Queens County; New York,552,371,7,117,34,0,0,0,6,17,36,Queens,005500
Census Tract 57; Queens County; New York,1752,1123,54,119,337,0,0,0,0,119,36,Queens,005700
Census Tract 58; Queens County; New York,1905,1737,74,39,55,0,0,0,0,0,36,Queens,005800
Census Tract 59; Queens County; New York,1786,1154,20,289,323,0,0,0,0,0,36,Queens,005900
Census Tract 61; Queens County; New York,2672,1459,32,490,608,0,0,0,16,67,36,Queens,006100
Census Tract 62.01; Queens County; New York,3136,2371,103,289,308,0,0,0,33,32,36,Queens,006201
Census Tract 62.02; Queens County; New York,2312,1671,212,146,253,0,0,0,0,30,36,Queens,006202
Census Tract 63; Queens County; New York,2885,2231,26,199,339,0,0,15,15,60,36,Queens,006300
Census Tract 65.01; Queens County; New York,1597,997,41,113,348,0,0,0,60,38,36,Queens,006501
Census Tract 65.02; Queens County; New York,1766,1191,168,224,143,0,0,0,10,30,36,Queens,006502
Census Tract 69; Queens County; New York,2053,1456,31,396,116,0,0,0,0,54,36,Queens,006900
Census Tract 71; Queens County; New York,1718,1290,159,141,108,0,0,0,6,14,36,Queens,007100
Census Tract 73; Queens County; New York,2020,1342,81,235,337,0,0,0,9,16,36,Queens,007300
Census Tract 75; Queens County; New York,2488,1420,36,331,548,0,0,0,60,93,36,Queens,007500
Census Tract 77; Queens County; New York,905,404,36,340,76,0,0,0,31,18,36,Queens,007700
Census Tract 79; Queens County; New York,1266,788,16,388,74,0,0,0,0,0,36,Queens,007900
Census Tract 81; Queens County; New York,616,233,7,333,33,0,0,0,0,10,36,Queens,008100
Census Tract 83; Queens County; New York,906,649,8,194,36,0,0,0,4,15,36,Queens,008300
Census Tract 85; Queens County; New York,432,217,10,104,65,0,0,0,13,23,36,Queens,008500
Census Tract 86; Queens County; New York,979,767,7,84,121,0,0,0,0,0,36,Queens,008600
Census Tract 87; Queens County; New York,1521,1050,30,252,39,0,0,0,54,96,36,Queens,008700
Census Tract 88; Queens County; New York,1184,873,37,184,38,0,0,0,0,52,36,Queens,008800
Census Tract 91; Queens County; New York,922,304,17,504,83,0,0,0,0,14,36,Queens,009100
Census Tract 94; Queens County; New York,771,555,43,33,140,0,0,0,0,0,36,Queens,009400
Census Tract 95; Queens County; New York,832,562,47,52,131,0,0,0,40,0,36,Queens,009500
Census Tract 96; Queens County; New York,1010,809,63,0,98,0,0,0,22,18,36,Queens,009600
Census Tract 97; Queens County; New York,1559,1001,70,240,217,0,0,0,0,31,36,Queens,009700
Census Tract 98; Queens County; New York,703,606,68,7,11,0,0,11,0,0,36,Queens,009800
Census Tract 99; Queens County; New York,0,0,0,0,0,0,0,0,0,0,36,Queens,009900
Census Tract 100; Queens County; New York,946,651,66,10,171,48,0,0,0,0,36,Queens,010000
Census Tract 101; Queens County; New York,1059,831,7,98,111,0,0,0,12,0,36,Queens,010100
Census Tract 102; Queens County; New York,854,651,7,44,118,0,7,0,5,22,36,Queens,010200
Census Tract 103; Queens County; New York,1816,947,79,322,365,0,0,0,103,0,36,Queens,010300
Census Tract 104; Queens County; New York,1033,874,54,33,72,0,0,0,0,0,36,Queens,010400
Census Tract 105; Queens County; New York,1885,1151,28,333,273,0,0,0,47,53,36,Queens,010500
Census Tract 106; Queens County; New York,989,811,9,10,159,0,0,0,0,0,36,Queens,010600
Census Tract 107.01; Queens County; New York,0,0,0,0,0,0,0,0,0,0,36,Queens,010701
Census Tract 108; Queens County; New York,748,632,11,1,104,0,0,0,0,0,36,Queens,010800
Census Tract 110; Queens County; New York,775,617,54,40,30,0,0,0,34,0,36,Queens,011000
Census Tract 111; Queens County; New York,1338,850,51,154,185,0,0,0,57,41,36,Queens,011100
Census Tract 112; Queens County; New York,857,568,164,21,80,0,0,0,24,0,36,Queens,011200
Census Tract 113; Queens County; New York,1944,1124,124,411,264,0,0,0,0,21,36,Queens,011300
Census Tract 114; Queens County; New York,397,374,0,0,23,0,0,0,0,0,36,Queens,011400
Census Tract 115; Queens County; New York,1035,699,48,105,171,0,0,0,0,12,36,Queens,011500
Census Tract 116; Queens County; New York,629,500,6,31,92,0,0,0,0,0,36,Queens,011600
Census Tract 117; Queens County; New York,1638,992,97,182,298,0,0,0,69,0,36,Queens,011700
Census Tract 118; Queens County; New York,923,753,43,112,15,0,0,0,0,0,36,Queens,011800
Census Tract 119; Queens County; New York,715,473,25,79,118,0,0,0,20,0,36,Queens,011900
Census Tract 120; Queens County; New York,658,598,7,45,8,0,0,0,0,0,36,Queens,012000
Census Tract 121; Queens County; New York,844,435,42,106,253,0,0,0,8,0,36,Queens,012100
Census Tract 122; Queens County; New York,713,531,14,16,68,0,0,0,37,47,36,Queens,012200
Census Tract 123.01; Queens County; New York,1289,840,44,213,143,0,0,0,0,49,36,Queens,012301
Census Tract 124; Queens County; New York,902,806,36,24,22,0,0,0,0,14,36,Queens,012400
Census Tract 125; Queens County; New York,632,363,39,52,150,0,0,0,28,0,36,Queens,012500
Census Tract 126.01; Queens County; New York,772,634,0,0,81,0,0,0,13,44,36,Queens,012601
Census Tract 126.02; Queens County; New York,744,567,45,84,48,0,0,0,0,0,36,Queens,012602
Census Tract 128; Queens County; New York,722,528,0,44,130,0,11,0,9,0,36,Queens,012800
Census Tract 130; Queens County; New York,697,401,28,22,48,0,0,0,34,164,36,Queens,013000
Census Tract 132; Queens County; New York,681,470,64,17,103,0,0,6,10,11,36,Queens,013200
Census Tract 134; Queens County; New York,2401,1505,87,271,427,0,0,0,23,88,36,Queens,013400
Census Tract 135; Queens County; New York,491,380,8,67,36,0,0,0,0,0,36,Queens,013500
Census Tract 136; Queens County; New York,896,626,24,79,159,0,0,2,0,6,36,Queens,013600
Census Tract 137; Queens County; New York,877,422,77,180,198,0,0,0,0,0,36,Queens,013700
Census Tract 138; Queens County; New York,1494,1271,24,56,45,0,0,0,63,35,36,Queens,013800
Census Tract 140; Queens County; New York,1391,1115,9,68,146,0,0,0,39,14,36,Queens,014000
Census Tract 141; Queens County; New York,768,541,13,47,111,0,0,0,44,12,36,Queens,014100
Census Tract 142.01; Queens County; New York,1552,1143,62,187,135,0,0,0,0,25,36,Queens,014201
Census Tract 142.02; Queens County; New York,664,509,0,0,149,0,0,0,0,6,36,Queens,014202
Census Tract 143; Queens County; New York,1687,1082,27,206,332,0,0,0,28,12,36,Queens,014300
Census Tract 144; Queens County; New York,504,381,47,0,76,0,0,0,0,0,36,Queens,014400
Census Tract 145; Queens County; New York,1027,548,28,260,155,0,0,0,8,28,36,Queens,014500
Census Tract 147; Queens County; New York,1469,832,73,156,312,0,0,0,81,15,36,Queens,014700
Census Tract 148; Queens County; New York,624,551,35,30,0,0,0,0,8,0,36,Queens,014800
Census Tract 149; Queens County; New York,1015,625,16,148,225,0,0,0,1,0,36,Queens,014900
Census Tract 150; Queens County; New York,580,481,17,28,24,0,0,6,0,24,36,Queens,015000
Census Tract 151; Queens County; New York,1252,801,36,70,250,0,0,0,73,22,36,Queens,015100
Census Tract 152; Queens County; New York,746,712,15,0,19,0,0,0,0,0,36,Queens,015200
Census Tract 153; Queens County; New York,835,527,33,99,146,0,0,0,30,0,36,Queens,015300
Census Tract 154; Queens County; New York,507,412,0,26,36,0,0,0,0,33,36,Queens,015400
Census Tract 155; Queens County; New York,806,541,19,125,70,0,0,1,23,27,36,Queens,015500
Census Tract 156; Queens County; New York,838,695,72,24,34,0,13,0,0,0,36,Queens,015600
Census Tract 157; Queens County; New York,857,571,57,105,70,0,0,0,12,42,36,Queens,015700
Census Tract 158.01; Queens County; New York,1049,944,1,68,36,0,0,0,0,0,36,Queens,015801
Census Tract 158.02; Queens County; New York,1198,1010,0,68,70,0,0,8,0,42,36,Queens,015802
Census Tract 159; Queens County; New York,1740,1176,38,115,374,0,0,0,24,13,36,Queens,015900
Census Tract 161; Queens County; New York,818,582,4,45,187,0,0,0,0,0,36,Queens,016100
Census Tract 163; Queens County; New York,1678,1148,35,66,227,0,0,0,35,167,36,Queens,016300
Census Tract 164; Queens County; New York,910,861,10,26,5,0,0,0,0,8,36,Queens,016400
Census Tract 166; Queens County; New York,1159,945,38,39,122,0,0,0,15,0,36,Queens,016600
Census Tract 168; Queens County; New York,863,774,2,0,59,0,0,16,6,6,36,Queens,016800
Census Tract 169; Queens County; New York,2596,1915,90,120,336,0,0,0,78,57,36,Queens,016900
Census Tract 170; Queens County; New York,657,525,14,34,46,0,0,6,17,15,36,Queens,017000
Census Tract 171.01; Queens County; New York,0,0,0,0,0,0,0,0,0,0,36,Queens,017101
Census Tract 171.02; Queens County; New York,4,4,0,0,0,0,0,0,0,0,36,Queens,017102
Census Tract 172; Queens County; New York,541,451,0,33,28,0,0,0,29,0,36,Queens,017200
Census Tract 174; Queens County; New York,716,588,38,48,42,0,0,0,0,0,36,Queens,017400
Census Tract 176; Queens County; New York,608,477,46,29,51,0,0,0,0,5,36,Queens,017600
Census Tract 178; Queens County; New York,607,549,22,25,11,0,0,0,0,0,36,Queens,017800
Census Tract 179.01; Queens County; New York,485,306,32,1,97,0,0,0,49,0,36,Queens,017901
Census Tract 179.02; Queens County; New York,0,0,0,0,0,0,0,0,0,0,36,Queens,017902
Census Tract 180; Queens County; New York,383,316,0,6,61,0,0,0,0,0,36,Queens,018000
Census Tract 181.01; Queens County; New York,1788,1334,84,103,201,0,0,0,48,18,36,Queens,018101
Census Tract 181.02; Queens County; New York,1770,1195,128,83,295,16,0,0,53,0,36,Queens,018102
Census Tract 182; Queens County; New York,734,623,9,53,48,0,0,0,1,0,36,Queens,018200
Census Tract 183; Queens County; New York,2397,1915,34,187,180,0,0,10,17,54,36,Queens,018300
Census Tract 184.01; Queens County; New York,716,545,4,58,56,0,0,44,0,9,36,Queens,018401
Census Tract 184.02; Queens County; New York,672,562,18,18,44,0,13,0,6,11,36,Queens,018402
Census Tract 185.01; Queens County; New York,1762,1302,43,127,196,0,0,0,21,73,36,Queens,018501
Census Tract 185.02; Queens County; New York,1590,1004,48,232,248,0,0,0,46,12,36,Queens,018502
Census Tract 186; Queens County; New York,563,456,27,55,22,0,0,0,3,0,36,Queens,018600
Census Tract 187; Queens County; New York,1030,855,88,47,35,0,0,0,5,0,36,Queens,018700
Census Tract 188; Queens County; New York,391,355,8,22,6,0,0,0,0,0,36,Queens,018800
Census Tract 189; Queens County; New York,1268,929,63,114,124,5,0,0,14,19,36,Queens,018900
Census Tract 190; Queens County; New York,840,798,12,0,30,0,0,0,0,0,36,Queens,019000
Census Tract 192; Queens County; New York,662,633,0,13,16,0,0,0,0,0,36,Queens,019200
Census Tract 194; Queens County; New York,882,731,24,38,89,0,0,0,0,0,36,Queens,019400
Census Tract 196; Queens County; New York,877,843,1,0,33,0,0,0,0,0,36,Queens,019600
Census Tract 198; Queens County; New York,964,856,0,63,45,0,0,0,0,0,36,Queens,019800
Census Tract 199.01; Queens County; New York,115,92,0,6,17,0,0,0,0,0,36,Queens,019901
Census Tract 199.02; Queens County; New York,7,7,0,0,0,0,0,0,0,0,36,Queens,019902
Census Tract 199.03; Queens County; New York,0,0,0,0,0,0,0,0,0,0,36,Queens,019903
Census Tract 202; Queens County; New York,414,383,2,21,8,0,0,0,0,0,36,Queens,020200
Census Tract 204; Queens County; New York,692,602,8,30,52,0,0,0,0,0,36,Queens,020400
Census Tract 205; Queens County; New York,414,335,8,52,19,0,0,0,0,0,36,Queens,020500
Census Tract 206; Queens County; New York,412,299,23,57,33,0,0,0,0,0,36,Queens,020600
Census Tract 208; Queens County; New York,1225,1011,21,121,59,0,0,13,0,0,36,Queens,020800
Census Tract 212; Queens County; New York,709,621,27,11,43,0,0,0,0,7,36,Queens,021200
Census Tract 214; Queens County; New York,2246,1842,39,28,256,0,0,0,18,63,36,Queens,021400
Census Tract 216.01; Queens County; New York,1504,886,64,363,117,0,0,0,18,56,36,Queens,021601
Census Tract 216.02; Queens County; New York,540,399,7,40,75,0,0,0,0,19,36,Queens,021602
Census Tract 216.03; Queens County; New York,0,0,0,0,0,0,0,0,0,0,36,Queens,021603
Census Tract 219; Queens County; New York,0,0,0,0,0,0,0,0,0,0,36,Queens,021900
Census Tract 220.01; Queens County; New York,2753,1940,102,238,293,0,0,0,49,131,36,Queens,022001
Census Tract 220.02; Queens County; New York,2745,2188,77,86,358,0,0,0,0,36,36,Queens,022002
Census Tract 229; Queens County; New York,0,0,0,0,0,0,0,0,0,0,36,Queens,022900
Census Tract 230; Queens County; New York,548,489,5,10,44,0,0,0,0,0,36,Queens,023000
Census Tract 232; Queens County; New York,1894,1557,20,101,196,0,0,0,8,12,36,Queens,023200
Census Tract 235.01; Queens County; New York,1632,1288,0,149,181,0,0,0,0,14,36,Queens,023501
Census Tract 235.02; Queens County; New York,1191,834,29,62,71,0,0,0,74,121,36,Queens,023502
Census Tract 236; Queens County; New York,1048,816,0,165,0,0,0,0,1,66,36,Queens,023600
Census Tract 238; Queens County; New York,1524,1165,0,143,200,0,0,0,0,16,36,Queens,023800
Census Tract 240; Queens County; New York,2102,1723,0,209,111,0,0,0,59,0,36,Queens,024000
Census Tract 243; Queens County; New York,2235,1981,22,172,60,0,0,0,0,0,36,Queens,024300
Census Tract 245; Queens County; New York,2166,1440,32,374,277,0,0,0,6,37,36,Queens,024500
Census Tract 246; Queens County; New York,0,0,0,0,0,0,0,0,0,0,36,Queens,024600
Census Tract 247; Queens County; New York,452,346,33,50,16,0,0,0,4,3,36,Queens,024700
Census Tract 249; Queens County; New York,2144,1555,130,112,124,0,0,0,101,122,36,Queens,024900
Census Tract 251; Queens County; New York,2526,1961,69,55,267,0,0,0,20,154,36,Queens,025100
Census Tract 253.01; Queens County; New York,1794,1380,46,60,246,0,0,0,45,17,36,Queens,025301
Census Tract 253.02; Queens County; New York,1210,888,40,72,127,0,0,0,75,8,36,Queens,025302
Census Tract 254.01; Queens County; New York,972,856,0,98,18,0,0,0,0,0,36,Queens,025401
Census Tract 254.02; Queens County; New York,2158,1630,34,156,168,0,0,0,22,148,36,Queens,025402
Census Tract 255; Queens County; New York,496,345,37,26,69,0,0,0,13,6,36,Queens,025500
Census Tract 257; Queens County; New York,559,470,8,41,40,0,0,0,0,0,36,Queens,025700
Census Tract 258; Queens County; New York,560,499,5,8,48,0,0,0,0,0,36,Queens,025800
Census Tract 259; Queens County; New York,1356,1089,74,68,125,0,0,0,0,0,36,Queens,025900
Census Tract 260; Queens County; New York,725,652,36,17,10,0,0,0,6,4,36,Queens,026000
Census Tract 261; Queens County; New York,2397,1965,79,103,211,0,0,0,0,39,36,Queens,026100
Census Tract 262; Queens County; New York,441,384,0,50,7,0,0,0,0,0,36,Queens,026200
Census Tract 263; Queens County; New York,2180,1737,16,123,171,0,0,0,34,99,36,Queens,026300
Census Tract 264; Queens County; New York,842,709,16,31,47,0,0,0,20,19,36,Queens,026400
Census Tract 265.01; Queens County; New York,1101,758,36,170,92,0,0,0,11,34,36,Queens,026501
Census Tract 265.02; Queens County; New York,414,335,10,56,0,0,0,0,0,13,36,Queens,026502
Census Tract 266; Queens County; New York,693,501,6,108,65,0,0,0,0,13,36,Queens,026600
Census Tract 267; Queens County; New York,2408,1607,90,490,168,0,0,0,19,34,36,Queens,026700
Census Tract 269.01; Queens County; New York,1484,959,23,139,289,0,0,0,23,51,36,Queens,026901
Census Tract 269.02; Queens County; New York,1452,1015,39,41,345,0,0,0,0,12,36,Queens,026902
Census Tract 270; Queens County; New York,493,436,0,51,6,0,0,0,0,0,36,Queens,027000
Census Tract 271.01; Queens County; New York,1834,908,82,147,583,0,0,0,31,83,36,Queens,027101
Census Tract 271.02; Queens County; New York,973,634,0,10,284,0,0,0,0,45,36,Queens,027102
Census Tract 272; Queens County; New York,571,505,26,40,0,0,0,0,0,0,36,Queens,027200
Census Tract 273.01; Queens County; New York,861,702,7,43,104,0,0,0,5,0,36,Queens,027301
Census Tract 273.02; Queens County; New York,1446,970,22,37,373,0,0,0,0,44,36,Queens,027302
Census Tract 274; Queens County; New York,670,550,31,51,22,0,0,0,6,10,36,Queens,027400
Census Tract 275; Queens County; New York,2356,1685,37,19,442,0,0,0,72,101,36,Queens,027500
Census Tract 276; Queens County; New York,398,330,12,13,43,0,0,0,0,0,36,Queens,027600
Census Tract 277.01; Queens County; New York,1240,673,0,104,390,0,0,0,73,0,36,Queens,027701
Census Tract 277.02; Queens County; New York,1505,1038,70,104,184,0,0,0,70,39,36,Queens,027702
Census Tract 278; Queens County; New York,890,619,35,54,121,0,0,0,0,61,36,Queens,027800
Census Tract 279; Queens County; New York,2413,1671,82,27,473,0,0,15,116,29,36,Queens,027900
Census Tract 280; Queens County; New York,565,497,7,26,35,0,0,0,0,0,36,Queens,028000
Census Tract 281; Queens County; New York,2516,1295,89,126,734,0,0,0,57,215,36,Queens,028100
Census Tract 282; Queens County; New York,610,532,17,44,8,0,0,9,0,0,36,Queens,028200
Census Tract 283; Queens County; New York,3289,2176,40,27,729,0,0,0,106,211,36,Queens,028300
Census Tract 284; Queens County; New York,1143,924,50,55,68,0,0,0,0,46,36,Queens,028400
Census Tract 285; Queens County; New York,2236,1377,79,194,514,0,0,0,20,52,36,Queens,028500
Census Tract 287; Queens County; New York,3047,1685,0,167,1022,0,0,0,85,88,36,Queens,028700
Census Tract 288.01; Queens County; New York,813,696,0,0,117,0,0,0,0,0,36,Queens,028801
Census Tract 288.02; Queens County; New York,631,431,16,73,90,0,0,0,0,21,36,Queens,028802
Census Tract 288.03; Queens County; New York,0,0,0,0,0,0,0,0,0,0,36,Queens,028803
Census Tract 289; Queens County; New York,1999,1307,13,97,499,0,0,0,28,55,36,Queens,028900
Census Tract 291; Queens County; New York,2493,1848,67,89,468,0,0,0,21,0,36,Queens,029100
Census Tract 293; Queens County; New York,406,374,16,16,0,0,0,0,0,0,36,Queens,029300
Census Tract 294; Queens County; New York,2480,2074,24,184,131,0,0,0,67,0,36,Queens,029400
Census Tract 295; Queens County; New York,1858,1395,263,29,118,0,0,0,21,32,36,Queens,029500
Census Tract 297; Queens County; New York,750,667,8,19,50,0,0,6,0,0,36,Queens,029700
Census Tract 299; Queens County; New York,0,0,0,0,0,0,0,0,0,0,36,Queens,029900
Census Tract 306; Queens County; New York,1435,1259,64,17,95,0,0,0,0,0,36,Queens,030600
Census Tract 309.03; Queens County; New York,1584,1378,68,44,81,0,0,0,13,0,36,Queens,030903
Census Tract 309.04; Queens County; New York,1069,965,31,17,49,0,0,0,0,7,36,Queens,030904
Census Tract 309.05; Queens County; New York,1156,1097,11,48,0,0,0,0,0,0,36,Queens,030905
Census Tract 309.06; Queens County; New York,1277,1080,83,77,18,0,0,0,19,0,36,Queens,030906
Census Tract 317; Queens County; New York,2340,1741,56,286,181,0,0,0,37,39,36,Queens,031700
Census Tract 320; Queens County; New York,1350,1031,2,229,88,0,0,0,0,0,36,Queens,032000
Census Tract 327; Queens County; New York,1013,841,15,8,98,0,0,0,33,18,36,Queens,032700
Census Tract 328; Queens County; New York,879,775,22,45,26,0,0,11,0,0,36,Queens,032800
Census Tract 329; Queens County; New York,1107,1005,46,34,22,0,0,0,0,0,36,Queens,032900
Census Tract 330; Queens County; New York,2042,1819,39,51,117,0,0,0,16,0,36,Queens,033000
Census Tract 331; Queens County; New York,0,0,0,0,0,0,0,0,0,0,36,Queens,033100
Census Tract 334.01; Queens County; New York,1452,1259,24,121,39,0,0,0,0,9,36,Queens,033401
Census Tract 334.03; Queens County; New York,2283,1573,0,448,32,0,0,0,49,181,36,Queens,033403
Census Tract 334.04; Queens County; New York,2743,1610,21,779,37,0,0,0,0,296,36,Queens,033404
Census Tract 334.05; Queens County; New York,1576,910,0,276,252,0,0,0,100,38,36,Queens,033405
Census Tract 337; Queens County; New York,884,519,179,91,95,0,0,0,0,0,36,Queens,033700
Census Tract 339; Queens County; New York,1205,822,56,139,91,0,0,0,35,62,36,Queens,033900
Census Tract 347; Queens County; New York,953,792,77,58,16,0,0,0,0,10,36,Queens,034700
Census Tract 351; Queens County; New York,1354,1038,19,80,196,0,0,0,21,0,36,Queens,035100
Census Tract 352; Queens County; New York,818,712,32,53,21,0,0,0,0,0,36,Queens,035200
Census Tract 353; Queens County; New York,691,597,25,43,26,0,0,0,0,0,36,Queens,035300
Census Tract 357; Queens County; New York,1058,864,0,126,29,0,0,0,0,39,36,Queens,035700
Census Tract 358; Queens County; New York,1306,1157,14,43,92,0,0,0,0,0,36,Queens,035800
Census Tract 361; Queens County; New York,674,551,0,8,63,0,0,0,52,0,36,Queens,036100
Census Tract 363; Queens County; New York,628,522,0,0,106,0,0,0,0,0,36,Queens,036300
Census Tract 365; Queens County; New York,845,694,5,39,107,0,0,0,0,0,36,Queens,036500
Census Tract 366; Queens County; New York,1041,799,0,61,140,0,0,41,0,0,36,Queens,036600
Census Tract 367; Queens County; New York,708,632,7,44,25,0,0,0,0,0,36,Queens,036700
Census Tract 368; Queens County; New York,724,667,3,31,23,0,0,0,0,0,36,Queens,036800
Census Tract 371; Queens County; New York,560,505,6,23,26,0,0,0,0,0,36,Queens,037100
Census Tract 373; Queens County; New York,567,454,5,32,53,0,0,0,23,0,36,Queens,037300
Census Tract 375.01; Queens County; New York,341,293,0,15,33,0,0,0,0,0,36,Queens,037501
Census Tract 375.02; Queens County; New York,686,519,14,13,120,0,0,0,4,16,36,Queens,037502
Census Tract 376; Queens County; New York,1947,1571,33,82,261,0,0,0,0,0,36,Queens,037600
Census Tract 377; Queens County; New York,822,623,19,52,128,0,0,0,0,0,36,Queens,037700
Census Tract 379; Queens County; New York,1455,1241,44,10,130,0,0,0,15,15,36,Queens,037900
Census Tract 381; Queens County; New York,1797,1447,3,26,309,0,0,0,12,0,36,Queens,038100
Census Tract 383.01; Queens County; New York,0,0,0,0,0,0,0,0,0,0,36,Queens,038301
Census Tract 383.02; Queens County; New York,0,0,0,0,0,0,0,0,0,0,36,Queens,038302
Census Tract 384; Queens County; New York,842,703,0,32,94,0,0,0,13,0,36,Queens,038400
Census Tract 394; Queens County; New York,925,773,18,74,60,0,0,0,0,0,36,Queens,039400
Census Tract 398; Queens County; New York,479,411,8,46,14,0,0,0,0,0,36,Queens,039800
Census Tract 399.01; Queens County; New York,516,413,52,22,29,0,0,0,0,0,36,Queens,039901
Census Tract 399.02; Queens County; New York,438,282,21,35,67,0,0,0,0,33,36,Queens,039902
Census Tract 400; Queens County; New York,466,359,0,33,74,0,0,0,0,0,36,Queens,040000
Census Tract 401.01; Queens County; New York,737,620,0,15,46,0,0,0,0,56,36,Queens,040101
Census Tract 401.02; Queens County; New York,1180,929,44,172,35,0,0,0,0,0,36,Queens,040102
Census Tract 402; Queens County; New York,508,438,0,0,55,0,0,0,0,15,36,Queens,040200
Census Tract 403.01; Queens County; New York,896,535,273,49,16,0,0,0,23,0,36,Queens,040301
Census Tract 403.02; Queens County; New York,1040,754,171,25,90,0,0,0,0,0,36,Queens,040302
Census Tract 404; Queens County; New York,1393,1093,18,85,146,0,7,0,25,19,36,Queens,040400
Census Tract 405.01; Queens County; New York,264,134,21,29,80,0,0,0,0,0,36,Queens,040501
Census Tract 405.02; Queens County; New York,516,347,38,74,57,0,0,0,0,0,36,Queens,040502
Census Tract 407.01; Queens County; New York,817,739,21,29,10,0,0,0,18,0,36,Queens,040701
Census Tract 407.02; Queens County; New York,983,900,9,46,28,0,0,0,0,0,36,Queens,040702
Census Tract 409.01; Queens County; New York,428,338,21,0,69,0,0,0,0,0,36,Queens,040901
Census Tract 409.02; Queens County; New York,816,712,0,13,91,0,0,0,0,0,36,Queens,040902
Census Tract 411; Queens County; New York,1141,938,4,11,188,0,0,0,0,0,36,Queens,041100
Census Tract 413; Queens County; New York,1045,828,27,54,119,0,0,0,0,17,36,Queens,041300
Census Tract 414; Queens County; New York,1404,1213,12,24,129,0,0,0,26,0,36,Queens,041400
Census Tract 415; Queens County; New York,1310,1063,60,1,171,0,0,0,15,0,36,Queens,041500
Census Tract 424; Queens County; New York,872,759,11,0,102,0,0,0,0,0,36,Queens,042400
Census Tract 426; Queens County; New York,0,0,0,0,0,0,0,0,0,0,36,Queens,042600
Census Tract 427; Queens County; New York,1456,1187,37,54,166,0,0,0,0,12,36,Queens,042700
Census Tract 432; Queens County; New York,387,331,16,19,13,0,0,8,0,0,36,Queens,043200
Census Tract 434; Queens County; New York,546,496,33,0,17,0,0,0,0,0,36,Queens,043400
Census Tract 437.01; Queens County; New York,816,651,35,63,55,0,0,9,0,3,36,Queens,043701
Census Tract 437.02; Queens County; New York,2150,1380,85,186,389,0,0,0,50,60,36,Queens,043702
Census Tract 439; Queens County; New York,988,760,15,53,99,0,0,0,0,61,36,Queens,043900
Census Tract 440; Queens County; New York,1056,990,11,16,39,0,0,0,0,0,36,Queens,044000
Census Tract 443.01; Queens County; New York,1418,1012,41,339,26,0,0,0,0,0,36,Queens,044301
Census Tract 443.02; Queens County; New York,1458,1010,126,129,116,0,0,0,66,11,36,Queens,044302
Census Tract 444; Queens County; New York,1281,1069,39,138,22,0,0,0,13,0,36,Queens,044400
Census Tract 446.01; Queens County; New York,1158,812,45,129,132,0,0,0,0,40,36,Queens,044601
Census Tract 446.02; Queens County; New York,1597,1292,24,162,77,0,0,0,0,42,36,Queens,044602
Census Tract 448; Queens County; New York,914,735,6,45,122,0,0,6,0,0,36,Queens,044800
Census Tract 450; Queens County; New York,797,659,6,48,32,0,0,0,48,4,36,Queens,045000
Census Tract 452; Queens County; New York,185,153,0,5,17,0,0,5,0,5,36,Queens,045200
Census Tract 454; Queens County; New York,1686,1428,24,165,38,0,0,0,0,31,36,Queens,045400
Census Tract 455; Queens County; New York,4434,1573,119,1747,577,0,0,0,152,266,36,Queens,045500
Census Tract 456; Queens County; New York,397,289,0,1,107,0,0,0,0,0,36,Queens,045600
Census Tract 457; Queens County; New York,1192,915,37,117,109,0,0,0,0,14,36,Queens,045700
Census Tract 458; Queens County; New York,701,532,7,0,121,23,0,0,10,8,36,Queens,045800
Census Tract 459; Queens County; New York,1051,822,20,29,144,0,5,0,19,12,36,Queens,045900
Census Tract 460; Queens County; New York,1866,1246,118,159,304,0,0,0,17,22,36,Queens,046000
Census Tract 461; Queens County; New York,663,508,27,69,51,0,0,0,5,3,36,Queens,046100
Census Tract 462; Queens County; New York,2041,1386,0,185,105,0,0,0,42,323,36,Queens,046200
Census Tract 463; Queens County; New York,1084,848,0,77,159,0,0,0,0,0,36,Queens,046300
Census Tract 464; Queens County; New York,586,491,0,31,64,0,0,0,0,0,36,Queens,046400
Census Tract 465; Queens County; New York,1037,842,7,48,102,0,0,0,34,4,36,Queens,046500
Census Tract 466; Queens County; New York,1475,1133,15,177,123,13,0,0,14,0,36,Queens,046600
Census Tract 467; Queens County; New York,2095,1458,126,15,477,0,0,0,10,9,36,Queens,046700
Census Tract 468; Queens County; New York,1024,745,0,126,130,0,0,0,12,11,36,Queens,046800
Census Tract 469.01; Queens County; New York,1345,811,7,130,368,0,0,0,0,29,36,Queens,046901
Census Tract 469.02; Queens County; New York,1062,855,24,31,120,12,0,0,0,20,36,Queens,046902
Census Tract 470; Queens County; New York,986,877,20,45,44,0,0,0,0,0,36,Queens,047000
Census Tract 471; Queens County; New York,1458,1242,6,80,74,17,0,0,0,39,36,Queens,047100
Census Tract 472; Queens County; New York,1376,1148,28,78,89,0,0,0,0,33,36,Queens,047200
Census Tract 473; Queens County; New York,1643,1138,29,258,176,0,0,0,0,42,36,Queens,047300
Census Tract 475; Queens County; New York,1720,1314,141,233,23,0,0,0,0,9,36,Queens,047500
Census Tract 476; Queens County; New York,527,461,0,28,13,0,18,0,0,7,36,Queens,047600
Census Tract 478.01; Queens County; New York,1969,1633,148,15,165,0,0,0,8,0,36,Queens,047801
Census Tract 478.02; Queens County; New York,381,338,16,0,23,0,0,4,0,0,36,Queens,047802
Census Tract 479; Queens County; New York,1853,1552,46,48,183,0,0,0,0,24,36,Queens,047900
Census Tract 480; Queens County; New York,731,607,34,5,74,0,0,0,11,0,36,Queens,048000
Census Tract 481; Queens County; New York,1853,1408,80,128,167,0,0,0,42,28,36,Queens,048100
Census Tract 482; Queens County; New York,406,361,4,7,23,0,0,11,0,0,36,Queens,048200
Census Tract 483.01; Queens County; New York,769,608,19,36,87,0,0,0,0,19,36,Queens,048301
Census Tract 483.02; Queens County; New York,659,460,132,59,8,0,0,0,0,0,36,Queens,048302
Census Tract 484; Queens County; New York,1287,1099,27,69,75,0,0,0,7,10,36,Queens,048400
Census Tract 485; Queens County; New York,1633,990,136,159,271,0,0,0,12,65,36,Queens,048500
Census Tract 489; Queens County; New York,533,493,6,19,15,0,0,0,0,0,36,Queens,048900
Census Tract 492.01; Queens County; New York,1269,977,54,71,94,0,0,0,28,45,36,Queens,049201
Census Tract 492.02; Queens County; New York,606,503,9,32,35,0,0,0,8,19,36,Queens,049202
Census Tract 493.01; Queens County; New York,812,727,22,33,25,0,0,0,5,0,36,Queens,049301
Census Tract 493.02; Queens County; New York,983,776,117,55,35,0,0,0,0,0,36,Queens,049302
Census Tract 495; Queens County; New York,507,431,45,23,8,0,0,0,0,0,36,Queens,049500
Census Tract 496; Queens County; New York,906,757,21,51,77,0,0,0,0,0,36,Queens,049600
Census Tract 497; Queens County; New York,940,823,50,35,32,0,0,0,0,0,36,Queens,049700
Census Tract 499; Queens County; New York,1519,1359,27,78,41,0,0,0,0,14,36,Queens,049900
Census Tract 500; Queens County; New York,1594,1246,28,62,140,0,0,7,111,0,36,Queens,050000
Census Tract 502.01; Queens County; New York,480,418,0,27,35,0,0,0,0,0,36,Queens,050201
Census Tract 502.02; Queens County; New York,426,371,0,0,47,0,0,0,0,8,36,Queens,050202
Census Tract 504; Queens County; New York,537,313,20,46,140,0,0,0,0,18,36,Queens,050400
Census Tract 505; Queens County; New York,601,525,41,21,14,0,0,0,0,0,36,Queens,050500
Census Tract 506; Queens County; New York,430,377,23,18,12,0,0,0,0,0,36,Queens,050600
Census Tract 507; Queens County; New York,1250,1058,100,55,17,0,0,0,0,20,36,Queens,050700
Census Tract 508; Queens County; New York,666,548,4,34,49,0,0,0,0,31,36,Queens,050800
Census Tract 510; Queens County; New York,428,319,7,17,85,0,0,0,0,0,36,Queens,051000
Census Tract 511; Queens County; New York,830,704,0,46,75,0,0,0,0,5,36,Queens,051100
Census Tract 512; Queens County; New York,718,602,0,5,111,0,0,0,0,0,36,Queens,051200
Census Tract 513; Queens County; New York,818,636,26,92,45,0,0,0,19,0,36,Queens,051300
Census Tract 515; Queens County; New York,1186,913,0,46,208,0,0,0,10,9,36,Queens,051500
Census Tract 516; Queens County; New York,626,507,42,13,57,0,0,0,7,0,36,Queens,051600
Census Tract 517; Queens County; New York,784,696,17,33,30,0,0,0,0,8,36,Queens,051700
Census Tract 518; Queens County; New York,632,565,4,6,57,0,0,0,0,0,36,Queens,051800
Census Tract 520; Queens County; New York,500,425,6,36,33,0,0,0,0,0,36,Queens,052000
Census Tract 521; Queens County; New York,701,607,3,0,75,0,0,0,16,0,36,Queens,052100
Census Tract 522; Queens County; New York,532,457,4,11,60,0,0,0,0,0,36,Queens,052200
Census Tract 524; Queens County; New York,622,456,13,114,25,14,0,0,0,0,36,Queens,052400
Census Tract 525; Queens County; New York,805,561,62,29,153,0,0,0,0,0,36,Queens,052500
Census Tract 526; Queens County; New York,762,662,24,40,36,0,0,0,0,0,36,Queens,052600
Census Tract 528; Queens County; New York,531,458,0,15,58,0,0,0,0,0,36,Queens,052800
Census Tract 530; Queens County; New York,637,545,9,24,58,0,0,0,0,1,36,Queens,053000
Census Tract 531; Queens County; New York,1359,1043,39,134,130,0,0,0,0,13,36,Queens,053100
Census Tract 532; Queens County; New York,609,519,0,35,55,0,0,0,0,0,36,Queens,053200
Census Tract 534.01; Queens County; New York,569,506,0,16,46,0,0,0,1,0,36,Queens,053401
Census Tract 535.01; Queens County; New York,470,368,8,8,73,0,0,0,13,0,36,Queens,053501
Census Tract 535.02; Queens County; New York,0,0,0,0,0,0,0,0,0,0,36,Queens,053502
Census Tract 536.01; Queens County; New York,722,429,1,8,284,0,0,0,0,0,36,Queens,053601
Census Tract 538; Queens County; New York,432,353,38,0,35,0,0,6,0,0,36,Queens,053800
Census Tract 539.01; Queens County; New York,1537,1008,117,233,44,0,0,0,65,70,36,Queens,053901
Census Tract 539.02; Queens County; New York,37,37,0,0,0,0,0,0,0,0,36,Queens,053902
Census Tract 540; Queens County; New York,1379,1208,12,20,108,0,0,0,31,0,36,Queens,054000
Census Tract 542; Queens County; New York,1608,1357,59,34,145,0,0,0,13,0,36,Queens,054200
Census Tract 545; Queens County; New York,1377,983,32,235,104,0,0,0,0,23,36,Queens,054500
Census Tract 547; Queens County; New York,1468,1096,56,214,58,0,0,0,13,31,36,Queens,054700
Census Tract 548; Queens County; New York,683,610,30,6,37,0,0,0,0,0,36,Queens,054800
Census Tract 549; Queens County; New York,1586,1225,83,167,68,0,0,0,26,17,36,Queens,054900
Census Tract 551; Queens County; New York,1604,1090,129,194,136,0,0,0,0,55,36,Queens,055100
Census Tract 552; Queens County; New York,1006,747,18,82,147,0,0,0,0,12,36,Queens,055200
Census Tract 553; Queens County; New York,1036,693,40,241,15,0,0,0,0,47,36,Queens,055300
Census Tract 554; Queens County; New York,791,624,20,23,59,0,0,0,57,8,36,Queens,055400
Census Tract 555; Queens County; New York,783,676,24,23,41,0,0,0,10,9,36,Queens,055500
Census Tract 556; Queens County; New York,698,488,28,26,156,0,0,0,0,0,36,Queens,055600
Census Tract 557; Queens County; New York,1429,924,117,177,116,0,0,0,0,95,36,Queens,055700
Census Tract 558; Queens County; New York,675,514,0,115,40,0,0,0,0,6,36,Queens,055800
Census Tract 559; Queens County; New York,356,263,33,41,19,0,0,0,0,0,36,Queens,055900
Census Tract 560; Queens County; New York,456,403,27,9,17,0,0,0,0,0,36,Queens,056000
Census Tract 561; Queens County; New York,4,4,0,0,0,0,0,0,0,0,36,Queens,056100
Census Tract 562; Queens County; New York,496,389,9,16,82,0,0,0,0,0,36,Queens,056200
Census Tract 564; Queens County; New York,487,432,0,34,21,0,0,0,0,0,36,Queens,056400
Census Tract 565; Queens County; New York,583,507,0,38,8,0,0,0,30,0,36,Queens,056500
Census Tract 566; Queens County; New York,474,392,8,6,68,0,0,0,0,0,36,Queens,056600
Census Tract 567; Queens County; New York,1592,1224,25,86,203,0,0,0,54,0,36,Queens,056700
Census Tract 568; Queens County; New York,1621,1258,0,139,188,0,0,36,0,0,36,Queens,056800
Census Tract 577; Queens County; New York,1473,1110,184,68,73,0,0,0,38,0,36,Queens,057700
Census Tract 579; Queens County; New York,634,504,13,8,76,0,0,27,0,6,36,Queens,057900
Census Tract 580; Queens County; New York,1101,903,19,0,165,0,14,0,0,0,36,Queens,058000
Census Tract 581; Queens County; New York,1221,885,49,101,138,0,0,0,0,48,36,Queens,058100
Census Tract 582; Queens County; New York,1501,1361,0,0,140,0,0,0,0,0,36,Queens,058200
Census Tract 583; Queens County; New York,1409,1057,47,121,82,0,0,0,68,34,36,Queens,058300
Census Tract 585; Queens County; New York,1633,1340,108,59,108,0,0,0,18,0,36,Queens,058500
Census Tract 587; Queens County; New York,1394,938,0,336,101,0,0,0,0,19,36,Queens,058700
Census Tract 589; Queens County; New York,1931,1467,25,125,192,0,0,0,29,93,36,Queens,058900
Census Tract 590; Queens County; New York,393,324,0,19,45,0,0,0,0,5,36,Queens,059000
Census Tract 591; Queens County; New York,2176,1523,104,295,234,0,0,0,0,20,36,Queens,059100
Census Tract 592; Queens County; New York,459,397,30,0,32,0,0,0,0,0,36,Queens,059200
Census Tract 593; Queens County; New York,1552,1371,10,46,57,0,0,0,46,22,36,Queens,059300
Census Tract 594; Queens County; New York,527,434,22,0,65,0,0,0,6,0,36,Queens,059400
Census Tract 595.01; Queens County; New York,730,556,12,7,136,0,0,0,0,19,36,Queens,059501
Census Tract 595.02; Queens County; New York,921,765,13,77,58,0,0,0,0,8,36,Queens,059502
Census Tract 596; Queens County; New York,534,456,18,0,60,0,0,0,0,0,36,Queens,059600
Census Tract 598; Queens County; New York,548,474,0,25,49,0,0,0,0,0,36,Queens,059800
Census Tract 599; Queens County; New York,482,395,22,20,45,0,0,0,0,0,36,Queens,059900
Census Tract 600; Queens County; New York,436,343,23,6,64,0,0,0,0,0,36,Queens,060000
Census Tract 601; Queens County; New York,868,799,7,27,35,0,0,0,0,0,36,Queens,060100
Census Tract 603; Queens County; New York,717,540,34,22,112,0,0,0,0,9,36,Queens,060300
Census Tract 606; Queens County; New York,506,402,39,0,50,0,0,7,0,8,36,Queens,060600
Census Tract 607.01; Queens County; New York,0,0,0,0,0,0,0,0,0,0,36,Queens,060701
Census Tract 608; Queens County; New York,473,354,1,38,68,0,0,0,12,0,36,Queens,060800
Census Tract 610; Queens County; New York,412,305,29,16,62,0,0,0,0,0,36,Queens,061000
Census Tract 612; Queens County; New York,505,365,0,0,140,0,0,0,0,0,36,Queens,061200
Census Tract 613.01; Queens County; New York,1812,1259,161,190,126,0,0,0,34,42,36,Queens,061301
Census Tract 613.02; Queens County; New York,0,0,0,0,0,0,0,0,0,0,36,Queens,061302
Census Tract 614; Queens County; New York,428,380,25,15,8,0,0,0,0,0,36,Queens,061400
Census Tract 616.01; Queens County; New York,772,576,11,55,130,0,0,0,0,0,36,Queens,061601
Census Tract 616.02; Queens County; New York,386,296,5,40,40,0,5,0,0,0,36,Queens,061602
Census Tract 618; Queens County; New York,716,575,3,53,82,0,0,0,3,0,36,Queens,061800
Census Tract 619; Queens County; New York,1170,915,36,189,30,0,0,0,0,0,36,Queens,061900
Census Tract 620; Queens County; New York,504,339,5,77,79,0,0,0,0,4,36,Queens,062000
Census Tract 621; Queens County; New York,1025,845,21,3,140,0,0,0,16,0,36,Queens,062100
Census Tract 622; Queens County; New York,675,531,0,11,133,0,0,0,0,0,36,Queens,062200
Census Tract 623; Queens County; New York,906,740,34,13,97,0,0,0,0,22,36,Queens,062300
Census Tract 624; Queens County; New York,0,0,0,0,0,0,0,0,0,0,36,Queens,062400
Census Tract 625; Queens County; New York,935,770,16,26,70,0,0,0,9,44,36,Queens,062500
Census Tract 626; Queens County; New York,886,732,6,52,96,0,0,0,0,0,36,Queens,062600
Census Tract 627; Queens County; New York,1107,896,19,100,62,0,0,0,0,30,36,Queens,062700
Census Tract 629; Queens County; New York,1218,838,33,210,121,0,0,0,16,0,36,Queens,062900
Census Tract 630; Queens County; New York,598,564,0,0,34,0,0,0,0,0,36,Queens,063000
Census Tract 632; Queens County; New York,718,612,7,46,53,0,0,0,0,0,36,Queens,063200
Census Tract 633.01; Queens County; New York,514,370,72,16,48,0,0,0,0,8,36,Queens,063301
Census Tract 633.02; Queens County; New York,585,553,0,0,32,0,0,0,0,0,36,Queens,063302
Census Tract 635; Queens County; New York,882,790,4,48,40,0,0,0,0,0,36,Queens,063500
Census Tract 637; Queens County; New York,1265,1099,8,23,132,0,0,0,0,3,36,Queens,063700
Census Tract 638; Queens County; New York,1120,957,0,64,99,0,0,0,0,0,36,Queens,063800
Census Tract 639; Queens County; New York,1039,818,33,76,112,0,0,0,0,0,36,Queens,063900
Census Tract 641.01; Queens County; New York,997,677,40,36,173,0,0,0,25,46,36,Queens,064101
Census Tract 641.02; Queens County; New York,0,0,0,0,0,0,0,0,0,0,36,Queens,064102
Census Tract 645; Queens County; New York,762,696,26,23,17,0,0,0,0,0,36,Queens,064500
Census Tract 646; Queens County; New York,1094,806,63,72,153,0,0,0,0,0,36,Queens,064600
Census Tract 650; Queens County; New York,876,687,4,55,123,0,0,0,0,7,36,Queens,065000
Census Tract 654.01; Queens County; New York,936,832,0,16,67,0,0,21,0,0,36,Queens,065401
Census Tract 654.02; Queens County; New York,0,0,0,0,0,0,0,0,0,0,36,Queens,065402
Census Tract 655.01; Queens County; New York,0,0,0,0,0,0,0,0,0,0,36,Queens,065501
Census Tract 656; Queens County; New York,1585,1441,14,41,89,0,0,0,0,0,36,Queens,065600
Census Tract 657.02; Queens County; New York,594,482,25,80,7,0,0,0,0,0,36,Queens,065702
Census Tract 657.03; Queens County; New York,1043,892,31,52,42,0,11,0,15,0,36,Queens,065703
Census Tract 659; Queens County; New York,672,591,13,34,19,0,0,0,0,15,36,Queens,065900
Census Tract 660; Queens County; New York,1193,988,62,45,57,0,0,0,11,30,36,Queens,066000
Census Tract 661; Queens County; New York,647,628,0,12,0,0,7,0,0,0,36,Queens,066100
Census Tract 663.01; Queens County; New York,1004,945,27,19,13,0,0,0,0,0,36,Queens,066301
Census Tract 663.02; Queens County; New York,0,0,0,0,0,0,0,0,0,0,36,Queens,066302
Census Tract 664.01; Queens County; New York,432,273,12,65,82,0,0,0,0,0,36,Queens,066401
Census Tract 664.02; Queens County; New York,1061,839,0,98,88,0,0,16,0,20,36,Queens,066402
Census Tract 664.03; Queens County; New York,1638,1573,0,35,15,0,0,0,15,0,36,Queens,066403
Census Tract 664.04; Queens County; New York,0,0,0,0,0,0,0,0,0,0,36,Queens,066404
Census Tract 665.01; Queens County; New York,1574,1380,43,39,61,0,0,0,37,14,36,Queens,066501
Census Tract 667.01; Queens County; New York,907,613,38,114,97,0,33,0,0,12,36,Queens,066701
Census Tract 669; Queens County; New York,660,562,13,64,15,0,0,0,0,6,36,Queens,066900
Census Tract 671; Queens County; New York,933,702,24,92,115,0,0,0,0,0,36,Queens,067100
Census Tract 677; Queens County; New York,686,611,8,32,35,0,0,0,0,0,36,Queens,067700
Census Tract 679; Queens County; New York,1665,1318,8,122,107,0,0,0,66,44,36,Queens,067900
Census Tract 680; Queens County; New York,1656,1385,24,132,115,0,0,0,0,0,36,Queens,068000
Census Tract 682; Queens County; New York,377,331,5,21,0,0,0,0,0,20,36,Queens,068200
Census Tract 683; Queens County; New York,1565,1183,37,74,196,0,0,0,67,8,36,Queens,068300
Census Tract 687; Queens County; New York,1944,1580,27,144,122,0,0,0,30,41,36,Queens,068700
Census Tract 690; Queens County; New York,1113,1048,25,28,0,0,0,0,0,12,36,Queens,069000
Census Tract 693; Queens County; New York,1234,647,67,148,289,0,0,0,61,22,36,Queens,069300
Census Tract 694; Queens County; New York,1167,825,0,237,83,0,0,22,0,0,36,Queens,069400
Census Tract 695; Queens County; New York,866,718,19,19,101,0,0,0,0,9,36,Queens,069500
Census Tract 697.01; Queens County; New York,1768,1277,56,172,191,0,0,0,72,0,36,Queens,069701
Census Tract 697.02; Queens County; New York,1475,1226,61,17,137,0,0,0,15,19,36,Queens,069702
Census Tract 703; Queens County; New York,916,817,23,36,36,0,0,0,0,4,36,Queens,070300
Census Tract 707; Queens County; New York,1003,897,29,44,33,0,0,0,0,0,36,Queens,070700
Census Tract 709; Queens County; New York,1162,1050,0,44,68,0,0,0,0,0,36,Queens,070900
Census Tract 711; Queens County; New York,2863,2095,45,122,413,0,0,0,62,126,36,Queens,071100
Census Tract 713.03; Queens County; New York,2623,2003,117,100,323,0,0,0,67,13,36,Queens,071303
Census Tract 713.04; Queens County; New York,3103,1984,30,432,501,0,0,0,39,117,36,Queens,071304
Census Tract 713.05; Queens County; New York,2360,1643,184,320,174,0,0,0,0,39,36,Queens,071305
Census Tract 713.06; Queens County; New York,3121,2083,79,243,568,0,0,0,64,84,36,Queens,071306
Census Tract 716; Queens County; New York,0,0,0,0,0,0,0,0,0,0,36,Queens,071600
Census Tract 717.01; Queens County; New York,2404,1335,144,341,360,0,0,0,194,30,36,Queens,071701
Census Tract 717.02; Queens County; New York,1917,1288,89,355,97,0,0,0,20,68,36,Queens,071702
Census Tract 719; Queens County; New York,1071,966,22,54,12,0,10,0,0,7,36,Queens,071900
Census Tract 721; Queens County; New York,2082,1430,69,181,345,0,0,0,10,47,36,Queens,072100
Census Tract 723; Queens County; New York,863,729,0,6,122,0,0,0,0,6,36,Queens,072300
Census Tract 729; Queens County; New York,468,433,8,15,12,0,0,0,0,0,36,Queens,072900
Census Tract 731; Queens County; New York,596,515,10,35,30,0,0,0,0,6,36,Queens,073100
Census Tract 737; Queens County; New York,1000,619,17,201,159,0,0,0,0,4,36,Queens,073700
Census Tract 739; Queens County; New York,2571,1803,57,283,266,0,0,0,74,88,36,Queens,073900
Census Tract 741; Queens County; New York,1584,1038,64,87,310,0,0,0,55,30,36,Queens,074100
Census Tract 743; Queens County; New York,1624,1211,60,144,100,0,0,0,18,91,36,Queens,074300
Census Tract 745; Queens County; New York,1615,1362,27,69,53,0,0,0,0,104,36,Queens,074500
Census Tract 747; Queens County; New York,1299,935,51,85,176,0,0,0,39,13,36,Queens,074700
Census Tract 749; Queens County; New York,549,470,14,11,54,0,0,0,0,0,36,Queens,074900
Census Tract 757.01; Queens County; New York,2443,1579,120,194,466,0,0,0,64,20,36,Queens,075701
Census Tract 757.02; Queens County; New York,2372,1757,52,182,303,0,0,0,44,34,36,Queens,075702
Census Tract 769.01; Queens County; New York,2473,1618,31,266,433,0,0,0,0,125,36,Queens,076901
Census Tract 769.02; Queens County; New York,575,439,29,43,50,0,0,0,9,5,36,Queens,076902
Census Tract 773; Queens County; New York,1122,583,23,205,254,0,0,0,23,34,36,Queens,077300
Census Tract 775; Queens County; New York,1048,678,11,9,301,0,0,0,29,20,36,Queens,077500
Census Tract 779.02; Queens County; New York,1853,1465,40,131,203,0,0,0,14,0,36,Queens,077902
Census Tract 779.03; Queens County; New York,1179,762,0,138,144,29,0,0,97,9,36,Queens,077903
Census Tract 779.04; Queens County; New York,2028,1450,93,151,213,0,0,0,23,98,36,Queens,077904
Census Tract 779.05; Queens County; New York,1354,901,25,381,35,0,0,0,12,0,36,Queens,077905
Census Tract 779.06; Queens County; New York,1373,1005,9,128,204,0,0,8,0,19,36,Queens,077906
Census Tract 779.07; Queens County; New York,1122,810,12,196,93,0,0,0,0,11,36,Queens,077907
Census Tract 779.08; Queens County; New York,1193,837,81,210,65,0,0,0,0,0,36,Queens,077908
Census Tract 788; Queens County; New York,592,541,8,8,27,0,0,8,0,0,36,Queens,078800
Census Tract 790; Queens County; New York,809,751,20,24,14,0,0,0,0,0,36,Queens,079000
Census Tract 792; Queens County; New York,922,813,7,48,8,0,0,27,0,19,36,Queens,079200
Census Tract 793; Queens County; New York,0,0,0,0,0,0,0,0,0,0,36,Queens,079300
Census Tract 797.01; Queens County; New York,2955,2153,88,248,319,0,0,0,117,30,36,Queens,079701
Census Tract 797.02; Queens County; New York,1590,1260,43,144,132,0,0,0,0,11,36,Queens,079702
Census Tract 799; Queens County; New York,1120,895,64,65,96,0,0,0,0,0,36,Queens,079900
Census Tract 803.01; Queens County; New York,1066,836,41,82,107,0,0,0,0,0,36,Queens,080301
Census Tract 803.02; Queens County; New York,941,785,35,8,107,0,0,0,0,6,36,Queens,080302
Census Tract 809; Queens County; New York,2505,1764,131,73,432,0,0,0,71,34,36,Queens,080900
Census Tract 814; Queens County; New York,1044,873,81,50,32,0,0,0,8,0,36,Queens,081400
Census Tract 818; Queens County; New York,1052,849,13,68,110,0,0,0,0,12,36,Queens,081800
Census Tract 837; Queens County; New York,1559,1286,33,120,120,0,0,0,0,0,36,Queens,083700
Census Tract 838; Queens County; New York,1617,1293,10,237,77,0,0,0,0,0,36,Queens,083800
Census Tract 840; Queens County; New York,2085,1704,88,94,161,0,0,0,0,38,36,Queens,084000
Census Tract 845; Queens County; New York,2117,1701,96,110,158,0,0,0,5,47,36,Queens,084500
Census Tract 846.01; Queens County; New York,787,697,35,6,41,0,8,0,0,0,36,Queens,084601
Census Tract 846.02; Queens County; New York,218,179,0,0,39,0,0,0,0,0,36,Queens,084602
Census Tract 849.01; Queens County; New York,993,723,0,92,178,0,0,0,0,0,36,Queens,084901
Census Tract 849.02; Queens County; New York,1398,788,19,347,244,0,0,0,0,0,36,Queens,084902
Census Tract 853; Queens County; New York,2523,1987,44,229,151,0,0,0,92,20,36,Queens,085300
Census Tract 855; Queens County; New York,2571,1663,21,390,394,0,0,0,22,81,36,Queens,085500
Census Tract 857; Queens County; New York,1942,1346,64,280,226,0,0,0,11,15,36,Queens,085700
Census Tract 859; Queens County; New York,2385,1566,81,254,367,0,0,0,117,0,36,Queens,085900
Census Tract 861; Queens County; New York,782,456,60,128,120,0,0,0,5,13,36,Queens,086100
Census Tract 863; Queens County; New York,2256,1517,170,121,402,0,0,0,0,46,36,Queens,086300
Census Tract 864; Queens County; New York,739,621,0,48,58,0,0,0,0,12,36,Queens,086400
Census Tract 865; Queens County; New York,2328,1015,227,632,412,0,0,0,21,21,36,Queens,086500
Census Tract 869; Queens County; New York,861,526,80,93,152,0,0,0,10,0,36,Queens,086900
Census Tract 871; Queens County; New York,2211,1341,13,763,8,0,0,28,0,58,36,Queens,087100
Census Tract 884; Queens County; New York,3268,2871,83,251,43,0,0,20,0,0,36,Queens,088400
Census Tract 889.02; Queens County; New York,2684,1645,218,336,406,0,0,0,24,55,36,Queens,088902
Census Tract 889.03; Queens County; New York,1619,885,52,141,498,0,0,0,0,43,36,Queens,088903
Census Tract 892.01; Queens County; New York,2807,2208,52,516,0,0,0,0,0,31,36,Queens,089201
Census Tract 892.02; Queens County; New York,0,0,0,0,0,0,0,0,0,0,36,Queens,089202
Census Tract 907; Queens County; New York,562,489,0,24,49,0,0,0,0,0,36,Queens,090700
Census Tract 916.02; Queens County; New York,0,0,0,0,0,0,0,0,0,0,36,Queens,091602
Census Tract 916.03; Queens County; New York,1668,1505,20,115,10,0,0,0,18,0,36,Queens,091603
Census Tract 916.04; Queens County; New York,0,0,0,0,0,0,0,0,0,0,36,Queens,091604
Census Tract 918; Queens County; New York,4,0,4,0,0,0,0,0,0,0,36,Queens,091800
Census Tract 919; Queens County; New York,1784,1480,56,89,159,0,0,0,0,0,36,Queens,091900
Census Tract 922; Queens County; New York,780,703,4,36,18,0,0,0,0,19,36,Queens,092200
Census Tract 925; Queens County; New York,1160,904,76,47,133,0,0,0,0,0,36,Queens,092500
Census Tract 928; Queens County; New York,1160,1100,8,14,12,0,0,26,0,0,36,Queens,092800
Census Tract 929; Queens County; New York,2312,1758,26,235,274,0,0,0,0,19,36,Queens,092900
Census Tract 934.01; Queens County; New York,1466,1291,26,73,59,0,0,0,17,0,36,Queens,093401
Census Tract 934.02; Queens County; New York,1613,1253,73,207,80,0,0,0,0,0,36,Queens,093402
Census Tract 938; Queens County; New York,1981,1555,141,93,123,0,0,0,0,69,36,Queens,093800
Census Tract 939; Queens County; New York,1804,1361,62,99,277,0,0,0,0,5,36,Queens,093900
Census Tract 942.01; Queens County; New York,1366,1109,37,156,48,0,0,0,16,0,36,Queens,094201
Census Tract 942.02; Queens County; New York,2097,1610,92,302,54,0,0,0,25,14,36,Queens,094202
Census Tract 942.03; Queens County; New York,2927,2189,200,209,211,0,0,0,61,57,36,Queens,094203
Census Tract 945; Queens County; New York,1368,1108,11,105,144,0,0,0,0,0,36,Queens,094500
Census Tract 947; Queens County; New York,753,515,7,24,199,0,0,0,0,8,36,Queens,094700
Census Tract 954; Queens County; New York,1962,1493,46,409,14,0,0,0,0,0,36,Queens,095400
Census Tract 964; Queens County; New York,2279,1884,143,204,9,0,0,21,0,18,36,Queens,096400
Census Tract 972.02; Queens County; New York,1226,506,45,521,0,0,0,0,0,154,36,Queens,097202
Census Tract 972.04; Queens County; New York,1270,780,15,229,180,0,0,14,0,52,36,Queens,097204
Census Tract 972.05; Queens County; New York,1241,651,28,198,41,0,0,63,39,221,36,Queens,097205
Census Tract 972.06; Queens County; New York,1339,1265,0,60,0,0,14,0,0,0,36,Queens,097206
Census Tract 972.07; Queens County; New York,0,0,0,0,0,0,0,0,0,0,36,Queens,097207
Census Tract 973; Queens County; New York,808,636,12,14,146,0,0,0,0,0,36,Queens,097300
Census Tract 981; Queens County; New York,852,613,44,31,164,0,0,0,0,0,36,Queens,098100
Census Tract 987; Queens County; New York,998,686,15,69,183,0,0,0,35,10,36,Queens,098700
Census Tract 991; Queens County; New York,2881,2176,38,274,384,0,0,0,9,0,36,Queens,099100
Census Tract 992; Queens County; New York,1543,1157,72,198,40,0,0,0,0,76,36,Queens,099200
Census Tract 997.01; Queens County; New York,1161,813,82,58,208,0,0,0,0,0,36,Queens,099701
Census Tract 997.03; Queens County; New York,1783,1263,0,302,184,0,0,9,19,6,36,Queens,099703
Census Tract 997.04; Queens County; New York,3666,2654,35,633,289,0,0,0,36,19,36,Queens,099704
Census Tract 997.05; Queens County; New York,1135,1031,21,72,0,0,11,0,0,0,36,Queens,099705
Census Tract 998.01; Queens County; New York,2635,1600,297,301,380,0,0,39,18,0,36,Queens,099801
Census Tract 998.02; Queens County; New York,2787,1833,82,601,80,0,0,0,29,162,36,Queens,099802
Census Tract 999; Queens County; New York,0,0,0,0,0,0,0,0,0,0,36,Queens,099900
Census Tract 1008.01; Queens County; New York,728,586,23,88,9,0,0,0,0,22,36,Queens,100801
Census Tract 1008.03; Queens County; New York,1217,974,67,56,84,0,0,0,20,16,36,Queens,100803
Census Tract 1008.04; Queens County; New York,1394,1137,15,145,69,0,0,0,28,0,36,Queens,100804
Census Tract 1010.02; Queens County; New York,1866,1216,27,321,278,0,0,0,13,11,36,Queens,101002
Census Tract 1010.03; Queens County; New York,1211,868,0,179,73,0,0,0,34,57,36,Queens,101003
Census Tract 1010.04; Queens County; New York,2572,1854,131,138,291,0,0,0,70,88,36,Queens,101004
Census Tract 1017; Queens County; New York,2413,1862,16,200,308,0,0,0,0,27,36,Queens,101700
Census Tract 1029; Queens County; New York,1538,889,30,407,172,0,0,21,19,0,36,Queens,102900
Census Tract 1032.01; Queens County; New York,1910,1521,21,34,296,0,0,0,0,38,36,Queens,103201
Census Tract 1032.02; Queens County; New York,2310,1673,45,284,308,0,0,0,0,0,36,Queens,103202
Census Tract 1033; Queens County; New York,1531,1145,11,78,290,0,0,0,0,7,36,Queens,103300
Census Tract 1039; Queens County; New York,2367,1583,90,123,571,0,0,0,0,0,36,Queens,103900
Census Tract 1047; Queens County; New York,2743,1871,56,224,443,0,0,0,105,44,36,Queens,104700
Census Tract 1059; Queens County; New York,1321,1081,29,20,191,0,0,0,0,0,36,Queens,105900
Census Tract 1072.01; Queens County; New York,930,76,42,99,706,0,0,0,7,0,36,Queens,107201
Census Tract 1072.02; Queens County; New York,0,0,0,0,0,0,0,0,0,0,36,Queens,107202
Census Tract 1085; Queens County; New York,1065,781,0,26,253,5,0,0,0,0,36,Queens,108500
Census Tract 1093; Queens County; New York,1022,861,36,34,80,0,0,0,0,11,36,Queens,109300
Census Tract 1097; Queens County; New York,685,329,17,81,236,0,0,0,22,0,36,Queens,109700
Census Tract 1099; Queens County; New York,1267,927,52,146,129,0,0,0,0,13,36,Queens,109900
Census Tract 1113; Queens County; New York,817,642,15,21,131,0,0,0,0,8,36,Queens,111300
Census Tract 1123; Queens County; New York,787,576,0,128,55,0,0,0,14,14,36,Queens,112300
Census Tract 1129; Queens County; New York,833,650,11,33,135,0,0,0,4,0,36,Queens,112900
Census Tract 1133; Queens County; New York,645,494,14,37,100,0,0,0,0,0,36,Queens,113300
Census Tract 1139; Queens County; New York,1505,1156,57,78,179,0,0,0,0,35,36,Queens,113900
Census Tract 1141; Queens County; New York,886,644,48,21,173,0,0,0,0,0,36,Queens,114100
Census Tract 1147; Queens County; New York,633,468,28,23,107,0,0,0,7,0,36,Queens,114700
Census Tract 1151; Queens County; New York,359,269,12,17,61,0,0,0,0,0,36,Queens,115100
Census Tract 1155; Queens County; New York,702,500,0,80,122,0,0,0,0,0,36,Queens,115500
Census Tract 1157; Queens County; New York,1148,717,93,63,231,0,0,0,0,44,36,Queens,115700
Census Tract 1159; Queens County; New York,1692,1108,0,185,274,0,0,0,112,13,36,Queens,115900
Census Tract 1161; Queens County; New York,1337,885,29,145,157,0,0,0,85,36,36,Queens,116100
Census Tract 1163.01; Queens County; New York,1732,1259,0,195,269,0,0,0,0,9,36,Queens,116301
Census Tract 1163.02; Queens County; New York,1250,980,44,38,173,0,0,0,0,15,36,Queens,116302
Census Tract 1167; Queens County; New York,653,468,15,111,43,0,0,0,5,11,36,Queens,116700
Census Tract 1171; Queens County; New York,963,614,70,112,151,0,0,0,0,16,36,Queens,117100
Census Tract 1175; Queens County; New York,1783,1223,147,95,283,0,0,0,35,0,36,Queens,117500
Census Tract 1181; Queens County; New York,690,537,67,50,18,0,0,0,11,7,36,Queens,118100
Census Tract 1185; Queens County; New York,654,446,35,80,79,0,0,0,14,0,36,Queens,118500
Census Tract 1187; Queens County; New York,893,582,49,140,122,0,0,0,0,0,36,Queens,118700
Census Tract 1189; Queens County; New York,908,698,53,83,45,0,19,0,10,0,36,Queens,118900
Census Tract 1191; Queens County; New York,1005,823,64,46,72,0,0,0,0,0,36,Queens,119100
Census Tract 1193; Queens County; New York,753,507,15,118,109,0,0,0,4,0,36,Queens,119300
Census Tract 1195; Queens County; New York,442,314,38,0,84,0,0,0,0,6,36,Queens,119500
Census Tract 1199; Queens County; New York,523,407,0,34,42,0,0,0,40,0,36,Queens,119900
Census Tract 1201; Queens County; New York,456,358,8,72,18,0,0,0,0,0,36,Queens,120100
Census Tract 1203; Queens County; New York,580,548,0,16,16,0,0,0,0,0,36,Queens,120300
Census Tract 1205; Queens County; New York,954,720,51,126,30,0,0,0,9,18,36,Queens,120500
Census Tract 1207.01; Queens County; New York,897,693,26,30,148,0,0,0,0,0,36,Queens,120701
Census Tract 1207.02; Queens County; New York,0,0,0,0,0,0,0,0,0,0,36,Queens,120702
Census Tract 1211; Queens County; New York,0,0,0,0,0,0,0,0,0,0,36,Queens,121100
Census Tract 1215; Queens County; New York,1361,1125,31,114,82,0,0,9,0,0,36,Queens,121500
Census Tract 1223; Queens County; New York,1306,891,83,160,172,0,0,0,0,0,36,Queens,122300
Census Tract 1227.02; Queens County; New York,2903,1753,40,491,406,0,0,0,52,161,36,Queens,122702
Census Tract 1227.03; Queens County; New York,2594,1455,109,594,382,0,0,0,0,54,36,Queens,122703
Census Tract 1227.04; Queens County; New York,1950,1017,77,631,152,0,0,0,15,58,36,Queens,122704
Census Tract 1241; Queens County; New York,1398,1127,37,56,142,0,0,0,36,0,36,Queens,124100
Census Tract 1247; Queens County; New York,1277,1085,19,41,132,0,0,0,0,0,36,Queens,124700
Census Tract 1257; Queens County; New York,963,642,80,16,161,0,0,0,0,64,36,Queens,125700
Census Tract 1265; Queens County; New York,647,604,0,5,38,0,0,0,0,0,36,Queens,126500
Census Tract 1267; Queens County; New York,701,460,4,26,199,0,0,0,0,12,36,Queens,126700
Census Tract 1277; Queens County; New York,1069,864,12,41,152,0,0,0,0,0,36,Queens,127700
Census Tract 1283; Queens County; New York,0,0,0,0,0,0,0,0,0,0,36,Queens,128300
Census Tract 1291.02; Queens County; New York,1188,979,14,68,117,0,0,0,0,10,36,Queens,129102
Census Tract 1291.03; Queens County; New York,2027,1519,155,92,189,0,0,0,37,35,36,Queens,129103
Census Tract 1291.04; Queens County; New York,1796,1347,58,101,259,0,0,0,31,0,36,Queens,129104
Census Tract 1301; Queens County; New York,1612,1335,75,58,103,0,0,0,0,41,36,Queens,130100
Census Tract 1333; Queens County; New York,1438,1144,0,114,180,0,0,0,0,0,36,Queens,133300
Census Tract 1339; Queens County; New York,429,324,50,6,49,0,0,0,0,0,36,Queens,133900
Census Tract 1341; Queens County; New York,1060,760,112,97,84,0,0,0,7,0,36,Queens,134100
Census Tract 1347.01; Queens County; New York,1969,1279,27,214,388,0,0,15,46,0,36,Queens,134701
Census Tract 1347.02; Queens County; New York,1609,998,83,163,165,12,0,54,90,44,36,Queens,134702
Census Tract 1367; Queens County; New York,2432,1886,69,85,292,0,0,0,0,100,36,Queens,136700
Census Tract 1377; Queens County; New York,2548,2067,0,237,244,0,0,0,0,0,36,Queens,137700
Census Tract 1385.01; Queens County; New York,1475,869,159,376,62,0,9,0,0,0,36,Queens,138501
Census Tract 1385.02; Queens County; New York,0,0,0,0,0,0,0,0,0,0,36,Queens,138502
Census Tract 1399; Queens County; New York,526,375,11,45,95,0,0,0,0,0,36,Queens,139900
Census Tract 1403; Queens County; New York,802,664,5,52,81,0,0,0,0,0,36,Queens,140300
Census Tract 1409.01; Queens County; New York,335,303,5,13,14,0,0,0,0,0,36,Queens,140901
Census Tract 1409.02; Queens County; New York,835,702,11,75,40,0,0,7,0,0,36,Queens,140902
Census Tract 1417; Queens County; New York,1582,1091,60,80,301,0,0,0,15,35,36,Queens,141700
Census Tract 1429; Queens County; New York,1330,973,52,109,144,23,0,0,17,12,36,Queens,142900
Census Tract 1435; Queens County; New York,738,608,16,50,64,0,0,0,0,0,36,Queens,143500
Census Tract 1441; Queens County; New York,1147,952,3,96,87,0,0,0,0,9,36,Queens,144100
Census Tract 1447; Queens County; New York,1030,825,1,145,59,0,0,0,0,0,36,Queens,144700
Census Tract 1451.01; Queens County; New York,412,251,34,82,36,0,0,0,0,9,36,Queens,145101
Census Tract 1451.02; Queens County; New York,901,789,10,19,67,0,0,0,16,0,36,Queens,145102
Census Tract 1459; Queens County; New York,983,726,32,92,124,0,0,0,0,9,36,Queens,145900
Census Tract 1463; Queens County; New York,1075,557,57,250,195,0,0,0,16,0,36,Queens,146300
Census Tract 1467; Queens County; New York,1400,930,108,205,133,0,0,0,11,13,36,Queens,146700
Census Tract 1471; Queens County; New York,1386,949,0,132,257,0,27,13,8,0,36,Queens,147100
Census Tract 1479; Queens County; New York,1842,1347,22,188,176,0,64,0,16,29,36,Queens,147900
Census Tract 1483; Queens County; New York,1048,872,40,35,101,0,0,0,0,0,36,Queens,148300
Census Tract 1507.01; Queens County; New York,1083,781,61,62,179,0,0,0,0,0,36,Queens,150701
Census Tract 1507.02; Queens County; New York,1254,933,37,137,136,0,11,0,0,0,36,Queens,150702
Census Tract 1529.01; Queens County; New York,2276,1528,117,197,296,54,0,0,40,44,36,Queens,152901
Census Tract 1529.02; Queens County; New York,2480,1656,0,283,509,0,0,0,0,32,36,Queens,152902
Census Tract 1551.01; Queens County; New York,1535,734,41,419,239,0,0,0,39,63,36,Queens,155101
Census Tract 1551.03; Queens County; New York,2158,1367,28,19,726,0,0,0,0,18,36,Queens,155103
Census Tract 1551.04; Queens County; New York,1198,975,0,118,83,0,0,0,22,0,36,Queens,155104
Census Tract 1567; Queens County; New York,289,259,20,10,0,0,0,0,0,0,36,Queens,156700
Census Tract 1571.01; Queens County; New York,2479,1650,193,95,453,0,0,0,37,51,36,Queens,157101
Census Tract 1571.02; Queens County; New York,596,434,29,90,16,0,0,0,27,0,36,Queens,157102
Census Tract 1579.01; Queens County; New York,1643,1317,27,44,245,0,0,0,0,10,36,Queens,157901
Census Tract 1579.02; Queens County; New York,1268,961,8,26,260,0,0,13,0,0,36,Queens,157902
Census Tract 1579.03; Queens County; New York,1136,730,78,147,150,0,0,0,0,31,36,Queens,157903
Census Tract 1617; Queens County; New York,1573,1019,22,81,438,0,0,0,13,0,36,Queens,161700
Census Tract 1621; Queens County; New York,1965,1317,91,267,278,0,0,0,0,12,36,Queens,162100
Census Tract 9901; Queens County; New York,0,0,0,0,0,0,0,0,0,0,36,Queens,990100
Census Tract 3; Richmond County; New York,1038,747,0,169,103,0,0,0,7,12,36,Richmond,000300
Census Tract 6; Richmond County; New York,1265,1039,88,65,65,0,8,0,0,0,36,Richmond,000600
Census Tract 7; Richmond County; New York,1847,1491,85,78,73,0,0,0,1,119,36,Richmond,000700
Census Tract 8; Richmond County; New York,1841,1565,4,183,89,0,0,0,0,0,36,Richmond,000800
Census Tract 9; Richmond County; New York,841,663,29,35,54,0,0,0,38,22,36,Richmond,000900
Census Tract 11; Richmond County; New York,1211,1031,37,53,83,0,0,0,0,7,36,Richmond,001100
Census Tract 17; Richmond County; New York,612,534,0,30,22,0,0,26,0,0,36,Richmond,001700
Census Tract 18; Richmond County; New York,155,95,11,45,0,0,0,0,0,4,36,Richmond,001800
Census Tract 20.01; Richmond County; New York,1491,1149,0,259,83,0,0,0,0,0,36,Richmond,002001
Census Tract 20.02; Richmond County; New York,1334,1204,15,63,24,0,0,28,0,0,36,Richmond,002002
Census Tract 21; Richmond County; New York,2117,1334,93,537,89,0,0,0,26,38,36,Richmond,002100
Census Tract 27; Richmond County; New York,401,322,40,31,0,0,0,0,0,8,36,Richmond,002700
Census Tract 29; Richmond County; New York,1870,1327,86,130,87,0,0,0,0,240,36,Richmond,002900
Census Tract 33; Richmond County; New York,1340,996,8,142,135,30,0,0,0,29,36,Richmond,003300
Census Tract 36; Richmond County; New York,918,771,78,58,11,0,0,0,0,0,36,Richmond,003600
Census Tract 39; Richmond County; New York,1032,658,0,69,214,0,0,0,10,81,36,Richmond,003900
Census Tract 40.01; Richmond County; New York,1064,886,16,26,86,0,0,0,50,0,36,Richmond,004001
Census Tract 40.02; Richmond County; New York,868,802,32,34,0,0,0,0,0,0,36,Richmond,004002
Census Tract 40.03; Richmond County; New York,1385,1261,9,115,0,0,0,0,0,0,36,Richmond,004003
Census Tract 40.04; Richmond County; New York,1084,895,28,92,54,0,0,0,15,0,36,Richmond,004004
Census Tract 47; Richmond County; New York,960,720,0,98,50,0,0,0,92,0,36,Richmond,004700
Census Tract 50; Richmond County; New York,1487,1172,100,187,28,0,0,0,0,0,36,Richmond,005000
Census Tract 59.01; Richmond County; New York,1125,761,0,144,218,0,0,0,0,2,36,Richmond,005901
Census Tract 59.02; Richmond County; New York,0,0,0,0,0,0,0,0,0,0,36,Richmond,005902
Census Tract 64; Richmond County; New York,1182,906,33,134,109,0,0,0,0,0,36,Richmond,006400
Census Tract 67; Richmond County; New York,1197,920,13,58,206,0,0,0,0,0,36,Richmond,006700
Census Tract 70.01; Richmond County; New York,1008,950,0,21,37,0,0,0,0,0,36,Richmond,007001
Census Tract 70.02; Richmond County; New York,1750,1346,286,43,52,0,0,6,17,0,36,Richmond,007002
Census Tract 74; Richmond County; New York,1775,1348,68,206,53,0,0,61,0,39,36,Richmond,007400
Census Tract 75; Richmond County; New York,1067,1016,0,0,51,0,0,0,0,0,36,Richmond,007500
Census Tract 77; Richmond County; New York,562,434,11,104,13,0,0,0,0,0,36,Richmond,007700
Census Tract 81; Richmond County; New York,1770,1214,19,39,447,0,0,0,51,0,36,Richmond,008100
Census Tract 96.01; Richmond County; New York,1623,1302,0,259,32,0,0,0,0,30,36,Richmond,009601
Census Tract 96.02; Richmond County; New York,1459,1209,126,82,42,0,0,0,0,0,36,Richmond,009602
Census Tract 97.01; Richmond County; New York,1590,1205,40,135,123,0,0,39,0,48,36,Richmond,009701
Census Tract 97.02; Richmond County; New York,23,4,0,0,19,0,0,0,0,0,36,Richmond,009702
Census Tract 105; Richmond County; New York,1664,1304,54,42,257,0,0,0,0,7,36,Richmond,010500
Census Tract 112.01; Richmond County; New York,1881,1445,118,308,0,0,0,10,0,0,36,Richmond,011201
Census Tract 112.03; Richmond County; New York,2211,1880,42,242,29,0,0,0,0,18,36,Richmond,011203
Census Tract 112.04; Richmond County; New York,15,15,0,0,0,0,0,0,0,0,36,Richmond,011204
Census Tract 114.01; Richmond County; New York,1402,727,0,420,61,0,0,0,0,194,36,Richmond,011401
Census Tract 114.02; Richmond County; New York,1203,989,20,49,70,0,10,0,0,65,36,Richmond,011402
Census Tract 121; Richmond County; New York,1143,995,19,10,119,0,0,0,0,0,36,Richmond,012100
Census Tract 122; Richmond County; New York,1374,1133,66,64,80,0,0,10,21,0,36,Richmond,012200
Census Tract 125; Richmond County; New York,1062,945,12,33,62,0,7,0,0,3,36,Richmond,012500
Census Tract 128.04; Richmond County; New York,1490,1331,13,91,42,0,0,0,0,13,36,Richmond,012804
Census Tract 128.05; Richmond County; New York,756,613,33,110,0,0,0,0,0,0,36,Richmond,012805
Census Tract 128.06; Richmond County; New York,2226,1736,92,106,149,0,0,0,67,76,36,Richmond,012806
Census Tract 132.01; Richmond County; New York,520,469,0,12,39,0,0,0,0,0,36,Richmond,013201
Census Tract 132.03; Richmond County; New York,2303,2062,105,95,31,0,0,0,0,10,36,Richmond,013203
Census Tract 132.04; Richmond County; New York,1788,1547,105,85,30,0,0,0,0,21,36,Richmond,013204
Census Tract 133.01; Richmond County; New York,526,486,4,10,4,0,0,0,1,21,36,Richmond,013301
Census Tract 133.02; Richmond County; New York,990,902,0,52,36,0,0,0,0,0,36,Richmond,013302
Census Tract 134; Richmond County; New York,1370,1116,25,180,37,0,0,12,0,0,36,Richmond,013400
Census Tract 138; Richmond County; New York,2484,2337,92,23,32,0,0,0,0,0,36,Richmond,013800
Census Tract 141; Richmond County; New York,1104,833,36,202,29,0,0,0,0,4,36,Richmond,014100
Census Tract 146.04; Richmond County; New York,2329,2153,12,50,114,0,0,0,0,0,36,Richmond,014604
Census Tract 146.05; Richmond County; New York,1290,1139,0,10,119,0,13,9,0,0,36,Richmond,014605
Census Tract 146.06; Richmond County; New York,2239,1996,23,73,83,0,39,0,25,0,36,Richmond,014606
Census Tract 146.07; Richmond County; New York,1714,1464,19,215,8,0,0,0,0,8,36,Richmond,014607
Census Tract 146.08; Richmond County; New York,1224,1101,40,49,12,0,0,12,0,10,36,Richmond,014608
Census Tract 147; Richmond County; New York,1544,1313,66,85,80,0,0,0,0,0,36,Richmond,014700
Census Tract 151; Richmond County; New York,1822,1430,36,34,322,0,0,0,0,0,36,Richmond,015100
Census Tract 154; Richmond County; New York,0,0,0,0,0,0,0,0,0,0,36,Richmond,015400
Census Tract 156.01; Richmond County; New York,2291,2126,5,17,143,0,0,0,0,0,36,Richmond,015601
Census Tract 156.02; Richmond County; New York,1209,1134,0,22,33,0,0,8,0,12,36,Richmond,015602
Census Tract 156.03; Richmond County; New York,1741,1601,5,95,27,0,0,0,0,13,36,Richmond,015603
Census Tract 169.01; Richmond County; New York,1053,972,26,16,33,0,0,0,0,6,36,Richmond,016901
Census Tract 170.05; Richmond County; New York,1759,1415,82,165,97,0,0,0,0,0,36,Richmond,017005
Census Tract 170.07; Richmond County; New York,1872,1756,29,71,10,0,0,0,0,6,36,Richmond,017007
Census Tract 170.09; Richmond County; New York,1586,1386,109,79,12,0,0,0,0,0,36,Richmond,017009
Census Tract 170.11; Richmond County; New York,1667,1515,0,10,30,0,0,88,12,12,36,Richmond,017011
Census Tract 170.12; Richmond County; New York,1648,1525,2,45,54,0,2,0,20,0,36,Richmond,017012
Census Tract 170.13; Richmond County; New York,1368,1306,0,53,9,0,0,0,0,0,36,Richmond,017013
Census Tract 170.14; Richmond County; New York,1599,1516,14,22,13,0,0,0,0,34,36,Richmond,017014
Census Tract 170.15; Richmond County; New York,1034,932,69,26,7,0,0,0,0,0,36,Richmond,017015
Census Tract 170.16; Richmond County; New York,1540,1390,24,108,0,0,0,0,18,0,36,Richmond,017016
Census Tract 173; Richmond County; New York,1014,697,20,41,168,0,0,0,36,52,36,Richmond,017300
Census Tract 176; Richmond County; New York,1537,1431,33,42,31,0,0,0,0,0,36,Richmond,017600
Census Tract 177.01; Richmond County; New York,1415,1140,0,93,159,0,0,0,0,23,36,Richmond,017701
Census Tract 177.02; Richmond County; New York,942,853,47,27,5,0,0,10,0,0,36,Richmond,017702
Census Tract 181; Richmond County; New York,1409,956,29,320,40,0,0,0,0,64,36,Richmond,018100
Census Tract 187.01; Richmond County; New York,683,585,0,18,56,0,18,6,0,0,36,Richmond,018701
Census Tract 187.03; Richmond County; New York,1183,1063,5,56,13,0,0,10,0,36,36,Richmond,018703
Census Tract 187.04; Richmond County; New York,1181,1111,0,25,45,0,0,0,0,0,36,Richmond,018704
Census Tract 189.01; Richmond County; New York,1577,1367,104,53,48,0,5,0,0,0,36,Richmond,018901
Census Tract 189.02; Richmond County; New York,1680,1584,35,38,12,0,0,0,0,11,36,Richmond,018902
Census Tract 197; Richmond County; New York,681,596,16,15,49,0,0,5,0,0,36,Richmond,019700
Census Tract 198; Richmond County; New York,2490,2119,5,274,32,0,0,0,0,60,36,Richmond,019800
Census Tract 201; Richmond County; New York,1370,1278,20,0,62,0,0,0,0,10,36,Richmond,020100
Census Tract 207.01; Richmond County; New York,981,761,0,135,85,0,0,0,0,0,36,Richmond,020701
Census Tract 207.02; Richmond County; New York,938,731,15,113,65,0,0,0,0,14,36,Richmond,020702
Census Tract 208.03; Richmond County; New York,2539,2245,143,46,105,0,0,0,0,0,36,Richmond,020803
Census Tract 208.04; Richmond County; New York,1957,1804,44,88,21,0,0,0,0,0,36,Richmond,020804
Census Tract 208.05; Richmond County; New York,2245,2125,40,48,32,0,0,0,0,0,36,Richmond,020805
Census Tract 208.06; Richmond County; New York,923,880,12,11,20,0,0,0,0,0,36,Richmond,020806
Census Tract 213; Richmond County; New York,1540,1278,29,58,164,0,0,0,11,0,36,Richmond,021300
Census Tract 223; Richmond County; New York,1053,876,33,70,62,0,12,0,0,0,36,Richmond,022300
Census Tract 226.01; Richmond County; New York,2455,2009,54,168,43,0,0,0,129,52,36,Richmond,022601
Census Tract 226.02; Richmond County; New York,699,648,0,45,6,0,0,0,0,0,36,Richmond,022602
Census Tract 228.01; Richmond County; New York,13,8,0,5,0,0,0,0,0,0,36,Richmond,022801
Census Tract 228.02; Richmond County; New York,0,0,0,0,0,0,0,0,0,0,36,Richmond,022802
Census Tract 231; Richmond County; New York,1490,1207,21,160,90,0,0,12,0,0,36,Richmond,023100
Census Tract 239; Richmond County; New York,1086,853,12,82,42,0,0,0,0,97,36,Richmond,023900
Census Tract 244.01; Richmond County; New York,1948,1825,33,33,57,0,0,0,0,0,36,Richmond,024401
Census Tract 244.02; Richmond County; New York,1713,1578,61,56,0,0,8,10,0,0,36,Richmond,024402
Census Tract 247; Richmond County; New York,853,770,0,26,26,0,0,0,0,31,36,Richmond,024700
Census Tract 248; Richmond County; New York,1707,1594,0,33,80,0,0,0,0,0,36,Richmond,024800
Census Tract 251; Richmond County; New York,2051,1740,20,74,178,0,0,0,18,21,36,Richmond,025100
Census Tract 273.01; Richmond County; New York,1509,1374,0,107,19,0,0,0,0,9,36,Richmond,027301
Census Tract 273.02; Richmond County; New York,1218,1085,0,31,0,0,0,90,0,12,36,Richmond,027302
Census Tract 277.02; Richmond County; New York,2856,2252,110,407,60,0,16,0,0,11,36,Richmond,027702
Census Tract 277.04; Richmond County; New York,1555,1464,60,24,0,0,0,0,7,0,36,Richmond,027704
Census Tract 277.05; Richmond County; New York,2004,1819,45,121,0,0,0,14,0,5,36,Richmond,027705
Census Tract 277.06; Richmond County; New York,1158,1075,20,63,0,0,0,0,0,0,36,Richmond,027706
Census Tract 279; Richmond County; New York,638,588,21,14,10,0,0,0,0,5,36,Richmond,027900
Census Tract 291.02; Richmond County; New York,1080,887,65,29,64,0,0,35,0,0,36,Richmond,029102
Census Tract 291.04; Richmond County; New York,2337,2138,77,99,23,0,0,0,0,0,36,Richmond,029104
Census Tract 291.05; Richmond County; New York,1595,1317,97,181,0,0,0,0,0,0,36,Richmond,029105
Census Tract 291.06; Richmond County; New York,1042,907,0,109,0,0,0,26,0,0,36,Richmond,029106
Census Tract 303.01; Richmond County; New York,1951,1830,23,47,51,0,0,0,0,0,36,Richmond,030301
Census Tract 303.02; Richmond County; New York,2140,1997,4,105,29,0,0,5,0,0,36,Richmond,030302
Census Tract 319.01; Richmond County; New York,1237,1124,29,39,34,0,0,0,0,11,36,Richmond,031901
Census Tract 319.02; Richmond County; New York,1588,1403,44,41,75,0,0,0,19,6,36,Richmond,031902
Census Tract 323; Richmond County; New York,453,407,0,27,8,0,0,0,0,11,36,Richmond,032300
Census Tract 9901; Richmond County; New York,0,0,0,0,0,0,0,0,0,0,36,Richmond,990100
