NAME,county,total_housing_units,fuel_oil_kerosene_units,fuel_oil_pct,median_household_income,total_population,white_alone_population,minority_population,minority_pct
Census Tract 1; Bronx County; New York,Bronx,0,0,,,3538,1393,2145,60.62747314867156
Census Tract 2; Bronx County; New York,Bronx,1446,112,7.745504840940526,121171.0,5177,782,4395,84.8947266756809
Census Tract 4; Bronx County; New York,Bronx,2246,117,5.209260908281389,98242.0,6481,532,5949,91.79139021755903
Census Tract 16; Bronx County; New York,Bronx,2149,393,18.287575616565846,42957.0,6011,260,5751,95.67459657294958
Census Tract 19.01; Bronx County; New York,Bronx,1092,61,5.586080586080587,67361.0,2401,513,1888,78.63390254060808
Census Tract 19.02; Bronx County; New York,Bronx,566,114,20.141342756183743,76429.0,1979,115,1864,94.188984335523
Census Tract 19.03; Bronx County; New York,Bronx,0,0,,,0,0,0,
Census Tract 19.04; Bronx County; New York,Bronx,0,0,,,0,0,0,
Census Tract 20.01; Bronx County; New York,Bronx,1726,343,19.872537659327925,23208.0,4300,626,3674,85.44186046511628
Census Tract 20.02; Bronx County; New York,Bronx,1832,428,23.362445414847162,18029.0,3689,596,3093,83.84386012469504
Census Tract 23; Bronx County; New York,Bronx,1917,106,5.529473135106938,18750.0,4527,456,4071,89.9271040424122
Census Tract 24; Bronx County; New York,Bronx,0,0,,,0,0,0,
Census Tract 25; Bronx County; New York,Bronx,1903,541,28.42879663688912,27207.0,5460,1056,4404,80.65934065934066
Census Tract 27.01; Bronx County; New York,Bronx,1167,191,16.36675235646958,18788.0,2830,150,2680,94.69964664310953
Census Tract 27.02; Bronx County; New York,Bronx,1508,286,18.96551724137931,31379.0,5156,235,4921,95.4422032583398
Census Tract 28; Bronx County; New York,Bronx,2717,606,22.30401177769599,66235.0,5420,591,4829,89.09594095940959
Census Tract 31; Bronx County; New York,Bronx,1104,17,1.5398550724637683,43480.0,2641,393,2248,85.1192730026505
Census Tract 33; Bronx County; New York,Bronx,1225,61,4.979591836734694,37957.0,3407,262,3145,92.30995010272967
Census Tract 35; Bronx County; New York,Bronx,1483,229,15.441672285906947,34508.0,3529,289,3240,91.81071124964579
Census Tract 37; Bronx County; New York,Bronx,158,8,5.063291139240507,,285,24,261,91.57894736842105
Census Tract 38; Bronx County; New York,Bronx,377,35,9.283819628647215,42614.0,1215,34,1181,97.20164609053498
Census Tract 39; Bronx County; New York,Bronx,2299,462,20.095693779904305,28508.0,6346,905,5441,85.73904821935078
Census Tract 40.01; Bronx County; New York,Bronx,507,43,8.481262327416173,76050.0,1378,142,1236,89.69521044992743
Census Tract 41; Bronx County; New York,Bronx,2359,624,26.45188639253921,21819.0,6272,746,5526,88.10586734693877
Census Tract 42; Bronx County; New York,Bronx,2837,300,10.574550581600283,52974.0,7976,1086,6890,86.38415245737212
Census Tract 43; Bronx County; New York,Bronx,2099,277,13.196760362077178,29704.0,5041,636,4405,87.38345566355882
Census Tract 44; Bronx County; New York,Bronx,1578,571,36.1850443599493,21016.0,4323,513,3810,88.13324080499653
Census Tract 46; Bronx County; New York,Bronx,658,120,18.237082066869302,21346.0,1784,439,1345,75.39237668161435
Census Tract 48; Bronx County; New York,Bronx,1504,703,46.74202127659575,45118.0,4139,434,3705,89.51437545300797
Census Tract 50.01; Bronx County; New York,Bronx,1343,654,48.69694713328369,35164.0,4597,80,4517,98.25973460952795
Census Tract 50.02; Bronx County; New York,Bronx,1888,904,47.88135593220339,36066.0,6338,119,6219,98.122436099716
Census Tract 51; Bronx County; New York,Bronx,2621,623,23.76955360549409,25468.0,6795,651,6144,90.41942604856513
Census Tract 52; Bronx County; New York,Bronx,788,331,42.00507614213198,35147.0,1787,119,1668,93.34079462786794
Census Tract 53; Bronx County; New York,Bronx,1595,72,4.5141065830721,22352.0,4596,517,4079,88.75108790252393
Census Tract 54; Bronx County; New York,Bronx,1702,676,39.71797884841363,58452.0,5306,92,5214,98.26611383339615
Census Tract 56; Bronx County; New York,Bronx,1025,387,37.75609756097561,47628.0,2531,58,2473,97.70841564598973
Census Tract 59.02; Bronx County; New York,Bronx,1286,198,15.396578538102643,46902.0,3044,795,2249,73.88304862023654
Census Tract 60; Bronx County; New York,Bronx,385,164,42.59740259740259,53371.0,1220,53,1167,95.65573770491802
Census Tract 61; Bronx County; New York,Bronx,1940,394,20.309278350515463,75608.0,3835,326,3509,91.4993481095176
Census Tract 62; Bronx County; New York,Bronx,2489,1365,54.84130172760145,27243.0,6206,265,5941,95.72993876893328
Census Tract 63.01; Bronx County; New York,Bronx,2584,431,16.679566563467493,58118.0,6244,1551,4693,75.16015374759769
Census Tract 63.02; Bronx County; New York,Bronx,0,0,,,0,0,0,
Census Tract 64; Bronx County; New York,Bronx,1407,347,24.662402274342572,40778.0,3847,239,3608,93.78736677930856
Census Tract 65; Bronx County; New York,Bronx,2153,343,15.931258708778447,24184.0,5182,1325,3857,74.43072172906214
Census Tract 67; Bronx County; New York,Bronx,2595,252,9.710982658959537,,5892,119,5773,97.98031228784792
Census Tract 68; Bronx County; New York,Bronx,917,222,24.209378407851688,33996.0,2621,310,2311,88.17245326211369
Census Tract 69; Bronx County; New York,Bronx,2804,266,9.486447931526392,32199.0,6524,635,5889,90.26670754138564
Census Tract 70; Bronx County; New York,Bronx,1373,485,35.32410779315368,43672.0,4201,459,3742,89.07402999285884
Census Tract 71; Bronx County; New York,Bronx,1386,63,4.545454545454546,34853.0,2562,319,2243,87.5487900078064
Census Tract 72; Bronx County; New York,Bronx,1623,793,48.86013555144794,64464.0,5371,476,4895,91.13759076522064
Census Tract 73; Bronx County; New York,Bronx,1552,21,1.3530927835051547,31442.0,4555,419,4136,90.801317233809
Census Tract 74; Bronx County; New York,Bronx,1380,88,6.3768115942028984,52641.0,3281,285,2996,91.31362389515391
Census Tract 75; Bronx County; New York,Bronx,2449,225,9.187423438138016,35892.0,6543,1161,5382,82.25584594222833
Census Tract 76; Bronx County; New York,Bronx,1825,743,40.71232876712329,53650.0,5317,271,5046,94.90314086891104
Census Tract 77; Bronx County; New York,Bronx,591,81,13.705583756345177,44447.0,1996,315,1681,84.21843687374749
Census Tract 78; Bronx County; New York,Bronx,1981,745,37.60726905603231,58513.0,5858,878,4980,85.01194947080914
Census Tract 79; Bronx County; New York,Bronx,2290,505,22.05240174672489,36514.0,6987,164,6823,97.65278374123372
Census Tract 83; Bronx County; New York,Bronx,2239,567,25.323805270209913,53560.0,6588,379,6209,94.24711596842744
Census Tract 84; Bronx County; New York,Bronx,1008,91,9.027777777777777,57083.0,2716,400,2316,85.27245949926362
Census Tract 85; Bronx County; New York,Bronx,2110,352,16.682464454976305,43531.0,5665,723,4942,87.23742277140335
Census Tract 86; Bronx County; New York,Bronx,1539,138,8.966861598440545,24023.0,4117,633,3484,84.62472674277386
Census Tract 87; Bronx County; New York,Bronx,2109,443,21.00521574205785,40708.0,6299,445,5854,92.93538656929672
Census Tract 89; Bronx County; New York,Bronx,1327,143,10.776186887716655,36625.0,2993,347,2646,88.4062813230872
Census Tract 90; Bronx County; New York,Bronx,1221,180,14.742014742014742,33275.0,3593,594,2999,83.46785416086836
Census Tract 92; Bronx County; New York,Bronx,1871,965,51.5766969535008,56913.0,5675,790,4885,86.07929515418502
Census Tract 93.01; Bronx County; New York,Bronx,1918,207,10.792492179353493,54241.0,5615,430,5185,92.34194122885128
Census Tract 93.02; Bronx County; New York,Bronx,0,0,,,405,92,313,77.28395061728395
Census Tract 96; Bronx County; New York,Bronx,835,195,23.353293413173652,53523.0,2352,349,2003,85.16156462585033
Census Tract 98; Bronx County; New York,Bronx,1680,326,19.404761904761905,67500.0,4647,1040,3607,77.61996987303637
Census Tract 110; Bronx County; New York,Bronx,0,0,,,0,0,0,
Census Tract 115.02; Bronx County; New York,Bronx,1507,97,6.436629064366291,30172.0,3850,211,3639,94.51948051948051
Census Tract 117.01; Bronx County; New York,Bronx,492,52,10.569105691056912,35298.0,1318,8,1310,99.39301972685888
Census Tract 117.02; Bronx County; New York,Bronx,0,0,,,0,0,0,
Census Tract 118; Bronx County; New York,Bronx,1566,316,20.178799489144318,100500.0,5538,3882,1656,29.902491874322862
Census Tract 119; Bronx County; New York,Bronx,1874,471,25.13340448239061,36250.0,5889,302,5587,94.87179487179486
Census Tract 121.01; Bronx County; New York,Bronx,1055,305,28.90995260663507,51205.0,3413,244,3169,92.85086434222092
Census Tract 121.02; Bronx County; New York,Bronx,548,14,2.5547445255474455,43032.0,1495,76,1419,94.91638795986623
Census Tract 123; Bronx County; New York,Bronx,1710,99,5.7894736842105265,36154.0,4092,179,3913,95.62561094819159
Census Tract 125; Bronx County; New York,Bronx,1418,243,17.136812411847675,58333.0,4146,359,3787,91.34105161601543
Census Tract 127.01; Bronx County; New York,Bronx,775,249,32.12903225806451,49784.0,2385,214,2171,91.0272536687631
Census Tract 129.01; Bronx County; New York,Bronx,1653,282,17.05989110707804,35521.0,5261,530,4731,89.92586960653868
Census Tract 130; Bronx County; New York,Bronx,444,39,8.783783783783784,65357.0,1329,649,680,51.16629044394282
Census Tract 131; Bronx County; New York,Bronx,2240,278,12.410714285714286,18408.0,5210,619,4591,88.1190019193858
Census Tract 132; Bronx County; New York,Bronx,2609,88,3.3729398236872363,108582.0,7126,2236,4890,68.62194779680046
Census Tract 133; Bronx County; New York,Bronx,2191,206,9.402099497946145,31762.0,5838,425,5413,92.72010962658445
Census Tract 135; Bronx County; New York,Bronx,1485,131,8.821548821548822,30865.0,3295,580,2715,82.39757207890743
Census Tract 138; Bronx County; New York,Bronx,1250,83,6.64,90032.0,2957,1653,1304,44.098748731822795
Census Tract 141; Bronx County; New York,Bronx,2957,266,8.995603652350354,35238.0,6864,236,6628,96.56177156177156
Census Tract 143; Bronx County; New York,Bronx,697,196,28.120516499282637,16734.0,1685,77,1608,95.43026706231454
Census Tract 144; Bronx County; New York,Bronx,2318,835,36.022433132010356,32197.0,6465,607,5858,90.61098221191028
Census Tract 145; Bronx County; New York,Bronx,2381,252,10.583788324233517,28022.0,6560,386,6174,94.11585365853658
Census Tract 147.01; Bronx County; New York,Bronx,2052,36,1.7543859649122806,23500.0,5151,302,4849,94.13706076490001
Census Tract 147.02; Bronx County; New York,Bronx,1881,147,7.814992025518341,21533.0,4985,519,4466,89.5887662988967
Census Tract 149; Bronx County; New York,Bronx,1535,192,12.50814332247557,35213.0,4755,578,4177,87.84437434279707
Census Tract 151; Bronx County; New York,Bronx,2146,287,13.373718546132341,30558.0,5414,467,4947,91.37421499815294
Census Tract 152; Bronx County; New York,Bronx,976,223,22.848360655737704,84265.0,2601,1099,1502,57.74702037677816
Census Tract 153; Bronx County; New York,Bronx,1749,283,16.18067467124071,34704.0,3502,337,3165,90.37692747001714
Census Tract 155; Bronx County; New York,Bronx,1085,385,35.483870967741936,42118.0,3154,135,3019,95.71972098922004
Census Tract 157; Bronx County; New York,Bronx,2267,283,12.483458314953683,45731.0,5959,411,5548,93.1028696089948
Census Tract 158; Bronx County; New York,Bronx,534,47,8.801498127340825,81000.0,1625,805,820,50.46153846153846
Census Tract 159; Bronx County; New York,Bronx,929,152,16.361679224973088,24654.0,2153,68,2085,96.84161634928007
Census Tract 160; Bronx County; New York,Bronx,1543,194,12.572909915748543,97445.0,4063,2621,1442,35.49101649027812
Census Tract 161; Bronx County; New York,Bronx,2127,500,23.507287259050305,23466.0,4789,793,3996,83.4412194612654
Census Tract 162; Bronx County; New York,Bronx,497,97,19.517102615694164,102361.0,1802,652,1150,63.81798002219756
Census Tract 163; Bronx County; New York,Bronx,0,0,,,0,0,0,
Census Tract 164; Bronx County; New York,Bronx,391,121,30.946291560102303,95781.0,1107,491,616,55.64588979223125
Census Tract 165; Bronx County; New York,Bronx,360,61,16.944444444444446,59000.0,1233,50,1183,95.9448499594485
Census Tract 166; Bronx County; New York,Bronx,833,81,9.723889555822328,107344.0,2387,599,1788,74.90573942186846
Census Tract 167; Bronx County; New York,Bronx,1123,127,11.308993766696348,36181.0,3203,153,3050,95.22322822354043
Census Tract 169; Bronx County; New York,Bronx,605,47,7.768595041322314,47610.0,1759,100,1659,94.31495167708925
Census Tract 171; Bronx County; New York,Bronx,0,0,,,0,0,0,
Census Tract 173; Bronx County; New York,Bronx,2226,436,19.58670260557053,,5257,977,4280,81.41525584934374
Census Tract 175; Bronx County; New York,Bronx,3035,557,18.352553542009883,,6444,566,5878,91.21663563004346
Census Tract 177.01; Bronx County; New York,Bronx,1397,265,18.96921975662133,46070.0,4566,295,4271,93.53920280332896
Census Tract 177.02; Bronx County; New York,Bronx,1681,313,18.619869125520523,38897.0,5236,775,4461,85.19862490450726
Census Tract 179.01; Bronx County; New York,Bronx,1689,219,12.966252220248666,45292.0,4993,394,4599,92.10895253354695
Census Tract 179.02; Bronx County; New York,Bronx,1305,340,26.053639846743295,46230.0,3571,179,3392,94.98739848781854
Census Tract 181.01; Bronx County; New York,Bronx,1048,215,20.515267175572518,55400.0,3345,86,3259,97.42899850523169
Census Tract 181.02; Bronx County; New York,Bronx,2161,463,21.42526608051828,36334.0,4903,179,4724,96.34917397511728
Census Tract 183.01; Bronx County; New York,Bronx,2017,471,23.351512146752604,54226.0,4427,1015,3412,77.07250960018071
Census Tract 183.02; Bronx County; New York,Bronx,1467,251,17.109747784594408,65196.0,3301,37,3264,98.87912753710997
Census Tract 184; Bronx County; New York,Bronx,1376,644,46.80232558139535,101705.0,3994,1806,2188,54.78217325988983
Census Tract 185.01; Bronx County; New York,Bronx,1381,176,12.744388124547429,,3154,237,2917,92.4857324032974
Census Tract 185.02; Bronx County; New York,Bronx,2156,193,8.951762523191094,32656.0,6658,1022,5636,84.65004505857615
Census Tract 189; Bronx County; New York,Bronx,2925,699,23.897435897435898,48054.0,8375,933,7442,88.85970149253731
Census Tract 193; Bronx County; New York,Bronx,2418,637,26.344086021505376,41268.0,5751,1034,4717,82.02051817075291
Census Tract 194; Bronx County; New York,Bronx,686,243,35.42274052478135,87188.0,1966,492,1474,74.97456765005086
Census Tract 195; Bronx County; New York,Bronx,2672,475,17.77694610778443,37374.0,7286,660,6626,90.94153170463903
Census Tract 197; Bronx County; New York,Bronx,2462,179,7.27051177904143,24383.0,7478,1289,6189,82.76277079433004
Census Tract 199; Bronx County; New York,Bronx,3162,652,20.619860847564834,31228.0,7300,550,6750,92.46575342465754
Census Tract 200; Bronx County; New York,Bronx,1467,539,36.74164962508521,47161.0,4925,602,4323,87.77664974619289
Census Tract 201; Bronx County; New York,Bronx,1439,393,27.31063238359972,36218.0,3950,385,3565,90.25316455696203
Census Tract 202; Bronx County; New York,Bronx,1000,398,39.800000000000004,52061.0,2597,257,2340,90.10396611474779
Census Tract 204; Bronx County; New York,Bronx,987,545,55.21783181357649,60504.0,2966,555,2411,81.28792987188133
Census Tract 205.01; Bronx County; New York,Bronx,2652,686,25.867269984917048,20821.0,7319,1540,5779,78.95887416313704
Census Tract 205.02; Bronx County; New York,Bronx,1016,197,19.38976377952756,41125.0,2401,257,2144,89.29612661391087
Census Tract 206.01; Bronx County; New York,Bronx,1028,353,34.33852140077821,59138.0,2547,208,2339,91.83352964271693
Census Tract 209; Bronx County; New York,Bronx,1989,177,8.89894419306184,39795.0,5225,684,4541,86.9090909090909
Census Tract 210.01; Bronx County; New York,Bronx,3570,940,26.330532212885156,46223.0,7519,416,7103,94.4673493815667
Census Tract 210.02; Bronx County; New York,Bronx,3046,481,15.791201575837164,70500.0,7453,599,6854,91.96296793237623
Census Tract 211; Bronx County; New York,Bronx,2057,417,20.2722411278561,50204.0,6291,775,5516,87.68081386107137
Census Tract 212; Bronx County; New York,Bronx,2356,522,22.156196943972837,69088.0,5227,442,4785,91.54390663860723
Census Tract 213.01; Bronx County; New York,Bronx,450,84,18.666666666666668,47959.0,1244,77,1167,93.81028938906752
Census Tract 213.02; Bronx County; New York,Bronx,2361,207,8.767471410419315,30473.0,5604,349,5255,93.77230549607424
Census Tract 215.01; Bronx County; New York,Bronx,1314,132,10.045662100456621,43750.0,4612,907,3705,80.33391153512575
Census Tract 215.02; Bronx County; New York,Bronx,2228,508,22.800718132854577,,6953,681,6272,90.20566661872573
Census Tract 216.01; Bronx County; New York,Bronx,1564,612,39.130434782608695,54565.0,4865,931,3934,80.86330935251799
Census Tract 216.02; Bronx County; New York,Bronx,2389,479,20.050230221850146,59408.0,6344,310,6034,95.11349306431273
Census Tract 217; Bronx County; New York,Bronx,1839,306,16.6394779771615,41416.0,5100,220,4880,95.68627450980392
Census Tract 218; Bronx County; New York,Bronx,2294,823,35.876198779424584,58807.0,6041,363,5678,93.99106108260223
Census Tract 219; Bronx County; New York,Bronx,419,23,5.4892601431980905,48623.0,1022,71,951,93.05283757338552
Census Tract 220; Bronx County; New York,Bronx,634,100,15.772870662460567,23468.0,1901,193,1708,89.84744871120462
Census Tract 221.01; Bronx County; New York,Bronx,1301,162,12.45196003074558,58186.0,3743,423,3320,88.69890462196099
Census Tract 221.02; Bronx County; New York,Bronx,1641,293,17.85496648385131,37022.0,5896,644,5252,89.07734056987789
Census Tract 222; Bronx County; New York,Bronx,1110,542,48.82882882882883,56029.0,3303,180,3123,94.55040871934605
Census Tract 223; Bronx County; New York,Bronx,2154,370,17.177344475394616,45007.0,5207,978,4229,81.21759170347609
Census Tract 224.01; Bronx County; New York,Bronx,967,429,44.36401240951396,67824.0,2528,462,2066,81.7246835443038
Census Tract 224.03; Bronx County; New York,Bronx,1106,475,42.94755877034358,91225.0,2788,354,2434,87.30272596843616
Census Tract 224.04; Bronx County; New York,Bronx,1933,437,22.607346094154167,59482.0,4466,839,3627,81.21361397223467
Census Tract 225; Bronx County; New York,Bronx,2336,780,33.39041095890411,53191.0,9408,1035,8373,88.99872448979592
Census Tract 227.01; Bronx County; New York,Bronx,2045,514,25.134474327628364,37134.0,4995,108,4887,97.83783783783784
Census Tract 227.02; Bronx County; New York,Bronx,548,95,17.335766423357665,27446.0,1277,30,1247,97.65074393108848
Census Tract 227.03; Bronx County; New York,Bronx,708,235,33.19209039548023,66146.0,1728,554,1174,67.93981481481481
Census Tract 228; Bronx County; New York,Bronx,2317,581,25.075528700906347,87961.0,5623,1068,4555,81.00658011737507
Census Tract 229.01; Bronx County; New York,Bronx,1964,668,34.0122199592668,52763.0,5541,523,5018,90.56127052878541
Census Tract 229.02; Bronx County; New York,Bronx,1157,427,36.90579083837511,35313.0,3239,213,3026,93.4238962642791
Census Tract 230; Bronx County; New York,Bronx,963,221,22.949117341640708,55460.0,2555,812,1743,68.21917808219177
Census Tract 231; Bronx County; New York,Bronx,410,71,17.317073170731707,59388.0,1570,72,1498,95.4140127388535
Census Tract 232; Bronx County; New York,Bronx,862,332,38.51508120649652,45125.0,2462,816,1646,66.85621445978879
Census Tract 233.01; Bronx County; New York,Bronx,1648,452,27.427184466019416,42778.0,3742,126,3616,96.63281667557456
Census Tract 233.02; Bronx County; New York,Bronx,1037,436,42.044358727097396,65156.0,3665,250,3415,93.1787175989086
Census Tract 235.01; Bronx County; New York,Bronx,1244,323,25.964630225080388,37194.0,3322,23,3299,99.30764599638772
Census Tract 235.02; Bronx County; New York,Bronx,1607,314,19.53951462352209,47484.0,4284,210,4074,95.09803921568627
Census Tract 236; Bronx County; New York,Bronx,557,156,28.007181328545784,54583.0,1602,332,1270,79.27590511860176
Census Tract 237.02; Bronx County; New York,Bronx,323,210,65.01547987616098,44583.0,1119,62,1057,94.45933869526363
Census Tract 237.03; Bronx County; New York,Bronx,1804,808,44.789356984478935,27763.0,5081,871,4210,82.85770517614642
Census Tract 237.04; Bronx County; New York,Bronx,1452,320,22.03856749311295,32984.0,3659,925,2734,74.71986881661657
Census Tract 238; Bronx County; New York,Bronx,743,232,31.22476446837147,67750.0,2394,591,1803,75.31328320802005
Census Tract 239; Bronx County; New York,Bronx,2663,641,24.07059707097259,51172.0,9384,436,8948,95.3537936913896
Census Tract 240; Bronx County; New York,Bronx,1351,521,38.5640266469282,72608.0,4147,957,3190,76.92307692307693
Census Tract 241; Bronx County; New York,Bronx,2350,133,5.659574468085107,29527.0,6284,996,5288,84.1502227880331
Census Tract 243; Bronx County; New York,Bronx,1985,309,15.566750629722922,24293.0,4401,508,3893,88.45716882526699
Census Tract 244; Bronx County; New York,Bronx,831,216,25.992779783393498,78854.0,2168,629,1539,70.9870848708487
Census Tract 245.01; Bronx County; New York,Bronx,1591,330,20.741671904462603,49904.0,5043,556,4487,88.97481657743407
Census Tract 245.02; Bronx County; New York,Bronx,1259,263,20.889594916600476,37448.0,3975,623,3352,84.32704402515722
Census Tract 246; Bronx County; New York,Bronx,793,164,20.68095838587642,95703.0,2117,641,1476,69.7213037316958
Census Tract 247; Bronx County; New York,Bronx,742,104,14.016172506738545,47283.0,1772,112,1660,93.67945823927766
Census Tract 248; Bronx County; New York,Bronx,1210,266,21.983471074380166,78839.0,3528,1388,2140,60.657596371882086
Census Tract 249; Bronx County; New York,Bronx,0,0,,,0,0,0,
Census Tract 250; Bronx County; New York,Bronx,936,273,29.166666666666668,109667.0,2755,1417,1338,48.566243194192374
Census Tract 251; Bronx County; New York,Bronx,2313,758,32.77129269347168,50410.0,6542,542,6000,91.71507184347294
Census Tract 252; Bronx County; New York,Bronx,895,228,25.474860335195533,80583.0,2586,1173,1413,54.64037122969838
Census Tract 253; Bronx County; New York,Bronx,1856,649,34.9676724137931,43421.0,5589,160,5429,97.13723385220969
Census Tract 254; Bronx County; New York,Bronx,764,259,33.90052356020942,66053.0,1967,1033,934,47.48347737671581
Census Tract 255; Bronx County; New York,Bronx,2357,773,32.79592702588035,55042.0,6565,303,6262,95.38461538461539
Census Tract 256; Bronx County; New York,Bronx,611,170,27.823240589198033,58924.0,1664,641,1023,61.47836538461539
Census Tract 257; Bronx County; New York,Bronx,684,301,44.005847953216374,55962.0,1687,93,1594,94.4872554831061
Census Tract 261; Bronx County; New York,Bronx,1154,334,28.942807625649912,60357.0,2109,137,1972,93.50403034613561
Census Tract 263; Bronx County; New York,Bronx,2178,1241,56.978879706152426,44709.0,6767,840,5927,87.58681838333086
Census Tract 264; Bronx County; New York,Bronx,2165,672,31.039260969976905,58307.0,5735,2908,2827,49.29380993897123
Census Tract 265; Bronx County; New York,Bronx,2341,1233,52.66979923109783,60495.0,7792,971,6821,87.53850102669405
Census Tract 266.01; Bronx County; New York,Bronx,1359,402,29.58057395143488,47266.0,2864,1214,1650,57.61173184357542
Census Tract 266.02; Bronx County; New York,Bronx,2459,507,20.618137454249695,51442.0,5119,1953,3166,61.84801719085758
Census Tract 267.01; Bronx County; New York,Bronx,1294,627,48.45440494590417,44750.0,3759,378,3381,89.94413407821229
Census Tract 267.02; Bronx County; New York,Bronx,2651,1421,53.60241418332705,61494.0,7702,799,6903,89.62607115035055
Census Tract 269; Bronx County; New York,Bronx,1905,467,24.514435695538058,29140.0,4185,1139,3046,72.78375149342892
Census Tract 273; Bronx County; New York,Bronx,2954,1139,38.557887610020316,54096.0,7120,1480,5640,79.21348314606742
Census Tract 274.01; Bronx County; New York,Bronx,1783,267,14.974761637689287,104811.0,5111,3279,1832,35.84425748385834
Census Tract 274.02; Bronx County; New York,Bronx,1288,101,7.841614906832298,101667.0,3487,2191,1296,37.166618870088904
Census Tract 276; Bronx County; New York,Bronx,18,0,0.0,,57,15,42,73.68421052631578
Census Tract 277; Bronx County; New York,Bronx,1789,660,36.8921185019564,54482.0,4188,925,3263,77.91308500477555
Census Tract 279; Bronx County; New York,Bronx,2978,385,12.92813969106783,65000.0,8112,1902,6210,76.55325443786982
Census Tract 281; Bronx County; New York,Bronx,1685,540,32.047477744807125,79886.0,3512,1259,2253,64.15148063781321
Census Tract 283; Bronx County; New York,Bronx,1037,96,9.257473481195758,14194.0,2486,687,1799,72.36524537409494
Census Tract 284; Bronx County; New York,Bronx,0,0,,,480,134,346,72.08333333333333
Census Tract 285; Bronx County; New York,Bronx,1781,411,23.076923076923077,74965.0,3309,1387,1922,58.0840132970686
Census Tract 286; Bronx County; New York,Bronx,500,173,34.599999999999994,72857.0,1014,513,501,49.40828402366864
Census Tract 287; Bronx County; New York,Bronx,1247,209,16.760224538893347,64127.0,3442,1282,2160,62.75421266705404
Census Tract 288; Bronx County; New York,Bronx,1026,206,20.077972709551656,97424.0,2678,1710,968,36.14637789395071
Census Tract 289; Bronx County; New York,Bronx,1942,421,21.678681771369725,55977.0,4400,1014,3386,76.95454545454545
Census Tract 293.01; Bronx County; New York,Bronx,926,122,13.174946004319654,119643.0,1847,1143,704,38.11586356253384
Census Tract 293.02; Bronx County; New York,Bronx,2595,497,19.152215799614645,132405.0,5422,3410,2012,37.108078199926226
Census Tract 295; Bronx County; New York,Bronx,2098,493,23.49857006673022,100600.0,4639,2276,2363,50.93770209096788
Census Tract 296; Bronx County; New York,Bronx,1031,239,23.18137730358875,56747.0,2341,1044,1297,55.40367364374199
Census Tract 297; Bronx County; New York,Bronx,1856,327,17.618534482758623,90714.0,4171,2610,1561,37.42507791896428
Census Tract 300; Bronx County; New York,Bronx,2494,417,16.720128307939053,84279.0,6811,3479,3332,48.92086330935252
Census Tract 301; Bronx County; New York,Bronx,659,125,18.968133535660094,86672.0,1570,849,721,45.92356687898089
Census Tract 302.01; Bronx County; New York,Bronx,1656,73,4.408212560386474,75000.0,3684,251,3433,93.18675352877307
Census Tract 302.02; Bronx County; New York,Bronx,2634,166,6.302201974183751,78435.0,6152,170,5982,97.2366710013004
Census Tract 307.01; Bronx County; New York,Bronx,2413,345,14.297554910899295,121764.0,5492,3568,1924,35.03277494537509
Census Tract 309; Bronx County; New York,Bronx,1406,155,11.024182076813656,122500.0,3707,2917,790,21.311033180469384
Census Tract 310; Bronx County; New York,Bronx,1266,260,20.537124802527646,142671.0,4409,1669,2740,62.145611249716495
Census Tract 312; Bronx County; New York,Bronx,560,77,13.750000000000002,124474.0,1649,444,1205,73.07459066100667
Census Tract 314; Bronx County; New York,Bronx,597,172,28.8107202680067,111917.0,2186,851,1335,61.0704483074108
Census Tract 316; Bronx County; New York,Bronx,716,107,14.94413407821229,78864.0,1842,674,1168,63.409337676438646
Census Tract 318; Bronx County; New York,Bronx,572,48,8.391608391608392,98017.0,2038,732,1306,64.08243375858686
Census Tract 319; Bronx County; New York,Bronx,4,4,100.0,,762,450,312,40.94488188976378
Census Tract 323; Bronx County; New York,Bronx,2725,544,19.963302752293576,101512.0,4811,3298,1513,31.448763250883395
Census Tract 324; Bronx County; New York,Bronx,1256,303,24.12420382165605,40955.0,2963,453,2510,84.71144110698616
Census Tract 326; Bronx County; New York,Bronx,1061,367,34.59000942507069,99962.0,3440,1175,2265,65.84302325581395
Census Tract 328; Bronx County; New York,Bronx,1463,615,42.03691045796309,49422.0,4056,720,3336,82.24852071005917
Census Tract 330; Bronx County; New York,Bronx,2164,618,28.558225508317932,48750.0,5016,1746,3270,65.19138755980862
Census Tract 332.01; Bronx County; New York,Bronx,2311,1145,49.54565123323237,35400.0,4123,1586,2537,61.5328644191123
Census Tract 332.02; Bronx County; New York,Bronx,1481,528,35.65158676569885,47557.0,3415,489,2926,85.68081991215227
Census Tract 334; Bronx County; New York,Bronx,4,0,0.0,,26,1,25,96.15384615384616
Census Tract 335; Bronx County; New York,Bronx,761,205,26.938239159001316,106597.0,2213,1303,910,41.120650700406685
Census Tract 336.01; Bronx County; New York,Bronx,2178,455,20.890725436179984,23453.0,5011,344,4667,93.13510277389743
Census Tract 336.02; Bronx County; New York,Bronx,572,119,20.804195804195803,47398.0,1155,146,1009,87.35930735930737
Census Tract 337; Bronx County; New York,Bronx,1041,201,19.30835734870317,147543.0,2852,2200,652,22.861150070126225
Census Tract 338.01; Bronx County; New York,Bronx,893,272,30.45912653975364,70418.0,2119,74,2045,96.50778669183578
Census Tract 338.02; Bronx County; New York,Bronx,531,245,46.13935969868173,70508.0,1809,140,1669,92.26091763405196
Census Tract 340; Bronx County; New York,Bronx,1825,694,38.02739726027397,50208.0,5337,470,4867,91.19355443132847
Census Tract 342; Bronx County; New York,Bronx,637,222,34.850863422291994,70910.0,1518,171,1347,88.73517786561264
Census Tract 343; Bronx County; New York,Bronx,576,194,33.68055555555556,89554.0,1854,696,1158,62.45954692556634
Census Tract 344; Bronx County; New York,Bronx,621,145,23.349436392914654,71920.0,1940,332,1608,82.88659793814433
Census Tract 345; Bronx County; New York,Bronx,1608,242,15.049751243781095,115461.0,4155,1640,2515,60.5294825511432
Census Tract 348; Bronx County; New York,Bronx,2163,787,36.38465094775775,53024.0,6198,393,5805,93.65924491771538
Census Tract 350; Bronx County; New York,Bronx,757,151,19.947159841479525,69293.0,2023,47,1976,97.67671774592189
Census Tract 351; Bronx County; New York,Bronx,1330,351,26.39097744360902,105086.0,3723,1661,2062,55.38544184797206
Census Tract 356; Bronx County; New York,Bronx,676,94,13.905325443786982,86014.0,2074,53,2021,97.44455159112826
Census Tract 358; Bronx County; New York,Bronx,2700,558,20.666666666666668,85296.0,7495,626,6869,91.64776517678452
Census Tract 359; Bronx County; New York,Bronx,1462,315,21.545827633378934,28955.0,3261,124,3137,96.19748543391597
Census Tract 360; Bronx County; New York,Bronx,973,256,26.3103802672148,83351.0,2836,332,2504,88.29337094499294
Census Tract 361; Bronx County; New York,Bronx,2065,140,6.779661016949152,26083.0,5093,644,4449,87.3551934027096
Census Tract 363; Bronx County; New York,Bronx,2431,545,22.418757712875358,28259.0,6423,897,5526,86.0345632881831
Census Tract 364; Bronx County; New York,Bronx,873,203,23.253150057273768,60313.0,2427,97,2330,96.00329625051504
Census Tract 365.01; Bronx County; New York,Bronx,1445,246,17.024221453287197,54097.0,4721,259,4462,94.51387417919932
Census Tract 365.02; Bronx County; New York,Bronx,761,207,27.201051248357423,26886.0,2557,345,2212,86.50762612436449
Census Tract 367; Bronx County; New York,Bronx,767,157,20.469361147327252,31815.0,2647,137,2510,94.82432942954287
Census Tract 368; Bronx County; New York,Bronx,637,285,44.740973312401884,71875.0,2185,59,2126,97.29977116704805
Census Tract 369.01; Bronx County; New York,Bronx,725,137,18.89655172413793,16277.0,1810,216,1594,88.06629834254144
Census Tract 369.02; Bronx County; New York,Bronx,849,93,10.954063604240282,21976.0,2316,227,2089,90.19861830742659
Census Tract 370; Bronx County; New York,Bronx,644,191,29.6583850931677,113182.0,2228,135,2093,93.9407540394973
Census Tract 371; Bronx County; New York,Bronx,1720,409,23.77906976744186,22791.0,3948,185,3763,95.31408308004052
Census Tract 372; Bronx County; New York,Bronx,849,236,27.79740871613663,69972.0,2069,161,1908,92.21846302561623
Census Tract 373; Bronx County; New York,Bronx,2255,670,29.711751662971174,51283.0,6511,101,6410,98.44877898940256
Census Tract 374; Bronx County; New York,Bronx,1530,540,35.294117647058826,35884.0,3707,383,3324,89.6681953061775
Census Tract 375.04; Bronx County; New York,Bronx,1457,248,17.02127659574468,44198.0,3831,655,3176,82.90263638736623
Census Tract 376; Bronx County; New York,Bronx,754,427,56.63129973474801,70429.0,1934,153,1781,92.0889348500517
Census Tract 378; Bronx County; New York,Bronx,1164,382,32.81786941580756,65500.0,3254,203,3051,93.76152427781193
Census Tract 379; Bronx County; New York,Bronx,2046,339,16.568914956011728,46430.0,6511,183,6328,97.18937183228384
Census Tract 380; Bronx County; New York,Bronx,1975,340,17.21518987341772,46250.0,4474,239,4235,94.6580241394725
Census Tract 381; Bronx County; New York,Bronx,2614,1213,46.40397857689365,44741.0,7378,1454,5924,80.2927622661968
Census Tract 382; Bronx County; New York,Bronx,960,274,28.541666666666664,85972.0,2942,166,2776,94.35757987763427
Census Tract 383.01; Bronx County; New York,Bronx,1550,727,46.903225806451616,43900.0,4667,252,4415,94.60038568673667
Census Tract 383.03; Bronx County; New York,Bronx,1169,302,25.83404619332763,23958.0,3621,31,3590,99.14388290527478
Census Tract 383.04; Bronx County; New York,Bronx,809,460,56.86032138442522,22551.0,2080,16,2064,99.23076923076923
Census Tract 385; Bronx County; New York,Bronx,1831,598,32.6597487711633,17598.0,5574,232,5342,95.83781844277
Census Tract 386; Bronx County; New York,Bronx,2929,741,25.298736770228746,66161.0,8273,119,8154,98.56158588178413
Census Tract 387; Bronx County; New York,Bronx,1479,749,50.642325895875594,41088.0,3725,369,3356,90.09395973154362
Census Tract 388; Bronx County; New York,Bronx,983,271,27.568667344862664,68125.0,2793,118,2675,95.7751521661296
Census Tract 389; Bronx County; New York,Bronx,1990,912,45.82914572864322,48796.0,5823,1284,4539,77.9495105615662
Census Tract 390; Bronx County; New York,Bronx,1101,200,18.1653042688465,65478.0,3093,151,2942,95.11800840607823
Census Tract 391; Bronx County; New York,Bronx,2889,1237,42.81758393907927,36027.0,6555,1241,5314,81.06788710907705
Census Tract 392; Bronx County; New York,Bronx,637,200,31.39717425431711,65815.0,1522,100,1422,93.42969776609723
Census Tract 393; Bronx County; New York,Bronx,3082,686,22.25827384815055,30854.0,9019,675,8344,92.5157999778246
Census Tract 394; Bronx County; New York,Bronx,1667,509,30.53389322135573,66188.0,4473,371,4102,91.70579029733959
Census Tract 395; Bronx County; New York,Bronx,1730,231,13.352601156069364,,4210,253,3957,93.99049881235155
Census Tract 396; Bronx County; New York,Bronx,1447,404,27.91983413959917,43552.0,3837,242,3595,93.69298931456868
Census Tract 397; Bronx County; New York,Bronx,468,228,48.717948717948715,21987.0,3868,2372,1496,38.67631851085832
Census Tract 398; Bronx County; New York,Bronx,1235,381,30.850202429149796,29325.0,3528,22,3506,99.37641723356009
Census Tract 399.01; Bronx County; New York,Bronx,1682,924,54.9346016646849,41065.0,5032,184,4848,96.34340222575517
Census Tract 399.02; Bronx County; New York,Bronx,1670,796,47.66467065868263,48929.0,5116,316,4800,93.82329945269741
Census Tract 401; Bronx County; New York,Bronx,2142,862,40.242763772175536,26875.0,4630,378,4252,91.83585313174946
Census Tract 403.02; Bronx County; New York,Bronx,1582,663,41.90897597977244,40865.0,4389,205,4184,95.32923217133742
Census Tract 403.03; Bronx County; New York,Bronx,1415,590,41.69611307420495,40027.0,4076,485,3591,88.10107948969578
Census Tract 403.04; Bronx County; New York,Bronx,1313,554,42.19345011424219,41336.0,3586,439,3147,87.75794757389849
Census Tract 404; Bronx County; New York,Bronx,1104,268,24.27536231884058,97500.0,3499,1,3498,99.97142040583023
Census Tract 405.01; Bronx County; New York,Bronx,1370,855,62.40875912408759,42639.0,3560,75,3485,97.89325842696628
Census Tract 405.02; Bronx County; New York,Bronx,2502,1002,40.04796163069545,39518.0,6100,305,5795,95.0
Census Tract 406; Bronx County; New York,Bronx,1366,428,31.332357247437777,49375.0,3802,166,3636,95.63387690689112
Census Tract 407.01; Bronx County; New York,Bronx,1229,563,45.80960130187144,47198.0,2779,675,2104,75.71068729758906
Census Tract 407.02; Bronx County; New York,Bronx,2875,1270,44.173913043478265,35440.0,6840,614,6226,91.0233918128655
Census Tract 408; Bronx County; New York,Bronx,1557,490,31.470777135517018,39738.0,4438,540,3898,87.83235691753042
Census Tract 409; Bronx County; New York,Bronx,1438,354,24.617524339360223,65925.0,3392,546,2846,83.90330188679245
Census Tract 411; Bronx County; New York,Bronx,1518,335,22.06851119894598,61750.0,3793,471,3322,87.58238861059847
Census Tract 413; Bronx County; New York,Bronx,3059,1299,42.46485779666558,65845.0,8001,1351,6650,83.1146106736658
Census Tract 414; Bronx County; New York,Bronx,1840,376,20.434782608695652,123548.0,5318,414,4904,92.21511846558856
Census Tract 415; Bronx County; New York,Bronx,2391,1085,45.37850271852781,44973.0,5706,572,5134,89.97546442341395
Census Tract 418; Bronx County; New York,Bronx,1314,498,37.89954337899543,61706.0,3713,399,3314,89.25397252895233
Census Tract 419; Bronx County; New York,Bronx,2655,991,37.325800376647834,50768.0,6219,656,5563,89.45168033445891
Census Tract 420; Bronx County; New York,Bronx,1638,467,28.51037851037851,32279.0,4665,451,4214,90.33226152197213
Census Tract 421; Bronx County; New York,Bronx,2161,865,40.02776492364646,55830.0,5954,1095,4859,81.60900235136043
Census Tract 422; Bronx County; New York,Bronx,1272,282,22.169811320754718,63365.0,2836,190,2646,93.30042313117066
Census Tract 423; Bronx County; New York,Bronx,1366,616,45.095168374816986,65682.0,4378,1031,3347,76.45043398812244
Census Tract 424; Bronx County; New York,Bronx,785,160,20.382165605095544,108550.0,2626,462,2164,82.4067022086824
Census Tract 425; Bronx County; New York,Bronx,2315,936,40.43196544276458,47021.0,6749,2364,4385,64.97258853163432
Census Tract 426; Bronx County; New York,Bronx,2367,162,6.844106463878327,95876.0,7627,239,7388,96.86639569948866
Census Tract 428; Bronx County; New York,Bronx,788,133,16.878172588832488,101163.0,2249,60,2189,97.33214762116496
Census Tract 429.01; Bronx County; New York,Bronx,1229,493,40.11391375101709,42775.0,3128,329,2799,89.48209718670077
Census Tract 429.02; Bronx County; New York,Bronx,1678,639,38.08104886769964,42647.0,3898,491,3407,87.40379681888147
Census Tract 430; Bronx County; New York,Bronx,1324,88,6.646525679758309,84316.0,3287,85,3202,97.41405536963796
Census Tract 431.01; Bronx County; New York,Bronx,1801,703,39.03387007218212,42637.0,4880,602,4278,87.6639344262295
Census Tract 431.02; Bronx County; New York,Bronx,1730,413,23.872832369942195,48835.0,4341,903,3438,79.19834139599172
Census Tract 434; Bronx County; New York,Bronx,1586,154,9.709962168978564,74048.0,3829,284,3545,92.58291982240794
Census Tract 435.01; Bronx County; New York,Bronx,439,27,6.150341685649203,30885.0,1035,255,780,75.36231884057972
Census Tract 435.02; Bronx County; New York,Bronx,0,0,,,0,0,0,
Census Tract 435.03; Bronx County; New York,Bronx,38,0,0.0,105625.0,56,33,23,41.07142857142857
Census Tract 436; Bronx County; New York,Bronx,740,177,23.91891891891892,88833.0,2397,109,2288,95.4526491447643
Census Tract 442; Bronx County; New York,Bronx,1315,236,17.9467680608365,,4055,58,3997,98.56966707768187
Census Tract 444; Bronx County; New York,Bronx,1392,424,30.45977011494253,100000.0,4409,296,4113,93.28645951462917
Census Tract 448; Bronx County; New York,Bronx,703,90,12.802275960170698,102760.0,2449,91,2358,96.28419763168641
Census Tract 449.01; Bronx County; New York,Bronx,869,265,30.49482163406214,78083.0,1986,1539,447,22.507552870090635
Census Tract 449.02; Bronx County; New York,Bronx,952,200,21.008403361344538,99250.0,2303,1657,646,28.050369083803734
Census Tract 451.01; Bronx County; New York,Bronx,979,420,42.90091930541369,70855.0,1602,1297,305,19.038701622971285
Census Tract 451.02; Bronx County; New York,Bronx,944,275,29.13135593220339,96901.0,1973,1487,486,24.632539280283833
Census Tract 456; Bronx County; New York,Bronx,1193,113,9.471919530595137,76943.0,3548,685,2863,80.69334836527621
Census Tract 458; Bronx County; New York,Bronx,2065,242,11.71912832929782,31225.0,5671,208,5463,96.33221654029272
Census Tract 460; Bronx County; New York,Bronx,940,123,13.085106382978722,31768.0,2489,91,2398,96.3439132181599
Census Tract 462.03; Bronx County; New York,Bronx,3164,9,0.28445006321112515,40020.0,7120,1113,6007,84.36797752808988
Census Tract 462.04; Bronx County; New York,Bronx,2406,243,10.099750623441397,64922.0,5311,418,4893,92.12954245904726
Census Tract 462.05; Bronx County; New York,Bronx,1880,223,11.861702127659575,63924.0,3495,383,3112,89.04148783977111
Census Tract 462.06; Bronx County; New York,Bronx,2027,0,0.0,63601.0,4365,282,4083,93.53951890034364
Census Tract 462.07; Bronx County; New York,Bronx,2919,56,1.9184652278177456,73464.0,6488,412,6076,93.6498150431566
Census Tract 462.08; Bronx County; New York,Bronx,1365,181,13.260073260073261,110724.0,5042,150,4892,97.02499008330028
Census Tract 462.09; Bronx County; New York,Bronx,1414,407,28.783592644978782,27500.0,4309,51,4258,98.81643072638663
Census Tract 484.01; Bronx County; New York,Bronx,1297,101,7.787201233616036,86273.0,4192,189,4003,95.49141221374046
Census Tract 484.02; Bronx County; New York,Bronx,0,0,,,0,0,0,
Census Tract 504; Bronx County; New York,Bronx,0,0,,,0,0,0,
Census Tract 516.01; Bronx County; New York,Bronx,2081,537,25.80490148966843,100306.0,4273,2849,1424,33.325532412824714
Census Tract 516.02; Bronx County; New York,Bronx,0,0,,,0,0,0,
Census Tract 1; Kings County; New York,Kings,2660,380,14.285714285714285,167778.0,4839,3541,1298,26.82372390989874
Census Tract 2; Kings County; New York,Kings,358,9,2.5139664804469275,81154.0,1203,405,798,66.33416458852868
Census Tract 3.01; Kings County; New York,Kings,1976,334,16.902834008097166,179250.0,4031,3430,601,14.90945174894567
Census Tract 5.01; Kings County; New York,Kings,1949,212,10.877373011800923,144125.0,4504,3102,1402,31.127886323268207
Census Tract 5.02; Kings County; New York,Kings,1469,331,22.532334921715453,179185.0,2787,2116,671,24.076067456045926
Census Tract 7; Kings County; New York,Kings,1785,129,7.226890756302522,189145.0,3983,3013,970,24.35350238513683
Census Tract 9; Kings County; New York,Kings,2392,218,9.11371237458194,236222.0,4792,3481,1311,27.358096828046747
Census Tract 11; Kings County; New York,Kings,900,7,0.7777777777777778,164250.0,1585,937,648,40.883280757097786
Census Tract 13; Kings County; New York,Kings,1248,167,13.381410256410255,173000.0,2408,1484,924,38.372093023255815
Census Tract 15.01; Kings County; New York,Kings,2198,74,3.3666969972702456,114828.0,4925,1732,3193,64.83248730964468
Census Tract 15.02; Kings County; New York,Kings,3038,0,0.0,135022.0,5418,2184,3234,59.68992248062015
Census Tract 18.01; Kings County; New York,Kings,0,0,,,1564,750,814,52.0460358056266
Census Tract 18.02; Kings County; New York,Kings,0,0,,,0,0,0,
Census Tract 18.03; Kings County; New York,Kings,0,0,,,6,4,2,33.33333333333333
Census Tract 18.04; Kings County; New York,Kings,0,0,,,0,0,0,
Census Tract 20; Kings County; New York,Kings,411,14,3.40632603406326,78839.0,1795,105,1690,94.15041782729804
Census Tract 21; Kings County; New York,Kings,2601,138,5.3056516724336795,250001.0,6180,4421,1759,28.462783171521032
Census Tract 22; Kings County; New York,Kings,1592,59,3.7060301507537687,41429.0,4155,1717,2438,58.676293622142
Census Tract 23; Kings County; New York,Kings,1504,6,0.39893617021276595,25968.0,3642,74,3568,97.96814936847886
Census Tract 29.01; Kings County; New York,Kings,1391,113,8.123652048885694,23832.0,3340,122,3218,96.34730538922156
Census Tract 30; Kings County; New York,Kings,800,81,10.125,128506.0,1818,1229,589,32.3982398239824
Census Tract 31.01; Kings County; New York,Kings,1515,72,4.752475247524752,149650.0,3547,1435,2112,59.54327600789399
Census Tract 31.02; Kings County; New York,Kings,0,0,,,0,0,0,
Census Tract 33; Kings County; New York,Kings,2490,143,5.742971887550201,131173.0,4203,1623,2580,61.38472519628837
Census Tract 34; Kings County; New York,Kings,1456,187,12.843406593406591,111088.0,3515,2234,1281,36.44381223328592
Census Tract 35; Kings County; New York,Kings,1129,31,2.745792736935341,147829.0,2125,901,1224,57.599999999999994
Census Tract 36; Kings County; New York,Kings,1911,405,21.19309262166405,89487.0,3702,2404,1298,35.0621285791464
Census Tract 37; Kings County; New York,Kings,2570,81,3.151750972762646,167917.0,4276,2227,2049,47.91861552853134
Census Tract 38; Kings County; New York,Kings,589,49,8.31918505942275,144028.0,1578,1009,569,36.05830164765526
Census Tract 39; Kings County; New York,Kings,1163,45,3.869303525365434,181518.0,2557,1385,1172,45.83496284708643
Census Tract 41; Kings County; New York,Kings,1360,53,3.8970588235294117,221452.0,3364,2393,971,28.864447086801427
Census Tract 43; Kings County; New York,Kings,1950,154,7.897435897435898,155859.0,3952,2382,1570,39.72672064777328
Census Tract 44; Kings County; New York,Kings,934,46,4.925053533190578,139375.0,2289,1949,340,14.853647881170817
Census Tract 45; Kings County; New York,Kings,1625,154,9.476923076923077,174609.0,3547,2633,914,25.768254863264733
Census Tract 46; Kings County; New York,Kings,520,140,26.923076923076923,139375.0,1175,880,295,25.106382978723403
Census Tract 47; Kings County; New York,Kings,876,95,10.844748858447488,158125.0,2001,1071,930,46.476761619190405
Census Tract 49; Kings County; New York,Kings,1117,170,15.21933751119069,143750.0,2875,2169,706,24.556521739130435
Census Tract 50; Kings County; New York,Kings,1108,115,10.379061371841155,124167.0,2542,2026,516,20.298977183320222
Census Tract 51; Kings County; New York,Kings,1012,115,11.363636363636363,173125.0,2425,1830,595,24.536082474226802
Census Tract 52.01; Kings County; New York,Kings,967,127,13.133402275077561,49125.0,1713,1185,528,30.823117338003502
Census Tract 52.02; Kings County; New York,Kings,1524,306,20.078740157480315,106087.0,2784,2363,421,15.12212643678161
Census Tract 53.01; Kings County; New York,Kings,896,34,3.7946428571428568,121136.0,2262,1600,662,29.26613616268789
Census Tract 53.02; Kings County; New York,Kings,39,0,0.0,134750.0,111,55,56,50.45045045045045
Census Tract 53.03; Kings County; New York,Kings,11,0,0.0,,52,25,27,51.92307692307693
Census Tract 54; Kings County; New York,Kings,1750,294,16.8,81641.0,3293,2307,986,29.94230185241421
Census Tract 56.01; Kings County; New York,Kings,1431,170,11.87980433263452,112569.0,2846,2042,804,28.250175685172174
Census Tract 56.02; Kings County; New York,Kings,956,155,16.21338912133891,99643.0,1781,1355,426,23.919146546883773
Census Tract 58; Kings County; New York,Kings,1446,153,10.58091286307054,76111.0,3069,2373,696,22.678396871945257
Census Tract 59; Kings County; New York,Kings,628,12,1.910828025477707,99896.0,1463,1000,463,31.647300068352703
Census Tract 60; Kings County; New York,Kings,1049,201,19.161105815061962,74107.0,2979,1767,1212,40.684793554884195
Census Tract 62; Kings County; New York,Kings,1055,205,19.431279620853083,80739.0,2721,1920,801,29.437706725468576
Census Tract 63; Kings County; New York,Kings,940,51,5.425531914893617,184091.0,2038,1521,517,25.36800785083415
Census Tract 64; Kings County; New York,Kings,1409,177,12.562100780695529,100547.0,3427,2434,993,28.97578056609279
Census Tract 65; Kings County; New York,Kings,2520,246,9.761904761904763,196433.0,6193,5284,909,14.677862102373648
Census Tract 66; Kings County; New York,Kings,1668,297,17.805755395683455,101622.0,4064,2284,1780,43.7992125984252
Census Tract 67; Kings County; New York,Kings,1516,122,8.047493403693931,235455.0,3912,3167,745,19.0439672801636
Census Tract 68; Kings County; New York,Kings,1522,182,11.957950065703022,76279.0,3914,2016,1898,48.492590700051096
Census Tract 69.01; Kings County; New York,Kings,817,95,11.627906976744185,154531.0,1724,1434,290,16.82134570765661
Census Tract 69.02; Kings County; New York,Kings,839,15,1.7878426698450536,229141.0,1981,1413,568,28.672387682988386
Census Tract 70; Kings County; New York,Kings,1192,79,6.62751677852349,83138.0,2681,1460,1221,45.54270794479672
Census Tract 71; Kings County; New York,Kings,1672,262,15.669856459330145,65115.0,4379,1443,2936,67.04727106645353
Census Tract 72; Kings County; New York,Kings,586,84,14.334470989761092,73125.0,1865,303,1562,83.75335120643432
Census Tract 74; Kings County; New York,Kings,1533,23,1.5003261578604044,72860.0,5360,1103,4257,79.42164179104478
Census Tract 75; Kings County; New York,Kings,2164,136,6.284658040665435,156556.0,4707,3460,1247,26.49245804121521
Census Tract 76; Kings County; New York,Kings,1339,13,0.9708737864077669,61975.0,4728,1099,3629,76.75549915397632
Census Tract 77; Kings County; New York,Kings,2820,242,8.581560283687944,207551.0,6132,5125,1007,16.42204827136334
Census Tract 78; Kings County; New York,Kings,1487,71,4.774714189643578,71616.0,5120,1764,3356,65.546875
Census Tract 80; Kings County; New York,Kings,1403,136,9.69351389878831,77552.0,3539,1163,2376,67.13760949420741
Census Tract 82; Kings County; New York,Kings,1437,148,10.299234516353515,43142.0,3828,884,2944,76.90700104493207
Census Tract 84; Kings County; New York,Kings,1117,270,24.171888988361683,105670.0,3154,796,2358,74.76220672162334
Census Tract 85; Kings County; New York,Kings,3083,559,18.131689912422967,24672.0,7631,670,6961,91.22002358799634
Census Tract 86; Kings County; New York,Kings,0,0,,,0,0,0,
Census Tract 88; Kings County; New York,Kings,1198,118,9.84974958263773,83438.0,2497,823,1674,67.0404485382459
Census Tract 90.01; Kings County; New York,Kings,440,64,14.545454545454545,49500.0,1300,291,1009,77.61538461538461
Census Tract 90.02; Kings County; New York,Kings,439,33,7.517084282460136,61801.0,1686,200,1486,88.1376037959668
Census Tract 92.01; Kings County; New York,Kings,555,55,9.90990990990991,59148.0,1850,299,1551,83.83783783783784
Census Tract 92.02; Kings County; New York,Kings,1088,74,6.8014705882352935,54667.0,2866,428,2438,85.06629448709002
Census Tract 94.01; Kings County; New York,Kings,531,9,1.694915254237288,48304.0,1985,209,1776,89.47103274559194
Census Tract 94.02; Kings County; New York,Kings,957,104,10.867293625914314,82691.0,3089,755,2334,75.5584331498867
Census Tract 96; Kings County; New York,Kings,1908,151,7.914046121593292,80253.0,5917,1481,4436,74.97042420145344
Census Tract 98; Kings County; New York,Kings,1863,48,2.576489533011272,57341.0,6759,302,6457,95.53188341470631
Census Tract 100; Kings County; New York,Kings,1785,119,6.666666666666667,56350.0,5510,398,5112,92.77676950998185
Census Tract 101; Kings County; New York,Kings,1596,162,10.150375939849624,112857.0,4577,2218,2359,51.54031024688661
Census Tract 102; Kings County; New York,Kings,1132,73,6.448763250883392,51250.0,4561,487,4074,89.32251699188775
Census Tract 104.01; Kings County; New York,Kings,614,32,5.211726384364821,56121.0,2183,130,2053,94.04489234997709
Census Tract 104.02; Kings County; New York,Kings,631,24,3.8034865293185423,29803.0,1861,240,1621,87.10370768404084
Census Tract 106.01; Kings County; New York,Kings,587,0,0.0,46172.0,2230,48,2182,97.847533632287
Census Tract 106.02; Kings County; New York,Kings,608,11,1.8092105263157896,65615.0,2192,66,2126,96.98905109489051
Census Tract 108.01; Kings County; New York,Kings,570,22,3.8596491228070176,62813.0,1951,178,1773,90.87647360328037
Census Tract 108.02; Kings County; New York,Kings,688,9,1.308139534883721,65227.0,2585,125,2460,95.16441005802709
Census Tract 110; Kings County; New York,Kings,617,78,12.641815235008103,83083.0,2697,792,1905,70.63403781979977
Census Tract 112; Kings County; New York,Kings,2010,198,9.850746268656717,61400.0,6478,2469,4009,61.88638468663168
Census Tract 114; Kings County; New York,Kings,889,41,4.611923509561304,72043.0,4085,2002,2083,50.99143206854345
Census Tract 116; Kings County; New York,Kings,1102,48,4.3557168784029034,48469.0,3344,239,3105,92.85287081339713
Census Tract 117; Kings County; New York,Kings,1247,65,5.212510024057739,124675.0,3140,1468,1672,53.2484076433121
Census Tract 118; Kings County; New York,Kings,656,11,1.676829268292683,63125.0,1930,245,1685,87.30569948186529
Census Tract 119.01; Kings County; New York,Kings,619,15,2.4232633279483036,139750.0,1466,819,647,44.13369713506139
Census Tract 119.02; Kings County; New York,Kings,0,0,,,0,0,0,
Census Tract 120; Kings County; New York,Kings,323,17,5.263157894736842,71292.0,1291,53,1238,95.89465530596438
Census Tract 121; Kings County; New York,Kings,897,16,1.7837235228539576,119801.0,2057,1396,661,32.13417598444337
Census Tract 122; Kings County; New York,Kings,1546,168,10.866752910737388,50107.0,4651,629,4022,86.47602666093313
Census Tract 126; Kings County; New York,Kings,843,63,7.473309608540925,67679.0,2778,1121,1657,59.64722822174227
Census Tract 127; Kings County; New York,Kings,1755,158,9.002849002849004,73646.0,4037,977,3060,75.79886054000495
Census Tract 128.01; Kings County; New York,Kings,773,33,4.269081500646831,80433.0,1932,614,1318,68.21946169772258
Census Tract 129.01; Kings County; New York,Kings,921,57,6.188925081433225,244837.0,2377,1357,1020,42.91123264619268
Census Tract 129.02; Kings County; New York,Kings,1679,15,0.8933889219773675,162377.0,3452,1674,1778,51.5063731170336
Census Tract 130; Kings County; New York,Kings,1784,267,14.966367713004484,79219.0,5037,3093,1944,38.59440142942228
Census Tract 131; Kings County; New York,Kings,1774,297,16.741826381059752,109875.0,3434,2172,1262,36.75014560279558
Census Tract 132; Kings County; New York,Kings,730,46,6.301369863013699,83281.0,2315,1158,1157,49.97840172786177
Census Tract 133; Kings County; New York,Kings,1784,89,4.988789237668161,209286.0,4388,3225,1163,26.504102096627165
Census Tract 134; Kings County; New York,Kings,1425,157,11.017543859649123,105057.0,4229,2412,1817,42.9652400094585
Census Tract 135; Kings County; New York,Kings,1550,157,10.129032258064516,214028.0,3946,2831,1115,28.256462240243284
Census Tract 136; Kings County; New York,Kings,1496,205,13.703208556149733,92414.0,3804,2366,1438,37.802313354363825
Census Tract 137; Kings County; New York,Kings,1478,143,9.675236806495263,160652.0,3217,2250,967,30.05906123717749
Census Tract 138; Kings County; New York,Kings,1295,103,7.953667953667953,99984.0,3635,2261,1374,37.79917469050894
Census Tract 139; Kings County; New York,Kings,1422,127,8.931082981715893,173226.0,3527,2441,1086,30.791040544371988
Census Tract 140; Kings County; New York,Kings,792,102,12.878787878787879,59417.0,1910,1329,581,30.41884816753927
Census Tract 141.01; Kings County; New York,Kings,519,30,5.780346820809249,155625.0,1357,795,562,41.41488577745026
Census Tract 141.02; Kings County; New York,Kings,884,169,19.11764705882353,148125.0,2102,1341,761,36.20361560418649
Census Tract 142; Kings County; New York,Kings,1286,116,9.020217729393467,79444.0,3497,1870,1627,46.52559336574206
Census Tract 143; Kings County; New York,Kings,1465,40,2.7303754266211606,128828.0,3625,2013,1612,44.46896551724138
Census Tract 145; Kings County; New York,Kings,1926,47,2.4402907580477673,142200.0,4459,3075,1384,31.038349405696348
Census Tract 147; Kings County; New York,Kings,845,23,2.72189349112426,159297.0,2349,1755,594,25.287356321839084
Census Tract 148; Kings County; New York,Kings,431,20,4.640371229698376,76103.0,1320,648,672,50.90909090909091
Census Tract 149.01; Kings County; New York,Kings,641,35,5.46021840873635,162279.0,1561,1153,408,26.137091607943624
Census Tract 149.02; Kings County; New York,Kings,1883,87,4.620286776420605,150202.0,4388,2983,1405,32.01914311759344
Census Tract 150; Kings County; New York,Kings,535,29,5.420560747663552,103750.0,1555,1054,501,32.21864951768489
Census Tract 151; Kings County; New York,Kings,1768,203,11.481900452488688,185357.0,4042,3207,835,20.658090054428502
Census Tract 152; Kings County; New York,Kings,942,54,5.7324840764331215,79783.0,2545,1424,1121,44.047151277013754
Census Tract 153; Kings County; New York,Kings,1142,88,7.705779334500876,149956.0,2630,1825,805,30.60836501901141
Census Tract 154; Kings County; New York,Kings,0,0,,,0,0,0,
Census Tract 155; Kings County; New York,Kings,1463,159,10.868079289131922,214340.0,3484,2731,753,21.61308840413318
Census Tract 157; Kings County; New York,Kings,2149,444,20.660772452303398,198203.0,4777,3431,1346,28.176679924638893
Census Tract 159; Kings County; New York,Kings,2555,201,7.8669275929549904,212109.0,5439,4263,1176,21.62162162162162
Census Tract 160; Kings County; New York,Kings,1791,247,13.791178112786154,88944.0,4323,2149,2174,50.28915105250983
Census Tract 161; Kings County; New York,Kings,1555,146,9.389067524115756,170893.0,3574,2301,1273,35.61835478455512
Census Tract 162; Kings County; New York,Kings,1128,67,5.939716312056738,98125.0,2282,1198,1084,47.50219106047327
Census Tract 163; Kings County; New York,Kings,1866,29,1.5541264737406217,151923.0,4082,2564,1518,37.187653111219994
Census Tract 164; Kings County; New York,Kings,156,0,0.0,126696.0,859,580,279,32.47962747380676
Census Tract 165; Kings County; New York,Kings,2394,234,9.774436090225564,250001.0,6118,4445,1673,27.34553775743707
Census Tract 166; Kings County; New York,Kings,680,27,3.9705882352941173,126250.0,1958,1328,630,32.17568947906027
Census Tract 167; Kings County; New York,Kings,2232,247,11.0663082437276,193594.0,4851,3662,1189,24.51041022469594
Census Tract 168; Kings County; New York,Kings,794,86,10.831234256926953,116991.0,1970,1191,779,39.54314720812182
Census Tract 169; Kings County; New York,Kings,1983,318,16.036308623298034,154155.0,4726,3887,839,17.752856538298772
Census Tract 170; Kings County; New York,Kings,1136,30,2.640845070422535,94926.0,3584,1552,2032,56.69642857142857
Census Tract 171; Kings County; New York,Kings,1649,89,5.3972104305639785,168973.0,4195,3187,1008,24.02860548271752
Census Tract 172; Kings County; New York,Kings,929,60,6.458557588805166,131513.0,2830,1268,1562,55.19434628975265
Census Tract 174; Kings County; New York,Kings,712,12,1.6853932584269662,107143.0,2038,878,1160,56.91854759568204
Census Tract 175; Kings County; New York,Kings,0,0,,,0,0,0,
Census Tract 176; Kings County; New York,Kings,846,106,12.529550827423167,97955.0,2238,1251,987,44.10187667560322
Census Tract 177; Kings County; New York,Kings,0,0,,,0,0,0,
Census Tract 178; Kings County; New York,Kings,851,96,11.28084606345476,75655.0,2654,1093,1561,58.81688018085908
Census Tract 179; Kings County; New York,Kings,1445,28,1.9377162629757785,106106.0,4017,1262,2755,68.58352003983072
Census Tract 180; Kings County; New York,Kings,1018,44,4.322200392927308,58667.0,3027,1650,1377,45.490584737363726
Census Tract 181; Kings County; New York,Kings,2094,132,6.303724928366762,163382.0,3749,2202,1547,41.26433715657509
Census Tract 182; Kings County; New York,Kings,1118,9,0.8050089445438283,73229.0,3460,1089,2371,68.52601156069365
Census Tract 183; Kings County; New York,Kings,1390,85,6.115107913669065,191944.0,2879,1843,1036,35.98471691559569
Census Tract 184; Kings County; New York,Kings,783,47,6.002554278416347,76118.0,2161,943,1218,56.362795002313746
Census Tract 185.01; Kings County; New York,Kings,1786,150,8.3986562150056,46029.0,4334,678,3656,84.35625288417167
Census Tract 186; Kings County; New York,Kings,655,27,4.122137404580153,83250.0,2081,905,1176,56.5112926477655
Census Tract 187; Kings County; New York,Kings,550,132,24.0,122115.0,1448,761,687,47.444751381215475
Census Tract 188; Kings County; New York,Kings,1149,0,0.0,50265.0,2875,1417,1458,50.713043478260865
Census Tract 190; Kings County; New York,Kings,1512,39,2.579365079365079,60645.0,4093,1079,3014,73.63791839726362
Census Tract 191; Kings County; New York,Kings,1187,21,1.7691659646166806,160471.0,2825,1481,1344,47.575221238938056
Census Tract 192; Kings County; New York,Kings,751,66,8.788282290279627,69327.0,3095,1433,1662,53.69951534733441
Census Tract 193; Kings County; New York,Kings,2476,188,7.592891760904685,75986.0,5974,2643,3331,55.758285905590895
Census Tract 194; Kings County; New York,Kings,1119,322,28.775692582663094,56140.0,3371,637,2734,81.10353010975972
Census Tract 195; Kings County; New York,Kings,1710,80,4.678362573099415,116479.0,3782,1644,2138,56.530936012691704
Census Tract 196; Kings County; New York,Kings,1553,92,5.92401802962009,82044.0,4494,1728,2766,61.548731642189594
Census Tract 197; Kings County; New York,Kings,1864,354,18.991416309012877,131875.0,4051,2247,1804,44.53221426808195
Census Tract 198; Kings County; New York,Kings,671,18,2.682563338301043,76973.0,1812,771,1041,57.450331125827816
Census Tract 199; Kings County; New York,Kings,2128,162,7.612781954887218,131250.0,3964,1883,2081,52.49747729566094
Census Tract 200; Kings County; New York,Kings,683,38,5.563689604685212,97875.0,2118,909,1209,57.082152974504254
Census Tract 201; Kings County; New York,Kings,1957,143,7.307102708226878,153250.0,4133,2115,2018,48.826518267602225
Census Tract 202; Kings County; New York,Kings,617,39,6.3209076175040515,77434.0,1747,906,841,48.13966800228964
Census Tract 203; Kings County; New York,Kings,869,22,2.5316455696202533,171250.0,1984,1245,739,37.247983870967744
Census Tract 204; Kings County; New York,Kings,672,23,3.422619047619048,102368.0,1754,1080,674,38.42645381984037
Census Tract 205; Kings County; New York,Kings,1549,132,8.521626856036152,162596.0,3542,2448,1094,30.886504799548277
Census Tract 206; Kings County; New York,Kings,782,22,2.813299232736573,70806.0,2488,1497,991,39.83118971061093
Census Tract 207; Kings County; New York,Kings,2349,310,13.197105151128138,184638.0,4681,3344,1337,28.56227301858577
Census Tract 208; Kings County; New York,Kings,1115,51,4.573991031390134,67114.0,2761,1195,1566,56.71858022455633
Census Tract 210; Kings County; New York,Kings,1155,79,6.8398268398268405,72341.0,3899,1016,2883,73.94203641959477
Census Tract 211; Kings County; New York,Kings,1101,47,4.268846503178928,95236.0,2753,679,2074,75.33599709407919
Census Tract 212; Kings County; New York,Kings,1205,55,4.564315352697095,61989.0,3448,831,2617,75.89907192575406
Census Tract 213; Kings County; New York,Kings,2026,355,17.522211253701876,70109.0,4440,893,3547,79.88738738738739
Census Tract 214; Kings County; New York,Kings,533,0,0.0,69088.0,2510,1380,1130,45.0199203187251
Census Tract 215; Kings County; New York,Kings,2738,416,15.193571950328707,112650.0,5735,3236,2499,43.5745422842197
Census Tract 216; Kings County; New York,Kings,958,25,2.6096033402922756,41250.0,3670,2906,764,20.817438692098094
Census Tract 217; Kings County; New York,Kings,1862,170,9.129967776584317,103269.0,3958,1556,2402,60.68721576553815
Census Tract 218; Kings County; New York,Kings,827,85,10.278113663845224,68062.0,3001,2341,660,21.992669110296568
Census Tract 219; Kings County; New York,Kings,1822,114,6.256860592755214,130970.0,4285,1604,2681,62.56709451575263
Census Tract 220; Kings County; New York,Kings,1247,28,2.245388933440257,51198.0,5525,4469,1056,19.1131221719457
Census Tract 221; Kings County; New York,Kings,1582,77,4.867256637168142,78156.0,3706,1454,2252,60.76632487857528
Census Tract 222; Kings County; New York,Kings,1071,49,4.57516339869281,50731.0,4270,3241,1029,24.098360655737704
Census Tract 224; Kings County; New York,Kings,1296,27,2.083333333333333,53084.0,5335,4294,1041,19.51265229615745
Census Tract 226; Kings County; New York,Kings,558,49,8.781362007168457,84194.0,2572,1358,1214,47.20062208398134
Census Tract 227; Kings County; New York,Kings,1994,68,3.4102306920762286,121250.0,4425,1606,2819,63.706214689265536
Census Tract 228; Kings County; New York,Kings,860,33,3.8372093023255816,65208.0,3683,2026,1657,44.990496877545475
Census Tract 229; Kings County; New York,Kings,1623,98,6.038200862600123,129886.0,3425,1909,1516,44.262773722627735
Census Tract 230; Kings County; New York,Kings,1062,61,5.743879472693032,51250.0,4887,3622,1265,25.885001023122573
Census Tract 231; Kings County; New York,Kings,1726,68,3.9397450753186556,162933.0,3546,1819,1727,48.70276367738297
Census Tract 232; Kings County; New York,Kings,1325,92,6.943396226415094,67750.0,6648,5922,726,10.920577617328519
Census Tract 233; Kings County; New York,Kings,2235,150,6.7114093959731544,75990.0,6804,2509,4295,63.12463256907701
Census Tract 234; Kings County; New York,Kings,1401,66,4.710920770877944,37450.0,5558,4872,686,12.34256926952141
Census Tract 235; Kings County; New York,Kings,1482,98,6.612685560053981,84175.0,5578,4291,1287,23.072785944783075
Census Tract 236; Kings County; New York,Kings,1432,83,5.79608938547486,32500.0,5846,5295,551,9.425248032842969
Census Tract 238; Kings County; New York,Kings,1185,187,15.780590717299578,50566.0,5200,4637,563,10.826923076923077
Census Tract 240; Kings County; New York,Kings,1486,54,3.6339165545087484,47750.0,6413,5524,889,13.86246686418213
Census Tract 241; Kings County; New York,Kings,1118,75,6.708407871198569,135968.0,2975,1561,1414,47.529411764705884
Census Tract 242; Kings County; New York,Kings,727,44,6.052269601100413,60091.0,3026,2573,453,14.970257766027759
Census Tract 243; Kings County; New York,Kings,1935,53,2.739018087855297,114142.0,4300,982,3318,77.16279069767442
Census Tract 244; Kings County; New York,Kings,970,29,2.9896907216494846,67500.0,3697,2516,1181,31.94482012442521
Census Tract 245; Kings County; New York,Kings,2009,152,7.565953210552514,91758.0,4437,1456,2981,67.18503493351363
Census Tract 246; Kings County; New York,Kings,891,25,2.8058361391694726,80398.0,3489,1646,1843,52.823158498137005
Census Tract 247; Kings County; New York,Kings,1295,58,4.478764478764479,61250.0,2499,863,1636,65.46618647458983
Census Tract 248; Kings County; New York,Kings,788,0,0.0,75150.0,2476,1372,1104,44.58804523424879
Census Tract 249; Kings County; New York,Kings,1883,158,8.390865639936273,88771.0,3992,1548,2444,61.22244488977956
Census Tract 250; Kings County; New York,Kings,513,41,7.992202729044834,48125.0,1679,172,1507,89.75580702799284
Census Tract 251; Kings County; New York,Kings,1778,44,2.4746906636670416,52011.0,3687,1027,2660,72.14537564415514
Census Tract 252; Kings County; New York,Kings,1749,170,9.719839908519154,54172.0,4847,1948,2899,59.81019187126058
Census Tract 253; Kings County; New York,Kings,1371,48,3.50109409190372,77328.0,3375,1843,1532,45.39259259259259
Census Tract 254; Kings County; New York,Kings,1141,1,0.0876424189307625,85819.0,2992,967,2025,67.68048128342245
Census Tract 255; Kings County; New York,Kings,2150,136,6.325581395348837,26833.0,4922,537,4385,89.08980089394555
Census Tract 256; Kings County; New York,Kings,1170,67,5.726495726495727,68269.0,3114,1136,1978,63.51958895311497
Census Tract 257; Kings County; New York,Kings,946,0,0.0,95263.0,3279,1375,1904,58.06648368405002
Census Tract 258; Kings County; New York,Kings,1461,84,5.749486652977413,65234.0,4482,1854,2628,58.63453815261044
Census Tract 259.01; Kings County; New York,Kings,819,36,4.395604395604396,71964.0,2163,960,1203,55.617198335644936
Census Tract 259.02; Kings County; New York,Kings,1488,172,11.559139784946236,21953.0,3611,191,3420,94.71060648019939
Census Tract 260; Kings County; New York,Kings,1051,64,6.089438629876309,66120.0,3076,890,2186,71.06631989596879
Census Tract 261; Kings County; New York,Kings,2236,118,5.277280858676208,86822.0,5459,1314,4145,75.92965744641876
Census Tract 262; Kings County; New York,Kings,780,74,9.487179487179487,114625.0,2626,723,1903,72.46763137852247
Census Tract 263; Kings County; New York,Kings,980,44,4.489795918367347,82778.0,2270,550,1720,75.77092511013215
Census Tract 264; Kings County; New York,Kings,1617,34,2.102659245516388,70151.0,4732,1652,3080,65.08875739644971
Census Tract 265; Kings County; New York,Kings,1881,205,10.89845826687932,84179.0,4163,1097,3066,73.6488109536392
Census Tract 266; Kings County; New York,Kings,1091,67,6.14115490375802,52192.0,3408,1418,1990,58.39201877934273
Census Tract 267; Kings County; New York,Kings,1892,242,12.790697674418606,106063.0,3950,1335,2615,66.20253164556962
Census Tract 268; Kings County; New York,Kings,1497,204,13.627254509018035,87836.0,4280,2224,2056,48.03738317757009
Census Tract 269; Kings County; New York,Kings,1244,210,16.881028938906752,83426.0,3124,924,2200,70.4225352112676
Census Tract 270; Kings County; New York,Kings,881,127,14.415437003405222,57792.0,2496,1561,935,37.4599358974359
Census Tract 271; Kings County; New York,Kings,1510,54,3.576158940397351,98088.0,3740,912,2828,75.61497326203208
Census Tract 272; Kings County; New York,Kings,1408,101,7.173295454545454,68250.0,3993,1914,2079,52.066115702479344
Census Tract 273; Kings County; New York,Kings,1459,122,8.36189170664839,111989.0,4071,696,3375,82.90346352247605
Census Tract 274; Kings County; New York,Kings,921,13,1.4115092290988056,53949.0,3159,1578,1581,50.047483380816715
Census Tract 275; Kings County; New York,Kings,1848,285,15.422077922077923,104537.0,5303,908,4395,82.87761644352254
Census Tract 276; Kings County; New York,Kings,1323,139,10.506424792139079,61811.0,3791,1211,2580,68.05592192033764
Census Tract 277; Kings County; New York,Kings,1623,71,4.3746149106592735,75724.0,4294,591,3703,86.23660922217047
Census Tract 278; Kings County; New York,Kings,1126,161,14.298401420959147,67913.0,3086,1206,1880,60.920285158781596
Census Tract 279; Kings County; New York,Kings,1687,121,7.172495554238292,83438.0,4161,1231,2930,70.41576544099975
Census Tract 280; Kings County; New York,Kings,609,5,0.8210180623973727,91250.0,1686,706,980,58.12574139976275
Census Tract 281; Kings County; New York,Kings,1814,112,6.174200661521499,57019.0,5094,876,4218,82.8032979976443
Census Tract 282; Kings County; New York,Kings,1231,39,3.168155970755483,54219.0,2960,1236,1724,58.24324324324325
Census Tract 283; Kings County; New York,Kings,1589,101,6.3561988672120835,49986.0,4098,743,3355,81.86920448999511
Census Tract 284; Kings County; New York,Kings,1441,236,16.377515614156835,61587.0,3686,1603,2083,56.511123168746614
Census Tract 285.01; Kings County; New York,Kings,236,9,3.8135593220338984,56667.0,427,131,296,69.3208430913349
Census Tract 285.02; Kings County; New York,Kings,1128,83,7.358156028368794,28466.0,3303,239,3064,92.76415379957615
Census Tract 286; Kings County; New York,Kings,1779,121,6.801573917931422,43329.0,5171,1829,3342,64.62966544188745
Census Tract 287; Kings County; New York,Kings,1281,141,11.00702576112412,79350.0,3353,810,2543,75.84252907843721
Census Tract 288; Kings County; New York,Kings,1192,162,13.590604026845638,70000.0,3799,1062,2737,72.04527507238747
Census Tract 289; Kings County; New York,Kings,1645,114,6.930091185410335,66691.0,4261,839,3422,80.30978643510913
Census Tract 290; Kings County; New York,Kings,1486,70,4.710632570659488,60701.0,3301,2122,1179,35.71644956073917
Census Tract 291; Kings County; New York,Kings,1374,110,8.005822416302767,82356.0,3368,716,2652,78.74109263657957
Census Tract 292; Kings County; New York,Kings,1020,100,9.803921568627452,48750.0,2668,994,1674,62.74362818590704
Census Tract 293; Kings County; New York,Kings,1436,77,5.362116991643454,51364.0,3284,350,2934,89.34226552984165
Census Tract 294; Kings County; New York,Kings,630,0,0.0,61188.0,2143,946,1197,55.85627624825011
Census Tract 295; Kings County; New York,Kings,1905,244,12.808398950131233,98603.0,4011,1070,2941,73.32336075791574
Census Tract 296; Kings County; New York,Kings,2047,168,8.207132388861748,76714.0,6128,2649,3479,56.77219321148825
Census Tract 297; Kings County; New York,Kings,1757,100,5.691519635742743,71382.0,4099,883,3216,78.4581605269578
Census Tract 298; Kings County; New York,Kings,1112,39,3.507194244604316,60057.0,3997,1723,2274,56.892669502126594
Census Tract 299; Kings County; New York,Kings,944,36,3.8135593220338984,45395.0,2483,627,1856,74.7482883608538
Census Tract 300; Kings County; New York,Kings,1306,54,4.134762633996937,75179.0,4222,1130,3092,73.23543344386547
Census Tract 301; Kings County; New York,Kings,1096,0,0.0,95441.0,3182,584,2598,81.64676304211189
Census Tract 302; Kings County; New York,Kings,1354,57,4.209748892171344,72300.0,3899,1171,2728,69.96665811746603
Census Tract 303; Kings County; New York,Kings,2163,42,1.9417475728155338,45197.0,5748,406,5342,92.93667362560892
Census Tract 304; Kings County; New York,Kings,1490,100,6.7114093959731544,65000.0,3924,1478,2446,62.33435270132518
Census Tract 305; Kings County; New York,Kings,3201,274,8.559825054670416,124792.0,7181,2759,4422,61.57916724690155
Census Tract 306; Kings County; New York,Kings,666,6,0.9009009009009009,70417.0,1953,925,1028,52.636968766001026
Census Tract 307; Kings County; New York,Kings,3120,178,5.705128205128205,51134.0,6571,820,5751,87.5209252777355
Census Tract 308; Kings County; New York,Kings,664,34,5.120481927710843,77500.0,1678,633,1045,62.27651966626937
Census Tract 309; Kings County; New York,Kings,952,31,3.256302521008404,76278.0,2447,173,2274,92.93011851246425
Census Tract 311; Kings County; New York,Kings,1269,111,8.747044917257684,90250.0,3389,685,2704,79.78754794924757
Census Tract 313; Kings County; New York,Kings,2227,493,22.137404580152673,102782.0,4346,914,3432,78.96916705016108
Census Tract 314.01; Kings County; New York,Kings,1859,117,6.293706293706294,87411.0,4938,2652,2286,46.29404617253949
Census Tract 314.02; Kings County; New York,Kings,0,0,,,0,0,0,
Census Tract 315; Kings County; New York,Kings,2444,102,4.173486088379706,96461.0,5136,1983,3153,61.390186915887845
Census Tract 317.01; Kings County; New York,Kings,1654,210,12.696493349455865,94335.0,4150,985,3165,76.26506024096386
Census Tract 317.02; Kings County; New York,Kings,1635,45,2.7522935779816518,112113.0,3812,1344,2468,64.74291710388248
Census Tract 319; Kings County; New York,Kings,1259,110,8.737092930897537,98201.0,3356,1559,1797,53.54588796185935
Census Tract 321; Kings County; New York,Kings,2345,338,14.413646055437102,67292.0,5140,877,4263,82.93774319066148
Census Tract 323; Kings County; New York,Kings,1598,228,14.267834793491865,84015.0,3505,825,2680,76.46219686162625
Census Tract 325; Kings County; New York,Kings,2607,219,8.400460299194476,92274.0,6057,1128,4929,81.37691926696384
Census Tract 326; Kings County; New York,Kings,2975,19,0.6386554621848739,48238.0,10085,1509,8576,85.03718393653942
Census Tract 327; Kings County; New York,Kings,1393,174,12.49102656137832,71980.0,2701,632,2069,76.60125879303962
Census Tract 328; Kings County; New York,Kings,1131,0,0.0,47587.0,2751,361,2390,86.87749909123956
Census Tract 329; Kings County; New York,Kings,2114,217,10.264900662251655,102868.0,5901,2458,3443,58.346043043551944
Census Tract 330; Kings County; New York,Kings,1867,84,4.499196572040707,19619.0,4283,867,3416,79.75717954704646
Census Tract 331; Kings County; New York,Kings,1735,113,6.512968299711816,50293.0,4171,1877,2294,54.99880124670343
Census Tract 333; Kings County; New York,Kings,1365,124,9.084249084249084,62253.0,4779,3663,1116,23.35216572504708
Census Tract 335; Kings County; New York,Kings,896,21,2.34375,92935.0,3522,1775,1747,49.60249858035207
Census Tract 336; Kings County; New York,Kings,1647,99,6.0109289617486334,82798.0,4734,3945,789,16.666666666666664
Census Tract 337.01; Kings County; New York,Kings,914,94,10.284463894967178,90083.0,2755,1196,1559,56.5880217785844
Census Tract 337.02; Kings County; New York,Kings,521,36,6.90978886756238,84941.0,1847,1109,738,39.95668651867894
Census Tract 339; Kings County; New York,Kings,2089,219,10.483484921014838,57475.0,4936,927,4009,81.2196110210697
Census Tract 340; Kings County; New York,Kings,636,21,3.30188679245283,31413.0,2045,759,1286,62.88508557457213
Census Tract 341; Kings County; New York,Kings,1194,77,6.448911222780569,49638.0,2666,693,1973,74.00600150037509
Census Tract 342; Kings County; New York,Kings,2911,93,3.194778426657506,20120.0,6490,2029,4461,68.73651771956857
Census Tract 343; Kings County; New York,Kings,1892,198,10.465116279069768,50417.0,4489,596,3893,86.72310091334373
Census Tract 345; Kings County; New York,Kings,1072,115,10.727611940298507,57937.0,2669,887,1782,66.76657924316224
Census Tract 347; Kings County; New York,Kings,1831,113,6.1714909885308575,52644.0,3157,337,2820,89.32530883750395
Census Tract 348; Kings County; New York,Kings,910,10,1.098901098901099,53485.0,2852,492,2360,82.74894810659187
Census Tract 349.01; Kings County; New York,Kings,803,267,33.25031133250312,65868.0,2339,411,1928,82.42838820008551
Census Tract 349.02; Kings County; New York,Kings,1589,260,16.362492133417245,46571.0,3499,615,2884,82.4235495855959
Census Tract 350; Kings County; New York,Kings,1594,247,15.49560853199498,54150.0,3082,3082,0,0.0
Census Tract 351.01; Kings County; New York,Kings,756,132,17.46031746031746,52987.0,1805,157,1648,91.30193905817174
Census Tract 351.02; Kings County; New York,Kings,1074,115,10.707635009310987,49688.0,3253,513,2740,84.22994159237626
Census Tract 352; Kings County; New York,Kings,712,60,8.426966292134832,12170.0,1431,953,478,33.403214535290005
Census Tract 353.01; Kings County; New York,Kings,1208,133,11.009933774834437,49222.0,3002,328,2674,89.07395069953364
Census Tract 353.02; Kings County; New York,Kings,992,79,7.963709677419355,84052.0,3189,733,2456,77.01473816243336
Census Tract 354; Kings County; New York,Kings,2845,87,3.0579964850615116,50559.0,5366,5165,201,3.745806932538204
Census Tract 355; Kings County; New York,Kings,2080,570,27.403846153846157,75965.0,5515,912,4603,83.46328195829555
Census Tract 356.01; Kings County; New York,Kings,1468,55,3.746594005449591,31525.0,2640,2470,170,6.4393939393939394
Census Tract 356.02; Kings County; New York,Kings,3074,228,7.41704619388419,58372.0,6721,5662,1059,15.756583841690224
Census Tract 357.01; Kings County; New York,Kings,1077,162,15.041782729805014,49288.0,2657,61,2596,97.70417764395935
Census Tract 357.02; Kings County; New York,Kings,0,0,,,0,0,0,
Census Tract 359; Kings County; New York,Kings,2382,82,3.4424853064651555,66582.0,6665,503,6162,92.45311327831958
Census Tract 360.01; Kings County; New York,Kings,1760,144,8.181818181818182,32071.0,2972,2482,490,16.48721399730821
Census Tract 360.02; Kings County; New York,Kings,2179,249,11.427260211106011,25085.0,3777,3076,701,18.559703468361132
Census Tract 361; Kings County; New York,Kings,1311,195,14.874141876430205,26250.0,2902,251,2651,91.35079255685734
Census Tract 362; Kings County; New York,Kings,1409,14,0.99361249112846,52340.0,3343,1766,1577,47.17319772659288
Census Tract 363; Kings County; New York,Kings,1954,53,2.712384851586489,45565.0,4909,96,4813,98.04440822978204
Census Tract 364; Kings County; New York,Kings,946,44,4.651162790697675,59938.0,2298,1389,909,39.55613577023499
Census Tract 365.01; Kings County; New York,Kings,1328,114,8.58433734939759,63864.0,3467,19,3448,99.45197577156043
Census Tract 365.02; Kings County; New York,Kings,603,0,0.0,62740.0,2014,90,1924,95.53128103277061
Census Tract 366; Kings County; New York,Kings,1359,85,6.254598969830758,48278.0,4369,1810,2559,58.57175555046922
Census Tract 367; Kings County; New York,Kings,699,55,7.868383404864092,68438.0,1982,625,1357,68.46619576185671
Census Tract 369; Kings County; New York,Kings,2504,242,9.664536741214057,39513.0,5310,832,4478,84.33145009416197
Census Tract 370; Kings County; New York,Kings,1460,74,5.068493150684931,82500.0,4112,2600,1512,36.77042801556421
Census Tract 371; Kings County; New York,Kings,1699,0,0.0,91285.0,4723,603,4120,87.23269108617404
Census Tract 373; Kings County; New York,Kings,1983,120,6.051437216338881,81220.0,5258,928,4330,82.35070368961583
Census Tract 374.01; Kings County; New York,Kings,1809,31,1.7136539524599224,58560.0,4646,3331,1315,28.30391734825656
Census Tract 374.02; Kings County; New York,Kings,2186,221,10.109789569990852,62857.0,5449,3375,2074,38.062029730225724
Census Tract 375; Kings County; New York,Kings,1508,121,8.023872679045093,92955.0,3643,590,3053,83.8045566840516
Census Tract 377; Kings County; New York,Kings,1819,142,7.806487080813635,66302.0,4893,1215,3678,75.16860821581851
Census Tract 379; Kings County; New York,Kings,1712,71,4.147196261682243,59333.0,4834,339,4495,92.98717418287133
Census Tract 381; Kings County; New York,Kings,2493,17,0.681909346169274,68790.0,5624,1017,4607,81.9167852062589
Census Tract 382; Kings County; New York,Kings,1931,15,0.7767995857068877,24170.0,5261,695,4566,86.78958372932902
Census Tract 383; Kings County; New York,Kings,2196,90,4.098360655737705,85254.0,5456,783,4673,85.64882697947213
Census Tract 385; Kings County; New York,Kings,1560,311,19.935897435897438,96602.0,3895,1150,2745,70.47496790757381
Census Tract 386; Kings County; New York,Kings,1019,91,8.930323846908735,74886.0,3102,1339,1763,56.83430045132173
Census Tract 387; Kings County; New York,Kings,1981,107,5.401312468450278,79550.0,4830,884,3946,81.69772256728778
Census Tract 388; Kings County; New York,Kings,1581,96,6.072106261859583,94612.0,4999,3922,1077,21.544308861772354
Census Tract 389; Kings County; New York,Kings,1430,145,10.13986013986014,95330.0,2829,1406,1423,50.30045952633439
Census Tract 390; Kings County; New York,Kings,786,14,1.7811704834605597,79682.0,2672,2379,293,10.965568862275449
Census Tract 391; Kings County; New York,Kings,2457,225,9.157509157509157,101785.0,5243,1812,3431,65.4396337974442
Census Tract 392; Kings County; New York,Kings,1182,87,7.3604060913705585,56375.0,3441,2500,941,27.346701540249928
Census Tract 393; Kings County; New York,Kings,1562,25,1.6005121638924455,115435.0,3868,1207,2661,68.7952430196484
Census Tract 394; Kings County; New York,Kings,706,42,5.94900849858357,40833.0,2076,1818,258,12.427745664739884
Census Tract 395; Kings County; New York,Kings,1887,118,6.253312135665076,82875.0,3845,1426,2419,62.91287386215865
Census Tract 396; Kings County; New York,Kings,662,49,7.401812688821751,86500.0,1987,1559,428,21.540010065425264
Census Tract 397; Kings County; New York,Kings,1461,43,2.943189596167009,85486.0,3316,964,2352,70.92882991556093
Census Tract 398; Kings County; New York,Kings,862,13,1.5081206496519721,87245.0,2855,888,1967,68.89667250437829
Census Tract 399; Kings County; New York,Kings,1722,160,9.291521486643438,50592.0,4164,552,3612,86.74351585014409
Census Tract 400; Kings County; New York,Kings,783,42,5.363984674329502,51307.0,2192,757,1435,65.46532846715328
Census Tract 401; Kings County; New York,Kings,1322,19,1.4372163388804842,76250.0,3552,1246,2306,64.92117117117117
Census Tract 402; Kings County; New York,Kings,825,0,0.0,70486.0,2570,560,2010,78.21011673151752
Census Tract 403; Kings County; New York,Kings,1435,65,4.529616724738676,90773.0,4086,1317,2769,67.76798825256975
Census Tract 404; Kings County; New York,Kings,848,47,5.5424528301886795,100833.0,2615,846,1769,67.64818355640536
Census Tract 405; Kings County; New York,Kings,651,29,4.45468509984639,70091.0,1403,478,925,65.93014967925873
Census Tract 406; Kings County; New York,Kings,1074,37,3.445065176908752,77763.0,3924,1344,2580,65.74923547400611
Census Tract 407; Kings County; New York,Kings,0,0,,,0,0,0,
Census Tract 408; Kings County; New York,Kings,1114,54,4.847396768402154,92739.0,3724,1117,2607,70.00537056928034
Census Tract 409; Kings County; New York,Kings,1359,147,10.816777041942604,66864.0,3858,962,2896,75.06480041472265
Census Tract 410; Kings County; New York,Kings,627,80,12.759170653907494,75288.0,1650,1043,607,36.78787878787879
Census Tract 411; Kings County; New York,Kings,1050,0,0.0,80169.0,3001,797,2204,73.44218593802066
Census Tract 412; Kings County; New York,Kings,958,93,9.707724425887266,98056.0,3164,1681,1483,46.871049304677626
Census Tract 413; Kings County; New York,Kings,1389,20,1.4398848092152627,107131.0,3620,1124,2496,68.95027624309392
Census Tract 414.01; Kings County; New York,Kings,450,41,9.11111111111111,58750.0,1182,901,281,23.77326565143824
Census Tract 414.02; Kings County; New York,Kings,740,113,15.27027027027027,56579.0,2111,1365,746,35.338702036949314
Census Tract 415; Kings County; New York,Kings,1638,23,1.4041514041514043,94470.0,4291,985,3306,77.04497786063854
Census Tract 416; Kings County; New York,Kings,720,96,13.333333333333334,67679.0,2105,1310,795,37.76722090261283
Census Tract 417; Kings County; New York,Kings,1376,51,3.7063953488372094,33981.0,3390,431,2959,87.28613569321534
Census Tract 418; Kings County; New York,Kings,862,48,5.56844547563805,60833.0,2790,2375,415,14.874551971326163
Census Tract 419; Kings County; New York,Kings,1229,34,2.7664768104149715,65046.0,3417,604,2813,82.32367573895229
Census Tract 420; Kings County; New York,Kings,457,32,7.00218818380744,85332.0,1727,1427,300,17.371163867979156
Census Tract 421; Kings County; New York,Kings,1788,19,1.0626398210290828,92635.0,4089,1055,3034,74.19907067742724
Census Tract 422; Kings County; New York,Kings,1020,76,7.450980392156863,68684.0,3102,1695,1407,45.357833655705996
Census Tract 423; Kings County; New York,Kings,1511,14,0.9265387160820648,113750.0,4331,1663,2668,61.60240129300393
Census Tract 424; Kings County; New York,Kings,1266,38,3.0015797788309637,70585.0,3403,1340,2063,60.62297972377314
Census Tract 425; Kings County; New York,Kings,1074,127,11.824953445065177,90392.0,2913,944,1969,67.59354617233093
Census Tract 426; Kings County; New York,Kings,1512,180,11.904761904761903,62219.0,4410,1781,2629,59.61451247165533
Census Tract 427; Kings County; New York,Kings,1817,77,4.237754540451293,84779.0,4215,2019,2196,52.09964412811387
Census Tract 428; Kings County; New York,Kings,1376,187,13.590116279069766,85625.0,3852,1863,1989,51.63551401869159
Census Tract 429; Kings County; New York,Kings,1966,0,0.0,66250.0,5074,1219,3855,75.97556168703193
Census Tract 430; Kings County; New York,Kings,1387,185,13.338139870223504,57487.0,3668,1647,2021,55.09814612868048
Census Tract 431; Kings County; New York,Kings,1747,110,6.296508299942759,89548.0,4023,1739,2284,56.773552075565505
Census Tract 432; Kings County; New York,Kings,1422,254,17.862165963431785,88088.0,4098,1440,2658,64.86090775988286
Census Tract 433; Kings County; New York,Kings,1299,36,2.771362586605081,44975.0,3621,317,3304,91.24551228942282
Census Tract 434; Kings County; New York,Kings,1278,173,13.536776212832551,68333.0,4061,1768,2293,56.46392514159074
Census Tract 435; Kings County; New York,Kings,1764,154,8.73015873015873,86367.0,4971,984,3987,80.20519010259505
Census Tract 436; Kings County; New York,Kings,1863,206,11.057434245840044,79464.0,4591,1827,2764,60.20474842082335
Census Tract 437; Kings County; New York,Kings,1983,104,5.2445789208270295,62054.0,5228,1079,4149,79.36113236419281
Census Tract 438; Kings County; New York,Kings,864,170,19.675925925925927,74808.0,2383,1568,815,34.20058749475451
Census Tract 439; Kings County; New York,Kings,1083,49,4.524469067405355,91742.0,4045,587,3458,85.48825710754018
Census Tract 440; Kings County; New York,Kings,809,74,9.147095179233622,89831.0,2646,2051,595,22.486772486772484
Census Tract 441; Kings County; New York,Kings,1894,116,6.124604012671594,66866.0,4884,1521,3363,68.85749385749385
Census Tract 442; Kings County; New York,Kings,852,107,12.55868544600939,72857.0,2379,2305,74,3.1105506515342585
Census Tract 443; Kings County; New York,Kings,1939,92,4.744713769984528,91908.0,4272,2152,2120,49.62546816479401
Census Tract 444; Kings County; New York,Kings,1064,61,5.733082706766917,71929.0,3084,2517,567,18.385214007782103
Census Tract 445; Kings County; New York,Kings,1641,55,3.3516148689823275,85741.0,3956,1181,2775,70.14661274014156
Census Tract 446; Kings County; New York,Kings,607,7,1.1532125205930808,65037.0,2034,796,1238,60.86529006882989
Census Tract 447; Kings County; New York,Kings,949,66,6.954689146469968,90774.0,2470,1202,1268,51.336032388663966
Census Tract 448; Kings County; New York,Kings,745,36,4.832214765100671,86932.0,1787,1521,266,14.885282596530496
Census Tract 449.01; Kings County; New York,Kings,1017,92,9.04621435594887,61451.0,2567,478,2089,81.37904168289832
Census Tract 449.02; Kings County; New York,Kings,0,0,,,0,0,0,
Census Tract 450; Kings County; New York,Kings,235,5,2.127659574468085,88558.0,863,654,209,24.21784472769409
Census Tract 452; Kings County; New York,Kings,868,106,12.211981566820276,74236.0,2640,2160,480,18.181818181818183
Census Tract 453; Kings County; New York,Kings,673,41,6.092124814264487,66856.0,1938,730,1208,62.33230134158927
Census Tract 454; Kings County; New York,Kings,504,6,1.1904761904761905,90859.0,1951,1115,836,42.84982060481804
Census Tract 456; Kings County; New York,Kings,789,100,12.67427122940431,76047.0,2245,1131,1114,49.62138084632517
Census Tract 458; Kings County; New York,Kings,411,28,6.81265206812652,68393.0,1132,1097,35,3.091872791519435
Census Tract 460; Kings County; New York,Kings,1228,80,6.514657980456026,105900.0,3335,1529,1806,54.15292353823088
Census Tract 462.01; Kings County; New York,Kings,1063,54,5.079962370649106,43711.0,2575,2049,526,20.42718446601942
Census Tract 462.02; Kings County; New York,Kings,480,25,5.208333333333334,91328.0,1847,1515,332,17.975094748240387
Census Tract 464; Kings County; New York,Kings,623,18,2.889245585874799,68315.0,2768,2488,280,10.115606936416185
Census Tract 468; Kings County; New York,Kings,566,21,3.7102473498233217,40250.0,2215,2206,9,0.40632054176072235
Census Tract 470; Kings County; New York,Kings,611,5,0.8183306055646482,67303.0,2486,2233,253,10.176991150442479
Census Tract 472; Kings County; New York,Kings,677,12,1.7725258493353029,72153.0,2958,2668,290,9.803921568627452
Census Tract 474; Kings County; New York,Kings,753,3,0.398406374501992,64625.0,2974,2585,389,13.080026899798252
Census Tract 476; Kings County; New York,Kings,919,10,1.088139281828074,75026.0,3839,3469,370,9.63792654337067
Census Tract 477; Kings County; New York,Kings,1873,14,0.7474639615589963,174977.0,4102,3109,993,24.207703559239395
Census Tract 478; Kings County; New York,Kings,1150,131,11.391304347826086,57591.0,5164,4308,856,16.576297443841984
Census Tract 480; Kings County; New York,Kings,983,152,15.462868769074262,43074.0,3534,2024,1510,42.72778720996038
Census Tract 481; Kings County; New York,Kings,1323,74,5.593348450491307,96031.0,2902,1455,1447,49.862164024810475
Census Tract 482; Kings County; New York,Kings,2152,397,18.447955390334574,58071.0,5455,2982,2473,45.33455545371219
Census Tract 484; Kings County; New York,Kings,1569,364,23.19949012109624,86908.0,5371,3342,2029,37.77695028858686
Census Tract 485; Kings County; New York,Kings,1000,59,5.8999999999999995,125417.0,2371,1390,981,41.37494727962885
Census Tract 486; Kings County; New York,Kings,792,81,10.227272727272728,61281.0,3200,479,2721,85.03125
Census Tract 488; Kings County; New York,Kings,1643,225,13.694461351186854,74012.0,4054,2135,1919,47.335964479526396
Census Tract 489; Kings County; New York,Kings,1494,181,12.115127175368139,33102.0,3228,477,2751,85.22304832713755
Census Tract 490; Kings County; New York,Kings,2161,230,10.64322073114299,73988.0,5266,1855,3411,64.77402202810482
Census Tract 491; Kings County; New York,Kings,2663,124,4.656402553511078,46933.0,7170,2240,4930,68.75871687587168
Census Tract 492; Kings County; New York,Kings,1260,189,15.0,111964.0,2759,1118,1641,59.47807176513229
Census Tract 493.01; Kings County; New York,Kings,956,60,6.2761506276150625,22521.0,2169,380,1789,82.48040571692023
Census Tract 493.02; Kings County; New York,Kings,2415,91,3.768115942028986,71328.0,4691,1488,3203,68.27968450223833
Census Tract 494; Kings County; New York,Kings,2252,436,19.36056838365897,100878.0,5512,2729,2783,50.489840348330915
Census Tract 495; Kings County; New York,Kings,1461,154,10.540725530458591,96875.0,2939,1577,1362,46.34229329703981
Census Tract 496; Kings County; New York,Kings,1311,95,7.246376811594203,79213.0,4006,1941,2065,51.54767848227658
Census Tract 497; Kings County; New York,Kings,1658,128,7.720144752714113,142054.0,3290,2419,871,26.474164133738604
Census Tract 498; Kings County; New York,Kings,1609,80,4.9720323182100685,79632.0,4163,1327,2836,68.12394907518616
Census Tract 499; Kings County; New York,Kings,995,57,5.728643216080402,112321.0,2285,1619,666,29.146608315098465
Census Tract 500.01; Kings County; New York,Kings,947,275,29.039070749736005,120787.0,2279,1431,848,37.2093023255814
Census Tract 500.02; Kings County; New York,Kings,681,106,15.565345080763581,167604.0,1726,1030,696,40.32444959443801
Census Tract 501; Kings County; New York,Kings,1509,11,0.7289595758780649,132159.0,3089,1939,1150,37.22887665911298
Census Tract 502.02; Kings County; New York,Kings,1114,182,16.337522441651707,96310.0,2281,1716,565,24.76983779044279
Census Tract 503; Kings County; New York,Kings,1425,177,12.421052631578949,168029.0,3044,2089,955,31.373193166885677
Census Tract 504.01; Kings County; New York,Kings,1215,99,8.148148148148149,152739.0,2824,1962,862,30.524079320113312
Census Tract 504.02; Kings County; New York,Kings,953,188,19.727177334732424,171681.0,1935,1192,743,38.39793281653747
Census Tract 505; Kings County; New York,Kings,2057,38,1.8473505104521146,82541.0,4284,1250,3034,70.82166199813258
Census Tract 506; Kings County; New York,Kings,2079,226,10.870610870610872,69977.0,5675,1724,3951,69.62114537444934
Census Tract 507; Kings County; New York,Kings,785,23,2.9299363057324843,58125.0,3869,3545,324,8.374256913931248
Census Tract 508.01; Kings County; New York,Kings,1465,58,3.9590443686006824,69446.0,3718,351,3367,90.55944055944056
Census Tract 508.03; Kings County; New York,Kings,1124,146,12.98932384341637,79242.0,2608,777,1831,70.20705521472392
Census Tract 508.04; Kings County; New York,Kings,2737,144,5.26123492875411,108871.0,6765,2212,4553,67.30229120473022
Census Tract 509; Kings County; New York,Kings,1031,0,0.0,40598.0,5473,4570,903,16.499177781838114
Census Tract 510.01; Kings County; New York,Kings,1626,120,7.380073800738007,58877.0,4652,247,4405,94.69045571797076
Census Tract 510.02; Kings County; New York,Kings,1725,259,15.014492753623188,64128.0,4028,532,3496,86.79245283018868
Census Tract 511; Kings County; New York,Kings,1949,125,6.413545407901487,85383.0,3922,1624,2298,58.59255481896991
Census Tract 512; Kings County; New York,Kings,2317,73,3.150625809236081,82240.0,5991,1180,4811,80.30378901685862
Census Tract 513; Kings County; New York,Kings,2645,263,9.943289224952741,133132.0,5628,2811,2817,50.053304904051174
Census Tract 514; Kings County; New York,Kings,2570,254,9.883268482490273,88929.0,7214,1333,5881,81.52204047685056
Census Tract 515; Kings County; New York,Kings,1258,43,3.418124006359301,226450.0,2839,1904,935,32.93413173652694
Census Tract 516.01; Kings County; New York,Kings,1973,119,6.031424227065383,68202.0,4824,638,4186,86.77446102819238
Census Tract 516.02; Kings County; New York,Kings,1455,60,4.123711340206185,80341.0,3784,420,3364,88.90063424947145
Census Tract 517; Kings County; New York,Kings,1371,118,8.60685630926331,220795.0,2853,1875,978,34.27970557308097
Census Tract 518; Kings County; New York,Kings,1602,238,14.856429463171036,101985.0,3448,1217,2231,64.70417633410673
Census Tract 519; Kings County; New York,Kings,3283,84,2.55863539445629,212881.0,5725,3614,2111,36.87336244541485
Census Tract 520; Kings County; New York,Kings,1311,129,9.839816933638444,121325.0,3544,1245,2299,64.87020316027088
Census Tract 523; Kings County; New York,Kings,2348,251,10.689948892674616,77976.0,5432,2091,3341,61.505891016200295
Census Tract 525; Kings County; New York,Kings,1346,211,15.676077265973253,51393.0,3501,2646,855,24.42159383033419
Census Tract 526; Kings County; New York,Kings,1809,229,12.65892758430072,88520.0,3879,1768,2111,54.42124258829595
Census Tract 527; Kings County; New York,Kings,2360,26,1.1016949152542372,63608.0,5921,2222,3699,62.472555311602775
Census Tract 528; Kings County; New York,Kings,693,137,19.76911976911977,120670.0,1826,1016,810,44.359255202628695
Census Tract 529; Kings County; New York,Kings,932,43,4.6137339055794,41576.0,3113,2496,617,19.820109219402507
Census Tract 530; Kings County; New York,Kings,1196,268,22.40802675585284,76684.0,3628,2395,1233,33.98566703417861
Census Tract 531.01; Kings County; New York,Kings,588,32,5.442176870748299,,2629,2404,225,8.558387219475087
Census Tract 531.02; Kings County; New York,Kings,1156,0,0.0,68487.0,6226,6018,208,3.3408287825248952
Census Tract 532; Kings County; New York,Kings,878,106,12.072892938496583,67273.0,2296,1233,1063,46.29790940766551
Census Tract 533; Kings County; New York,Kings,1586,27,1.7023959646910467,34889.0,6233,6106,127,2.0375421145515804
Census Tract 534; Kings County; New York,Kings,1353,86,6.356245380635625,67240.0,4488,2144,2344,52.22816399286988
Census Tract 535; Kings County; New York,Kings,1007,137,13.604766633565044,24912.0,4275,3798,477,11.157894736842106
Census Tract 537; Kings County; New York,Kings,778,0,0.0,42471.0,4181,4062,119,2.8462090408993066
Census Tract 538; Kings County; New York,Kings,2381,265,11.12977740445191,70978.0,5806,3376,2430,41.85325525318636
Census Tract 539; Kings County; New York,Kings,903,154,17.05426356589147,43688.0,2552,2103,449,17.594043887147333
Census Tract 542; Kings County; New York,Kings,1617,304,18.800247371675944,57472.0,4041,2894,1147,28.38406335065578
Census Tract 543; Kings County; New York,Kings,0,0,,,0,0,0,
Census Tract 544; Kings County; New York,Kings,1318,256,19.423368740515933,67500.0,3906,3216,690,17.665130568356375
Census Tract 545; Kings County; New York,Kings,2467,180,7.29631130928253,36559.0,7454,3215,4239,56.86879527770324
Census Tract 546; Kings County; New York,Kings,1932,335,17.339544513457557,71667.0,5214,3129,2085,39.98849252013809
Census Tract 547; Kings County; New York,Kings,2677,121,4.519985057900635,91108.0,8440,6192,2248,26.63507109004739
Census Tract 548; Kings County; New York,Kings,751,98,13.049267643142477,100104.0,2236,1961,275,12.298747763864043
Census Tract 549; Kings County; New York,Kings,2046,44,2.1505376344086025,171250.0,4645,3582,1063,22.884822389666308
Census Tract 550; Kings County; New York,Kings,1537,130,8.458035133376708,59632.0,3512,2433,1079,30.723234624145785
Census Tract 551; Kings County; New York,Kings,3100,274,8.838709677419356,162577.0,6797,3497,3300,48.55083124908048
Census Tract 552; Kings County; New York,Kings,1416,124,8.757062146892656,107734.0,3745,2704,1041,27.79706275033378
Census Tract 553; Kings County; New York,Kings,1565,46,2.939297124600639,141250.0,3325,2058,1267,38.10526315789474
Census Tract 554; Kings County; New York,Kings,1761,190,10.789324247586599,61740.0,4088,2839,1249,30.552837573385517
Census Tract 555; Kings County; New York,Kings,4415,49,1.1098527746319367,188015.0,9183,6277,2906,31.645431776108023
Census Tract 556; Kings County; New York,Kings,1327,211,15.900527505651846,68589.0,3363,2537,826,24.561403508771928
Census Tract 557; Kings County; New York,Kings,996,45,4.518072289156627,146765.0,1775,1385,390,21.971830985915496
Census Tract 558; Kings County; New York,Kings,905,105,11.602209944751381,69063.0,2291,1533,758,33.085988651243994
Census Tract 560; Kings County; New York,Kings,1446,174,12.033195020746888,72283.0,3594,2371,1223,34.02893711741792
Census Tract 561; Kings County; New York,Kings,1703,89,5.226071638285379,160810.0,3580,2430,1150,32.122905027932966
Census Tract 562; Kings County; New York,Kings,534,31,5.805243445692884,92500.0,1865,1569,296,15.871313672922252
Census Tract 563.01; Kings County; New York,Kings,2270,22,0.9691629955947136,146458.0,4778,3194,1584,33.151946421096696
Census Tract 563.02; Kings County; New York,Kings,1139,1,0.08779631255487269,74732.0,2140,1107,1033,48.27102803738318
Census Tract 564; Kings County; New York,Kings,1054,83,7.874762808349146,84128.0,2564,1605,959,37.402496099843994
Census Tract 565; Kings County; New York,Kings,1913,203,10.611604809200209,118032.0,3340,2579,761,22.78443113772455
Census Tract 566; Kings County; New York,Kings,858,87,10.13986013986014,73929.0,2297,1102,1195,52.024379625598606
Census Tract 568; Kings County; New York,Kings,547,21,3.8391224862888484,74476.0,1247,751,496,39.775461106655975
Census Tract 569; Kings County; New York,Kings,865,30,3.4682080924855487,164519.0,1744,1350,394,22.591743119266056
Census Tract 570; Kings County; New York,Kings,1624,160,9.852216748768473,78184.0,3621,1899,1722,47.55592377796189
Census Tract 571; Kings County; New York,Kings,2219,282,12.708427219468229,117832.0,4184,3349,835,19.95697896749522
Census Tract 572; Kings County; New York,Kings,2075,41,1.9759036144578312,40428.0,5499,1096,4403,80.0691034733588
Census Tract 573; Kings County; New York,Kings,1321,88,6.661619984859955,148875.0,2482,1858,624,25.141015310233684
Census Tract 574; Kings County; New York,Kings,1010,29,2.8712871287128716,94231.0,2609,1064,1545,59.21809122269068
Census Tract 575; Kings County; New York,Kings,2310,147,6.363636363636363,128304.0,4903,3078,1825,37.222108912910464
Census Tract 576; Kings County; New York,Kings,1025,42,4.097560975609756,92719.0,2881,1144,1737,60.2915654286706
Census Tract 578; Kings County; New York,Kings,1137,49,4.309586631486368,46746.0,2997,1384,1613,53.82048715382049
Census Tract 579.01; Kings County; New York,Kings,532,19,3.571428571428571,137366.0,1427,790,637,44.639103013314646
Census Tract 579.02; Kings County; New York,Kings,0,0,,,0,0,0,
Census Tract 580; Kings County; New York,Kings,1183,53,4.480135249366018,41278.0,3466,1637,1829,52.76976341604155
Census Tract 582; Kings County; New York,Kings,824,34,4.12621359223301,57143.0,2435,1169,1266,51.9917864476386
Census Tract 584; Kings County; New York,Kings,1378,68,4.934687953555878,69643.0,3546,2458,1088,30.68245910885505
Census Tract 586; Kings County; New York,Kings,828,23,2.7777777777777777,84176.0,2289,766,1523,66.53560506771517
Census Tract 588; Kings County; New York,Kings,1436,68,4.735376044568245,115865.0,3639,2397,1242,34.13025556471558
Census Tract 589.01; Kings County; New York,Kings,854,114,13.348946135831383,110313.0,1876,1627,249,13.272921108742002
Census Tract 589.02; Kings County; New York,Kings,0,0,,,0,0,0,
Census Tract 590; Kings County; New York,Kings,664,12,1.8072289156626504,97567.0,2013,698,1315,65.32538499751614
Census Tract 591; Kings County; New York,Kings,1919,175,9.119332985930171,135339.0,3885,2986,899,23.14028314028314
Census Tract 592; Kings County; New York,Kings,1703,53,3.1121550205519672,58063.0,3894,2511,1383,35.516178736517716
Census Tract 593; Kings County; New York,Kings,1020,70,6.862745098039216,106544.0,2603,1995,608,23.357664233576642
Census Tract 594.02; Kings County; New York,Kings,2373,121,5.099030762747577,74917.0,5730,4244,1486,25.933682373472948
Census Tract 594.03; Kings County; New York,Kings,1092,38,3.47985347985348,63750.0,2839,1357,1482,52.20147939415287
Census Tract 594.04; Kings County; New York,Kings,1611,268,16.635630043451272,62854.0,4244,2414,1830,43.119698397737984
Census Tract 596; Kings County; New York,Kings,1188,125,10.521885521885523,56359.0,2235,1677,558,24.966442953020135
Census Tract 598; Kings County; New York,Kings,1274,31,2.4332810047095763,81724.0,3123,2161,962,30.80371437720141
Census Tract 600; Kings County; New York,Kings,2697,60,2.2246941045606228,99383.0,6451,5366,1085,16.81909781429236
Census Tract 606; Kings County; New York,Kings,1404,133,9.472934472934472,64353.0,2766,1807,959,34.67100506146059
Census Tract 608; Kings County; New York,Kings,1728,182,10.532407407407407,65705.0,3779,2155,1624,42.97433183381847
Census Tract 610.02; Kings County; New York,Kings,2565,62,2.4171539961013644,75132.0,5163,5016,147,2.8471818710052292
Census Tract 610.03; Kings County; New York,Kings,619,23,3.715670436187399,50361.0,2047,516,1531,74.7923790913532
Census Tract 610.04; Kings County; New York,Kings,2885,176,6.10051993067591,38443.0,5659,4339,1320,23.32567591447252
Census Tract 612; Kings County; New York,Kings,437,23,5.263157894736842,153854.0,1094,962,132,12.065813528336381
Census Tract 616; Kings County; New York,Kings,538,34,6.319702602230483,168438.0,1553,1483,70,4.507405022537025
Census Tract 620; Kings County; New York,Kings,676,7,1.0355029585798818,91486.0,1807,1670,137,7.581627006087438
Census Tract 622; Kings County; New York,Kings,1123,29,2.5823686553873553,68997.0,2891,1521,1370,47.38844690418541
Census Tract 626; Kings County; New York,Kings,1212,119,9.818481848184819,65694.0,3225,2117,1108,34.35658914728682
Census Tract 628; Kings County; New York,Kings,1848,20,1.0822510822510822,111894.0,4879,4134,745,15.26952244312359
Census Tract 632; Kings County; New York,Kings,636,85,13.364779874213836,79500.0,1468,1002,466,31.743869209809265
Census Tract 636; Kings County; New York,Kings,377,32,8.488063660477453,142986.0,1112,779,333,29.94604316546763
Census Tract 638; Kings County; New York,Kings,672,79,11.755952380952381,104091.0,1851,1291,560,30.2539168017288
Census Tract 640; Kings County; New York,Kings,464,17,3.6637931034482754,144857.0,1581,1343,238,15.053763440860216
Census Tract 642; Kings County; New York,Kings,949,89,9.378292939936776,68319.0,2687,2062,625,23.260141421659846
Census Tract 644; Kings County; New York,Kings,810,71,8.765432098765432,95833.0,2447,1534,913,37.31099305271761
Census Tract 646; Kings County; New York,Kings,727,13,1.7881705639614855,96462.0,2187,1539,648,29.629629629629626
Census Tract 648; Kings County; New York,Kings,657,67,10.197869101978691,110156.0,1933,1135,798,41.282979824107606
Census Tract 650; Kings County; New York,Kings,547,51,9.323583180987203,90254.0,1312,529,783,59.67987804878049
Census Tract 652; Kings County; New York,Kings,513,18,3.508771929824561,92969.0,1180,973,207,17.542372881355934
Census Tract 654; Kings County; New York,Kings,510,0,0.0,127143.0,1759,1251,508,28.880045480386585
Census Tract 656; Kings County; New York,Kings,659,0,0.0,122708.0,1844,1254,590,31.99566160520607
Census Tract 658; Kings County; New York,Kings,620,0,0.0,94400.0,1792,1000,792,44.19642857142857
Census Tract 660; Kings County; New York,Kings,679,19,2.798232695139912,150219.0,1912,1403,509,26.62133891213389
Census Tract 662; Kings County; New York,Kings,505,23,4.554455445544554,63681.0,1144,586,558,48.77622377622377
Census Tract 666; Kings County; New York,Kings,0,0,,,0,0,0,
Census Tract 670; Kings County; New York,Kings,1069,8,0.7483629560336763,88920.0,2598,547,2051,78.94534257120863
Census Tract 672; Kings County; New York,Kings,509,16,3.143418467583497,81834.0,1559,151,1408,90.31430404105195
Census Tract 674; Kings County; New York,Kings,562,30,5.338078291814947,122609.0,1910,150,1760,92.14659685863874
Census Tract 676; Kings County; New York,Kings,551,12,2.1778584392014517,124934.0,1795,164,1631,90.86350974930362
Census Tract 678; Kings County; New York,Kings,954,0,0.0,95044.0,2675,116,2559,95.66355140186916
Census Tract 680; Kings County; New York,Kings,633,5,0.7898894154818324,93994.0,1907,104,1803,94.5464079706345
Census Tract 682; Kings County; New York,Kings,916,24,2.6200873362445414,118611.0,2844,592,2252,79.18424753867792
Census Tract 686; Kings County; New York,Kings,701,39,5.563480741797433,107431.0,1724,787,937,54.35034802784223
Census Tract 688; Kings County; New York,Kings,684,18,2.631578947368421,91000.0,1628,269,1359,83.47665847665847
Census Tract 690; Kings County; New York,Kings,582,0,0.0,127989.0,1728,167,1561,90.33564814814815
Census Tract 692; Kings County; New York,Kings,814,0,0.0,92717.0,2288,244,2044,89.33566433566433
Census Tract 696.01; Kings County; New York,Kings,1325,60,4.528301886792453,98607.0,3406,1219,2187,64.21021726365238
Census Tract 696.02; Kings County; New York,Kings,1978,26,1.314459049544995,101724.0,5630,3016,2614,46.42984014209591
Census Tract 698; Kings County; New York,Kings,412,19,4.611650485436893,126500.0,1452,754,698,48.07162534435262
Census Tract 700; Kings County; New York,Kings,648,20,3.0864197530864197,93493.0,1402,1101,301,21.46932952924394
Census Tract 702.01; Kings County; New York,Kings,2392,0,0.0,117604.0,6804,6082,722,10.6114050558495
Census Tract 702.02; Kings County; New York,Kings,9,0,0.0,,13,9,4,30.76923076923077
Census Tract 702.03; Kings County; New York,Kings,0,0,,,0,0,0,
Census Tract 706.01; Kings County; New York,Kings,968,27,2.7892561983471076,145577.0,2584,2032,552,21.36222910216718
Census Tract 706.02; Kings County; New York,Kings,0,0,,,0,0,0,
Census Tract 720; Kings County; New York,Kings,658,27,4.103343465045593,72619.0,1938,40,1898,97.9360165118679
Census Tract 722; Kings County; New York,Kings,989,51,5.156723963599596,55068.0,2187,76,2111,96.5249199817101
Census Tract 724; Kings County; New York,Kings,720,36,5.0,65722.0,1694,19,1675,98.87839433293979
Census Tract 726; Kings County; New York,Kings,734,20,2.7247956403269753,101250.0,2647,111,2536,95.80657347941064
Census Tract 728; Kings County; New York,Kings,1617,68,4.205318491032776,64654.0,3594,58,3536,98.38619922092377
Census Tract 730; Kings County; New York,Kings,762,35,4.593175853018373,137244.0,2449,147,2302,93.9975500204165
Census Tract 732; Kings County; New York,Kings,697,11,1.5781922525107603,87908.0,1927,30,1897,98.44317592112091
Census Tract 734; Kings County; New York,Kings,542,19,3.505535055350553,124205.0,1479,43,1436,97.09263015551048
Census Tract 736; Kings County; New York,Kings,1075,82,7.627906976744186,79256.0,2807,45,2762,98.39686498040614
Census Tract 738; Kings County; New York,Kings,1326,90,6.787330316742081,57222.0,3464,925,2539,73.29676674364896
Census Tract 740; Kings County; New York,Kings,1124,58,5.160142348754448,79688.0,3816,500,3316,86.89727463312369
Census Tract 742; Kings County; New York,Kings,980,94,9.591836734693878,72635.0,2799,1225,1574,56.234369417649155
Census Tract 744; Kings County; New York,Kings,639,48,7.511737089201878,145929.0,3068,2676,392,12.777053455019557
Census Tract 746; Kings County; New York,Kings,699,67,9.585121602288984,85587.0,2149,1747,402,18.70637505816659
Census Tract 748; Kings County; New York,Kings,678,87,12.831858407079647,79808.0,1595,1107,488,30.595611285266454
Census Tract 750; Kings County; New York,Kings,955,45,4.712041884816754,105881.0,2845,2025,820,28.822495606326886
Census Tract 752; Kings County; New York,Kings,261,8,3.065134099616858,162938.0,1151,1146,5,0.4344048653344918
Census Tract 754; Kings County; New York,Kings,427,0,0.0,116726.0,1284,1264,20,1.557632398753894
Census Tract 756; Kings County; New York,Kings,756,142,18.78306878306878,87885.0,1949,1430,519,26.62904053360698
Census Tract 758; Kings County; New York,Kings,618,40,6.472491909385113,58314.0,1460,1196,264,18.08219178082192
Census Tract 760; Kings County; New York,Kings,1180,77,6.525423728813559,65795.0,3092,2433,659,21.313065976714103
Census Tract 762; Kings County; New York,Kings,1555,60,3.858520900321544,43365.0,4114,1534,2580,62.71268838113758
Census Tract 764; Kings County; New York,Kings,1602,247,15.418227215980023,79868.0,4192,878,3314,79.05534351145039
Census Tract 766; Kings County; New York,Kings,678,25,3.687315634218289,74773.0,2114,342,1772,83.8221381267739
Census Tract 768; Kings County; New York,Kings,1294,41,3.1684698608964452,61354.0,3998,2508,1490,37.26863431715858
Census Tract 770; Kings County; New York,Kings,1145,114,9.956331877729257,84476.0,2726,486,2240,82.1716801173881
Census Tract 772; Kings County; New York,Kings,1193,103,8.633696563285834,75739.0,3243,1023,2220,68.45513413506012
Census Tract 774; Kings County; New York,Kings,1275,68,5.333333333333334,76061.0,3106,473,2633,84.77141017385705
Census Tract 776; Kings County; New York,Kings,1730,182,10.520231213872833,72240.0,3438,466,2972,86.44560791157649
Census Tract 780; Kings County; New York,Kings,639,82,12.832550860719873,117232.0,2221,105,2116,95.27239981990094
Census Tract 782; Kings County; New York,Kings,1663,51,3.0667468430547205,59422.0,4196,48,4148,98.8560533841754
Census Tract 784; Kings County; New York,Kings,822,20,2.4330900243309004,93409.0,2334,110,2224,95.28706083976007
Census Tract 786.01; Kings County; New York,Kings,989,40,4.044489383215369,84458.0,2182,190,1992,91.29239230064161
Census Tract 786.02; Kings County; New York,Kings,860,31,3.604651162790698,62237.0,2225,146,2079,93.43820224719101
Census Tract 788.01; Kings County; New York,Kings,727,60,8.253094910591471,58493.0,1862,204,1658,89.04403866809882
Census Tract 788.02; Kings County; New York,Kings,597,71,11.892797319932999,51037.0,1870,12,1858,99.35828877005348
Census Tract 790.01; Kings County; New York,Kings,483,69,14.285714285714285,68977.0,1841,85,1756,95.38294405214558
Census Tract 790.02; Kings County; New York,Kings,1226,110,8.97226753670473,59896.0,3182,80,3102,97.48585795097424
Census Tract 792.01; Kings County; New York,Kings,545,5,0.9174311926605505,86434.0,1418,257,1161,81.87588152327221
Census Tract 792.02; Kings County; New York,Kings,796,32,4.0201005025125625,91143.0,2478,173,2305,93.01856335754641
Census Tract 794; Kings County; New York,Kings,672,29,4.315476190476191,97500.0,2385,172,2213,92.78825995807128
Census Tract 796.01; Kings County; New York,Kings,1554,202,12.998712998713,71509.0,3526,903,2623,74.39024390243902
Census Tract 796.02; Kings County; New York,Kings,2244,49,2.1836007130124777,87847.0,6091,1106,4985,81.84206205877524
Census Tract 798.01; Kings County; New York,Kings,1526,416,27.260812581913502,79054.0,3245,1167,2078,64.03697996918336
Census Tract 798.02; Kings County; New York,Kings,2700,335,12.407407407407407,98516.0,5013,1376,3637,72.55136644723719
Census Tract 800; Kings County; New York,Kings,1386,164,11.832611832611832,106250.0,3386,1005,2381,70.31896042528057
Census Tract 802; Kings County; New York,Kings,1874,215,11.472785485592315,96627.0,4088,776,3312,81.01761252446184
Census Tract 804; Kings County; New York,Kings,1296,339,26.15740740740741,56250.0,2893,630,2263,78.22329761493259
Census Tract 806; Kings County; New York,Kings,1308,56,4.281345565749235,68400.0,3647,1293,2354,64.54620235810255
Census Tract 808; Kings County; New York,Kings,730,19,2.6027397260273974,12132.0,2071,443,1628,78.60936745533559
Census Tract 810; Kings County; New York,Kings,926,68,7.343412526997841,83362.0,2063,191,1872,90.74163839069317
Census Tract 814; Kings County; New York,Kings,970,0,0.0,52250.0,2628,314,2314,88.0517503805175
Census Tract 816; Kings County; New York,Kings,964,29,3.008298755186722,109043.0,2988,283,2705,90.52878179384204
Census Tract 818; Kings County; New York,Kings,1945,134,6.889460154241646,73463.0,4556,694,3862,84.76733977172958
Census Tract 820; Kings County; New York,Kings,2406,78,3.2418952618453867,61548.0,4830,659,4171,86.35610766045548
Census Tract 822; Kings County; New York,Kings,3299,50,1.515610791148833,87104.0,7682,763,6919,90.06769070554543
Census Tract 824; Kings County; New York,Kings,2126,152,7.149576669802446,69886.0,5862,252,5610,95.70112589559876
Census Tract 826; Kings County; New York,Kings,1936,189,9.762396694214875,69732.0,4607,202,4405,95.61536791838506
Census Tract 828; Kings County; New York,Kings,1369,115,8.400292184075967,74076.0,3882,298,3584,92.3235445646574
Census Tract 830; Kings County; New York,Kings,2320,26,1.1206896551724137,81016.0,6040,111,5929,98.16225165562913
Census Tract 832; Kings County; New York,Kings,811,31,3.822441430332922,97104.0,2227,25,2202,98.87741356084419
Census Tract 834; Kings County; New York,Kings,572,86,15.034965034965033,90625.0,1580,33,1547,97.9113924050633
Census Tract 836; Kings County; New York,Kings,651,42,6.451612903225806,82464.0,1876,36,1840,98.08102345415777
Census Tract 838; Kings County; New York,Kings,700,16,2.2857142857142856,58625.0,1802,15,1787,99.16759156492786
Census Tract 840; Kings County; New York,Kings,871,81,9.299655568312284,76607.0,2378,33,2345,98.61227922624055
Census Tract 846; Kings County; New York,Kings,715,45,6.293706293706294,68555.0,1991,32,1959,98.39276745354093
Census Tract 848; Kings County; New York,Kings,554,9,1.6245487364620936,92578.0,1508,11,1497,99.27055702917772
Census Tract 850; Kings County; New York,Kings,479,36,7.515657620041753,120179.0,1486,44,1442,97.03903095558546
Census Tract 852; Kings County; New York,Kings,8,8,100.0,,22,0,22,100.0
Census Tract 854; Kings County; New York,Kings,867,8,0.922722029988466,71042.0,2147,81,2066,96.22729389846297
Census Tract 856; Kings County; New York,Kings,1448,92,6.353591160220995,91061.0,3458,89,3369,97.42625795257375
Census Tract 858; Kings County; New York,Kings,754,13,1.7241379310344827,57105.0,1813,30,1783,98.34528405956976
Census Tract 860; Kings County; New York,Kings,1134,63,5.555555555555555,75528.0,2707,10,2697,99.63058736608792
Census Tract 862; Kings County; New York,Kings,1351,35,2.5906735751295336,56386.0,2897,49,2848,98.30859509837762
Census Tract 864; Kings County; New York,Kings,840,27,3.214285714285714,62206.0,2207,66,2141,97.00951517897597
Census Tract 866; Kings County; New York,Kings,1265,40,3.1620553359683794,77728.0,3252,245,3007,92.46617466174662
Census Tract 868; Kings County; New York,Kings,1339,67,5.003734129947722,47708.0,3091,80,3011,97.41184082821094
Census Tract 870; Kings County; New York,Kings,1111,9,0.8100810081008101,57366.0,3132,176,2956,94.38058748403576
Census Tract 872; Kings County; New York,Kings,1110,89,8.018018018018019,80372.0,3170,220,2950,93.05993690851734
Census Tract 874.01; Kings County; New York,Kings,1585,52,3.2807570977917986,35298.0,3069,444,2625,85.5327468230694
Census Tract 876; Kings County; New York,Kings,751,12,1.5978695073235687,46789.0,1917,538,1379,71.93531559728743
Census Tract 878; Kings County; New York,Kings,898,15,1.670378619153675,57900.0,2691,58,2633,97.8446674098848
Census Tract 880.01; Kings County; New York,Kings,806,37,4.590570719602978,60500.0,1882,1,1881,99.94686503719447
Census Tract 880.02; Kings County; New York,Kings,388,0,0.0,103529.0,1166,340,826,70.84048027444254
Census Tract 882; Kings County; New York,Kings,2505,317,12.654690618762476,48028.0,7033,810,6223,88.48286648656335
Census Tract 884; Kings County; New York,Kings,1897,146,7.696362677912494,47269.0,5493,57,5436,98.96231567449482
Census Tract 886; Kings County; New York,Kings,1883,270,14.338821030270847,54158.0,3997,143,3854,96.42231673755316
Census Tract 888; Kings County; New York,Kings,1550,91,5.870967741935484,61346.0,4118,15,4103,99.63574550752793
Census Tract 890; Kings County; New York,Kings,2145,217,10.116550116550115,59583.0,6919,160,6759,97.6875270992918
Census Tract 892; Kings County; New York,Kings,1519,144,9.479921000658328,31496.0,3642,121,3521,96.67764964305327
Census Tract 894; Kings County; New York,Kings,1171,59,5.038428693424423,62157.0,3717,44,3673,98.8162496637073
Census Tract 896; Kings County; New York,Kings,1742,210,12.055109070034444,,3660,419,3241,88.55191256830601
Census Tract 898; Kings County; New York,Kings,747,27,3.614457831325301,79554.0,2260,69,2191,96.94690265486726
Census Tract 900; Kings County; New York,Kings,1735,146,8.414985590778098,22396.0,4556,297,4259,93.4811237928007
Census Tract 902; Kings County; New York,Kings,940,110,11.702127659574469,42424.0,3886,216,3670,94.44158517756047
Census Tract 906; Kings County; New York,Kings,1810,213,11.767955801104971,27706.0,4404,7,4397,99.8410535876476
Census Tract 908; Kings County; New York,Kings,1641,136,8.287629494210847,31003.0,6456,575,5881,91.09355638166046
Census Tract 910; Kings County; New York,Kings,2585,74,2.862669245647969,17028.0,5939,685,5254,88.46607172924735
Census Tract 912; Kings County; New York,Kings,2576,163,6.327639751552796,21840.0,6710,741,5969,88.95678092399405
Census Tract 916; Kings County; New York,Kings,1793,47,2.6213050752928053,43109.0,4650,263,4387,94.34408602150538
Census Tract 918; Kings County; New York,Kings,1077,83,7.706592386258125,46657.0,2546,174,2372,93.16575019638648
Census Tract 920; Kings County; New York,Kings,1318,52,3.9453717754172986,43901.0,2850,0,2850,100.0
Census Tract 922; Kings County; New York,Kings,1358,46,3.3873343151693667,50603.0,2990,494,2496,83.47826086956522
Census Tract 924; Kings County; New York,Kings,982,47,4.786150712830957,33231.0,3026,327,2699,89.19365499008592
Census Tract 928; Kings County; New York,Kings,1053,81,7.6923076923076925,86313.0,2401,8,2393,99.66680549770929
Census Tract 930; Kings County; New York,Kings,966,85,8.799171842650104,96250.0,3011,1,3010,99.96678844237795
Census Tract 932; Kings County; New York,Kings,677,32,4.726735598227474,,1508,46,1462,96.9496021220159
Census Tract 934; Kings County; New York,Kings,984,35,3.556910569105691,83357.0,2430,63,2367,97.4074074074074
Census Tract 936; Kings County; New York,Kings,704,31,4.403409090909091,78929.0,1565,10,1555,99.36102236421725
Census Tract 938; Kings County; New York,Kings,954,42,4.40251572327044,74781.0,2511,162,2349,93.54838709677419
Census Tract 944.01; Kings County; New York,Kings,1193,75,6.286672254819782,85607.0,3056,91,2965,97.02225130890052
Census Tract 944.02; Kings County; New York,Kings,1307,90,6.885998469778118,27044.0,3122,97,3025,96.89301729660474
Census Tract 946; Kings County; New York,Kings,688,9,1.308139534883721,93819.0,1985,2,1983,99.8992443324937
Census Tract 950; Kings County; New York,Kings,896,58,6.4732142857142865,92895.0,2592,88,2504,96.60493827160494
Census Tract 954; Kings County; New York,Kings,1612,0,0.0,95081.0,4167,89,4078,97.8641708663307
Census Tract 956; Kings County; New York,Kings,1351,54,3.9970392301998516,100404.0,4054,155,3899,96.17661568820918
Census Tract 958; Kings County; New York,Kings,1049,6,0.5719733079122974,67091.0,2987,195,2792,93.47171074656846
Census Tract 960; Kings County; New York,Kings,0,0,,,0,0,0,
Census Tract 962; Kings County; New York,Kings,396,4,1.0101010101010102,96500.0,1529,88,1441,94.24460431654677
Census Tract 964; Kings County; New York,Kings,763,6,0.7863695937090431,82350.0,2476,59,2417,97.61712439418416
Census Tract 966; Kings County; New York,Kings,697,82,11.76470588235294,72396.0,2138,61,2077,97.1468662301216
Census Tract 968; Kings County; New York,Kings,426,19,4.460093896713615,90357.0,1396,97,1299,93.0515759312321
Census Tract 970; Kings County; New York,Kings,823,67,8.140947752126367,102566.0,2301,220,2081,90.43893959148195
Census Tract 974; Kings County; New York,Kings,672,20,2.976190476190476,80769.0,2516,311,2205,87.63910969793322
Census Tract 982; Kings County; New York,Kings,1657,114,6.879903439951721,23580.0,4124,76,4048,98.15712900096993
Census Tract 984; Kings County; New York,Kings,571,0,0.0,114292.0,1989,38,1951,98.08949220713926
Census Tract 986; Kings County; New York,Kings,1024,0,0.0,98750.0,2486,132,2354,94.69026548672566
Census Tract 988; Kings County; New York,Kings,1040,71,6.826923076923077,78892.0,2926,136,2790,95.35201640464798
Census Tract 990; Kings County; New York,Kings,464,23,4.956896551724138,91848.0,1484,7,1477,99.52830188679245
Census Tract 992; Kings County; New York,Kings,718,14,1.9498607242339834,90897.0,1805,86,1719,95.23545706371192
Census Tract 994; Kings County; New York,Kings,581,0,0.0,92730.0,1860,106,1754,94.3010752688172
Census Tract 996; Kings County; New York,Kings,1168,7,0.5993150684931506,83462.0,3508,134,3374,96.18015963511972
Census Tract 998; Kings County; New York,Kings,1406,0,0.0,99609.0,3834,150,3684,96.08763693270735
Census Tract 1004; Kings County; New York,Kings,917,0,0.0,80772.0,2797,100,2697,96.42474079370754
Census Tract 1006; Kings County; New York,Kings,926,0,0.0,108088.0,2533,76,2457,96.999605211212
Census Tract 1008; Kings County; New York,Kings,694,0,0.0,87800.0,2202,197,2005,91.05358764759309
Census Tract 1010; Kings County; New York,Kings,868,51,5.875576036866359,69700.0,2860,224,2636,92.16783216783216
Census Tract 1012; Kings County; New York,Kings,839,0,0.0,101953.0,2176,48,2128,97.79411764705883
Census Tract 1014; Kings County; New York,Kings,833,0,0.0,74219.0,2057,31,2026,98.49295089936801
Census Tract 1016; Kings County; New York,Kings,521,15,2.8790786948176583,173292.0,1768,53,1715,97.00226244343891
Census Tract 1018; Kings County; New York,Kings,725,0,0.0,97845.0,1667,58,1609,96.52069586082783
Census Tract 1020; Kings County; New York,Kings,692,0,0.0,120682.0,2137,179,1958,91.62377164248947
Census Tract 1022; Kings County; New York,Kings,722,12,1.662049861495845,88654.0,2234,379,1855,83.03491495076096
Census Tract 1024; Kings County; New York,Kings,581,34,5.851979345955249,79087.0,1873,238,1635,87.29311265349706
Census Tract 1026; Kings County; New York,Kings,967,10,1.0341261633919339,87145.0,2957,135,2822,95.43456205613798
Census Tract 1028.01; Kings County; New York,Kings,527,25,4.743833017077799,75875.0,1315,6,1309,99.54372623574145
Census Tract 1028.02; Kings County; New York,Kings,0,0,,,0,0,0,
Census Tract 1034.01; Kings County; New York,Kings,1725,235,13.623188405797102,17963.0,4190,347,3843,91.71837708830549
Census Tract 1034.02; Kings County; New York,Kings,0,0,,,0,0,0,
Census Tract 1058.01; Kings County; New York,Kings,3493,80,2.290294875465216,20899.0,6050,1456,4594,75.93388429752066
Census Tract 1058.04; Kings County; New York,Kings,3017,0,0.0,44059.0,6145,984,5161,83.98698128559805
Census Tract 1070.01; Kings County; New York,Kings,1810,0,0.0,53108.0,3852,150,3702,96.10591900311528
Census Tract 1070.02; Kings County; New York,Kings,0,0,,,0,0,0,
Census Tract 1070.03; Kings County; New York,Kings,0,0,,,0,0,0,
Census Tract 1078; Kings County; New York,Kings,1726,36,2.085747392815759,82540.0,4067,163,3904,95.99213179247603
Census Tract 1098; Kings County; New York,Kings,703,14,1.991465149359886,74673.0,2515,94,2421,96.2624254473161
Census Tract 1104; Kings County; New York,Kings,1692,68,4.0189125295508275,75833.0,4571,130,4441,97.15598337344126
Census Tract 1106; Kings County; New York,Kings,1971,130,6.595636732623033,30198.0,4583,143,4440,96.8797730744054
Census Tract 1110; Kings County; New York,Kings,1417,65,4.587155963302752,31218.0,2856,83,2773,97.093837535014
Census Tract 1116; Kings County; New York,Kings,1123,45,4.007123775601069,71593.0,3674,54,3620,98.5302123026674
Census Tract 1118; Kings County; New York,Kings,1268,13,1.025236593059937,82773.0,4004,458,3546,88.56143856143856
Census Tract 1120; Kings County; New York,Kings,1168,56,4.794520547945205,67396.0,3266,68,3198,97.91794243723209
Census Tract 1122; Kings County; New York,Kings,1465,35,2.3890784982935154,28888.0,3101,96,3005,96.90422444372783
Census Tract 1124; Kings County; New York,Kings,1205,0,0.0,49422.0,3290,59,3231,98.20668693009118
Census Tract 1126; Kings County; New York,Kings,1765,37,2.096317280453258,73493.0,4607,47,4560,98.97981332754505
Census Tract 1128; Kings County; New York,Kings,1566,167,10.664112388250318,54484.0,4183,113,4070,97.29858952904614
Census Tract 1130; Kings County; New York,Kings,1654,145,8.766626360338574,58547.0,4303,175,4128,95.93306995119684
Census Tract 1132; Kings County; New York,Kings,954,41,4.29769392033543,49306.0,2552,161,2391,93.69122257053291
Census Tract 1134; Kings County; New York,Kings,1044,16,1.532567049808429,26745.0,2702,84,2618,96.89119170984456
Census Tract 1142.01; Kings County; New York,Kings,694,40,5.763688760806916,41196.0,1478,305,1173,79.36400541271989
Census Tract 1142.02; Kings County; New York,Kings,982,85,8.655804480651732,63049.0,2546,231,2315,90.92694422623724
Census Tract 1144; Kings County; New York,Kings,797,203,25.47051442910916,75444.0,2637,365,2272,86.15851346226773
Census Tract 1146; Kings County; New York,Kings,819,21,2.564102564102564,72438.0,3052,442,2610,85.51769331585845
Census Tract 1150; Kings County; New York,Kings,949,37,3.8988408851422554,68944.0,2937,221,2716,92.47531494722506
Census Tract 1152; Kings County; New York,Kings,1032,23,2.2286821705426356,,2877,522,2355,81.85610010427528
Census Tract 1156; Kings County; New York,Kings,1814,32,1.7640573318632855,21238.0,4106,94,4012,97.71066731612275
Census Tract 1158; Kings County; New York,Kings,859,26,3.026775320139697,75764.0,2528,207,2321,91.8117088607595
Census Tract 1160; Kings County; New York,Kings,961,179,18.6264308012487,73244.0,2566,591,1975,76.9680436477007
Census Tract 1162; Kings County; New York,Kings,940,22,2.3404255319148937,64100.0,2538,94,2444,96.29629629629629
Census Tract 1164; Kings County; New York,Kings,1215,0,0.0,80125.0,3745,276,3469,92.63017356475301
Census Tract 1166; Kings County; New York,Kings,1187,53,4.465037910699242,41086.0,3172,200,2972,93.69482976040354
Census Tract 1168; Kings County; New York,Kings,732,33,4.508196721311475,83841.0,2603,372,2231,85.7087975412985
Census Tract 1170; Kings County; New York,Kings,733,28,3.819918144611187,,1878,29,1849,98.45580404685836
Census Tract 1172.01; Kings County; New York,Kings,727,36,4.951856946354883,70179.0,2004,613,1391,69.41117764471058
Census Tract 1172.02; Kings County; New York,Kings,1495,122,8.160535117056856,77401.0,4640,885,3755,80.92672413793103
Census Tract 1174; Kings County; New York,Kings,1301,26,1.9984627209838586,47444.0,3716,1003,2713,73.0086114101184
Census Tract 1176.01; Kings County; New York,Kings,952,6,0.6302521008403361,67222.0,2815,434,2381,84.58259325044405
Census Tract 1176.02; Kings County; New York,Kings,1051,78,7.421503330161751,59071.0,3076,996,2080,67.62028608582574
Census Tract 1178; Kings County; New York,Kings,586,24,4.09556313993174,52750.0,1703,356,1347,79.09571344685848
Census Tract 1180; Kings County; New York,Kings,0,0,,,0,0,0,
Census Tract 1182.01; Kings County; New York,Kings,1016,29,2.8543307086614176,91167.0,3561,470,3091,86.8014602639708
Census Tract 1182.02; Kings County; New York,Kings,1002,50,4.990019960079841,88140.0,3119,892,2227,71.40109009297852
Census Tract 1184; Kings County; New York,Kings,1607,40,2.4891101431238334,65766.0,4880,1316,3564,73.0327868852459
Census Tract 1186; Kings County; New York,Kings,809,48,5.933250927070458,83125.0,3740,291,3449,92.2192513368984
Census Tract 1188; Kings County; New York,Kings,1225,54,4.408163265306123,60197.0,5288,266,5022,94.9697428139183
Census Tract 1190; Kings County; New York,Kings,752,110,14.627659574468085,46979.0,1877,168,1709,91.04954714970698
Census Tract 1192; Kings County; New York,Kings,1207,22,1.8227009113504555,88705.0,3649,308,3341,91.55933132365031
Census Tract 1194; Kings County; New York,Kings,1485,28,1.8855218855218854,71801.0,5402,427,4975,92.09552017771195
Census Tract 1196; Kings County; New York,Kings,2138,92,4.303086997193639,54177.0,6608,315,6293,95.23305084745762
Census Tract 1198; Kings County; New York,Kings,1211,24,1.981833195706028,46391.0,4170,623,3547,85.0599520383693
Census Tract 1200; Kings County; New York,Kings,973,0,0.0,47656.0,2735,96,2639,96.48994515539306
Census Tract 1202; Kings County; New York,Kings,509,44,8.644400785854616,119522.0,2013,241,1772,88.02781917536015
Census Tract 1208.01; Kings County; New York,Kings,1400,49,3.5000000000000004,58869.0,4520,106,4414,97.65486725663717
Census Tract 1208.02; Kings County; New York,Kings,1691,42,2.4837374334713185,33662.0,4569,70,4499,98.46793609104837
Census Tract 1208.03; Kings County; New York,Kings,581,13,2.2375215146299485,49702.0,1583,269,1314,83.00694883133292
Census Tract 1210; Kings County; New York,Kings,1625,69,4.246153846153846,21985.0,4050,592,3458,85.38271604938271
Census Tract 1214; Kings County; New York,Kings,1602,87,5.430711610486892,37626.0,4747,256,4491,94.60712028649674
Census Tract 1220; Kings County; New York,Kings,2484,0,0.0,70268.0,7587,56,7531,99.2618953473046
Census Tract 1237; Kings County; New York,Kings,1406,20,1.422475106685633,52649.0,9320,8836,484,5.193133047210301
Census Tract 1502; Kings County; New York,Kings,1072,58,5.410447761194029,126364.0,2807,2401,406,14.463840399002494
Census Tract 1522; Kings County; New York,Kings,1395,6,0.43010752688172044,214297.0,3064,1520,1544,50.391644908616186
Census Tract 9901; Kings County; New York,Kings,0,0,,,0,0,0,
Census Tract 1; New York County; New York,New York,0,0,,,0,0,0,
Census Tract 2.01; New York County; New York,New York,823,61,7.411907654921021,38657.0,2568,300,2268,88.3177570093458
Census Tract 2.02; New York County; New York,New York,3191,309,9.68348480100282,40182.0,6934,2552,4382,63.19584655321604
Census Tract 5; New York County; New York,New York,0,0,,,0,0,0,
Census Tract 6; New York County; New York,New York,5243,420,8.01068090787717,34473.0,10179,1552,8627,84.75292268395717
Census Tract 7; New York County; New York,New York,5117,217,4.240766073871409,197058.0,9008,6247,2761,30.650532859680286
Census Tract 8; New York County; New York,New York,4324,282,6.521739130434782,33953.0,8889,1210,7679,86.38767015412307
Census Tract 9; New York County; New York,New York,872,0,0.0,222237.0,1860,1202,658,35.376344086021504
Census Tract 10.01; New York County; New York,New York,796,125,15.7035175879397,130417.0,1720,1220,500,29.069767441860467
Census Tract 10.02; New York County; New York,New York,2448,729,29.77941176470588,24350.0,6098,775,5323,87.2909150541161
Census Tract 12; New York County; New York,New York,1944,198,10.185185185185185,105938.0,4364,2382,1982,45.41704857928506
Census Tract 13; New York County; New York,New York,2915,52,1.783876500857633,193984.0,5371,3482,1889,35.170359337181154
Census Tract 14.01; New York County; New York,New York,1761,206,11.697898921067575,94076.0,3395,2395,1000,29.455081001472756
Census Tract 14.02; New York County; New York,New York,1807,132,7.304925290536801,50347.0,3449,1223,2226,64.54044650623369
Census Tract 15.01; New York County; New York,New York,3398,144,4.2377869334902885,123750.0,7777,4343,3434,44.15584415584416
Census Tract 15.02; New York County; New York,New York,4054,98,2.4173655648741983,182348.0,8485,5050,3435,40.483205657041836
Census Tract 16; New York County; New York,New York,3385,96,2.836041358936485,,7040,1851,5189,73.70738636363636
Census Tract 18; New York County; New York,New York,2979,166,5.572339711312521,79973.0,6702,2502,4200,62.66786034019696
Census Tract 20; New York County; New York,New York,2022,596,29.475766567754697,24655.0,4793,253,4540,94.72146880867932
Census Tract 21; New York County; New York,New York,3382,114,3.3707865168539324,250001.0,7944,5723,2221,27.95820745216516
Census Tract 22.01; New York County; New York,New York,3011,320,10.627698439056791,38594.0,6437,1940,4497,69.86173683392884
Census Tract 22.02; New York County; New York,New York,995,57,5.728643216080402,137313.0,2407,1465,942,39.135853759867054
Census Tract 24; New York County; New York,New York,1776,678,38.17567567567568,20876.0,4019,287,3732,92.85892012938541
Census Tract 25; New York County; New York,New York,1920,77,4.010416666666667,23737.0,5070,437,4633,91.38067061143984
Census Tract 26.01; New York County; New York,New York,1916,496,25.887265135699373,32837.0,4329,1350,2979,68.81496881496881
Census Tract 26.02; New York County; New York,New York,1907,247,12.952281069743051,73899.0,3431,2045,1386,40.39638589332556
Census Tract 27; New York County; New York,New York,636,15,2.358490566037736,135000.0,1191,287,904,75.90260285474392
Census Tract 28; New York County; New York,New York,3108,671,21.589446589446588,75100.0,6234,2591,3643,58.43760025665704
Census Tract 29.01; New York County; New York,New York,79,0,0.0,11612.0,789,204,585,74.1444866920152
Census Tract 29.02; New York County; New York,New York,1893,29,1.531959852086635,,3832,462,3370,87.94363256784969
Census Tract 30.01; New York County; New York,New York,2247,139,6.186025812194036,102883.0,4073,2382,1691,41.51730910876504
Census Tract 30.02; New York County; New York,New York,1745,130,7.4498567335243555,70346.0,2964,1521,1443,48.68421052631579
Census Tract 31; New York County; New York,New York,769,33,4.291287386215865,225694.0,2770,1303,1467,52.96028880866426
Census Tract 32; New York County; New York,New York,4625,806,17.427027027027027,92434.0,7740,6017,1723,22.260981912144704
Census Tract 33; New York County; New York,New York,2606,413,15.848042977743667,250001.0,5574,4263,1311,23.519913885898816
Census Tract 34; New York County; New York,New York,3958,314,7.933299646286003,112030.0,6474,4434,2040,31.510658016682115
Census Tract 36.01; New York County; New York,New York,1449,138,9.523809523809524,49869.0,2935,1126,1809,61.63543441226575
Census Tract 36.02; New York County; New York,New York,1523,154,10.111621799080762,136607.0,3461,2289,1172,33.86304536261196
Census Tract 37; New York County; New York,New York,1908,275,14.41299790356394,250001.0,3528,2236,1292,36.621315192743765
Census Tract 38; New York County; New York,New York,4564,752,16.476774758983346,78526.0,7393,4843,2550,34.492087109427835
Census Tract 39; New York County; New York,New York,2831,141,4.980572235959025,184604.0,6180,3804,2376,38.44660194174757
Census Tract 40.01; New York County; New York,New York,1971,376,19.076610857432776,153701.0,3615,2654,961,26.58367911479945
Census Tract 40.02; New York County; New York,New York,2049,151,7.36944851146901,154390.0,6250,3989,2261,36.176
Census Tract 41; New York County; New York,New York,3247,201,6.190329534955343,96461.0,6815,3557,3258,47.80630961115187
Census Tract 42; New York County; New York,New York,1532,276,18.01566579634465,166447.0,5302,2912,2390,45.077329309694456
Census Tract 43; New York County; New York,New York,2498,243,9.727782225780626,93816.0,3590,2233,1357,37.79944289693593
Census Tract 44; New York County; New York,New York,8336,519,6.226007677543186,150697.0,16684,12517,4167,24.97602493406857
Census Tract 45; New York County; New York,New York,437,19,4.3478260869565215,185208.0,1047,779,268,25.59694364851958
Census Tract 47; New York County; New York,New York,1584,245,15.467171717171718,156000.0,2619,2053,566,21.611302023673158
Census Tract 48; New York County; New York,New York,2971,187,6.294177044766072,171472.0,6660,4676,1984,29.78978978978979
Census Tract 49; New York County; New York,New York,2453,697,28.414186710150837,151546.0,4568,3689,879,19.242556917688265
Census Tract 50; New York County; New York,New York,2807,330,11.75632347702173,190380.0,4780,3534,1246,26.06694560669456
Census Tract 52; New York County; New York,New York,1313,284,21.62985529322163,229963.0,3349,2374,975,29.113168109883546
Census Tract 54; New York County; New York,New York,2894,301,10.400829302004148,139891.0,4721,3567,1154,24.44397373437831
Census Tract 55.01; New York County; New York,New York,2064,247,11.967054263565892,230167.0,5581,3015,2566,45.97742340082422
Census Tract 55.02; New York County; New York,New York,1094,234,21.389396709323584,149853.0,1933,1346,587,30.367304707708225
Census Tract 56; New York County; New York,New York,2450,161,6.571428571428571,228750.0,4071,2126,1945,47.776958978138055
Census Tract 57; New York County; New York,New York,1442,138,9.57004160887656,222237.0,2865,2418,447,15.602094240837697
Census Tract 58; New York County; New York,New York,2354,219,9.303313508920985,221875.0,4412,2690,1722,39.02991840435177
Census Tract 59; New York County; New York,New York,2356,438,18.59083191850594,163583.0,5098,3824,1274,24.99019223224794
Census Tract 60; New York County; New York,New York,2354,202,8.581138487680544,206087.0,5279,4056,1223,23.16726652775147
Census Tract 61; New York County; New York,New York,2286,342,14.960629921259844,244014.0,4970,2624,2346,47.203219315895375
Census Tract 62; New York County; New York,New York,1344,0,0.0,101598.0,4303,1868,2435,56.58842667906112
Census Tract 63; New York County; New York,New York,3379,765,22.63983427049423,176827.0,5843,4999,844,14.444634605510867
Census Tract 64; New York County; New York,New York,4560,412,9.035087719298247,113556.0,7939,5710,2229,28.076583952638874
Census Tract 65; New York County; New York,New York,2900,416,14.344827586206895,119467.0,5227,4122,1105,21.14023340348192
Census Tract 66; New York County; New York,New York,6746,576,8.538393121849985,135367.0,11510,6728,4782,41.546481320590786
Census Tract 67; New York County; New York,New York,3194,595,18.62867877269881,129494.0,4928,4060,868,17.613636363636363
Census Tract 68; New York County; New York,New York,3460,558,16.127167630057805,153913.0,7144,4841,2303,32.23684210526316
Census Tract 69; New York County; New York,New York,1154,38,3.2928942807625647,239038.0,2570,2038,532,20.700389105058363
Census Tract 70.01; New York County; New York,New York,2108,167,7.922201138519924,157802.0,4195,3318,877,20.90584028605483
Census Tract 70.02; New York County; New York,New York,2248,163,7.250889679715303,158158.0,3676,2686,990,26.93144722524483
Census Tract 71; New York County; New York,New York,2732,665,24.341142020497806,167963.0,5364,4227,1137,21.196868008948545
Census Tract 72; New York County; New York,New York,4168,435,10.43666026871401,160880.0,7224,4732,2492,34.49612403100775
Census Tract 73; New York County; New York,New York,3610,510,14.127423822714682,170434.0,5744,4768,976,16.991643454038996
Census Tract 74; New York County; New York,New York,2758,115,4.169688179840464,194636.0,5257,3524,1733,32.96556971656838
Census Tract 75; New York County; New York,New York,2329,222,9.53198797767282,157350.0,3814,3315,499,13.083377031987414
Census Tract 76; New York County; New York,New York,1425,114,8.0,164188.0,2455,1094,1361,55.43788187372709
Census Tract 77; New York County; New York,New York,3337,486,14.563979622415344,170655.0,5584,4614,970,17.371060171919773
Census Tract 78; New York County; New York,New York,4685,229,4.887940234791889,126617.0,8412,4835,3577,42.522586780789354
Census Tract 79; New York County; New York,New York,2535,391,15.424063116370808,159763.0,4514,3362,1152,25.520602569782895
Census Tract 80; New York County; New York,New York,2844,540,18.9873417721519,176988.0,5292,3585,1707,32.2562358276644
Census Tract 81; New York County; New York,New York,3912,552,14.11042944785276,161474.0,6331,5071,1260,19.902069183383354
Census Tract 82; New York County; New York,New York,1897,343,18.081180811808117,191250.0,3346,1850,1496,44.7101016138673
Census Tract 83; New York County; New York,New York,2079,241,11.592111592111593,79036.0,3629,1559,2070,57.040507026729124
Census Tract 84; New York County; New York,New York,946,159,16.807610993657505,250001.0,1660,680,980,59.036144578313255
Census Tract 86.01; New York County; New York,New York,1745,107,6.131805157593123,168320.0,3197,1580,1617,50.57866750078198
Census Tract 86.02; New York County; New York,New York,0,0,,,0,0,0,
Census Tract 86.03; New York County; New York,New York,2759,311,11.272200072490032,189926.0,5188,4008,1180,22.74479568234387
Census Tract 87; New York County; New York,New York,3352,163,4.862768496420048,147454.0,5712,3884,1828,32.002801120448176
Census Tract 88; New York County; New York,New York,4911,310,6.312360008144981,106033.0,7096,4286,2810,39.599774520856826
Census Tract 89; New York County; New York,New York,3086,394,12.767336357744652,98952.0,5849,3799,2050,35.04872627799624
Census Tract 90; New York County; New York,New York,4332,282,6.509695290858726,152716.0,7308,4938,2370,32.43021346469622
Census Tract 91; New York County; New York,New York,3594,390,10.851419031719532,188145.0,6445,4018,2427,37.65709852598914
Census Tract 92; New York County; New York,New York,893,72,8.062709966405375,170341.0,1408,883,525,37.28693181818182
Census Tract 93; New York County; New York,New York,5568,687,12.338362068965516,105682.0,9699,7000,2699,27.827611093927207
Census Tract 94; New York County; New York,New York,48,0,0.0,120625.0,77,44,33,42.857142857142854
Census Tract 95; New York County; New York,New York,1426,161,11.29032258064516,200455.0,3482,2543,939,26.967260195290066
Census Tract 96; New York County; New York,New York,164,8,4.878048780487805,91538.0,474,120,354,74.68354430379746
Census Tract 97; New York County; New York,New York,2698,337,12.490733876945887,70816.0,4477,2563,1914,42.75184275184275
Census Tract 98; New York County; New York,New York,4585,289,6.303162486368594,141989.0,8389,5947,2442,29.109548217904397
Census Tract 99.01; New York County; New York,New York,975,31,3.1794871794871797,250001.0,1884,1421,463,24.575371549893845
Census Tract 99.02; New York County; New York,New York,2212,0,0.0,169241.0,3890,1793,2097,53.90745501285347
Census Tract 99.03; New York County; New York,New York,651,0,0.0,139659.0,1061,446,615,57.96418473138548
Census Tract 100; New York County; New York,New York,1098,140,12.750455373406194,115536.0,1651,1189,462,27.98304058146578
Census Tract 101; New York County; New York,New York,1116,0,0.0,106528.0,1923,709,1214,63.13052522100884
Census Tract 102; New York County; New York,New York,159,14,8.80503144654088,96375.0,244,201,43,17.62295081967213
Census Tract 103; New York County; New York,New York,1531,18,1.1757021554539515,158343.0,3083,1660,1423,46.156341226078496
Census Tract 104; New York County; New York,New York,570,121,21.228070175438596,188971.0,960,670,290,30.208333333333332
Census Tract 106.01; New York County; New York,New York,3960,892,22.525252525252526,250001.0,7562,6428,1134,14.996032795556733
Census Tract 106.02; New York County; New York,New York,2245,152,6.770601336302895,202674.0,5006,3174,1832,36.59608469836196
Census Tract 108.01; New York County; New York,New York,1881,241,12.812333864965444,162455.0,3476,2227,1249,35.93210586881473
Census Tract 108.02; New York County; New York,New York,2144,418,19.496268656716417,157532.0,4094,3590,504,12.310698583292623
Census Tract 108.03; New York County; New York,New York,1019,11,1.0794896957801767,116758.0,1840,1530,310,16.847826086956523
Census Tract 109; New York County; New York,New York,84,4,4.761904761904762,150625.0,200,84,116,57.99999999999999
Census Tract 110; New York County; New York,New York,3921,286,7.294057638357562,144856.0,6955,4849,2106,30.2803738317757
Census Tract 111; New York County; New York,New York,2741,189,6.895293688434878,104119.0,4767,2009,2758,57.856093979442
Census Tract 112.01; New York County; New York,New York,561,59,10.51693404634581,207850.0,950,723,227,23.894736842105264
Census Tract 112.02; New York County; New York,New York,309,71,22.97734627831715,206295.0,520,440,80,15.384615384615385
Census Tract 112.03; New York County; New York,New York,573,57,9.947643979057592,174453.0,1053,804,249,23.646723646723647
Census Tract 113; New York County; New York,New York,34,7,20.588235294117645,91250.0,122,16,106,86.88524590163934
Census Tract 114.01; New York County; New York,New York,664,63,9.487951807228916,250001.0,1138,910,228,20.035149384885763
Census Tract 114.02; New York County; New York,New York,1138,163,14.323374340949032,217500.0,2283,1792,491,21.506789312308367
Census Tract 115; New York County; New York,New York,1825,116,6.3561643835616435,130302.0,3929,2029,1900,48.35836090608297
Census Tract 116; New York County; New York,New York,2144,57,2.658582089552239,105893.0,3346,2328,1018,30.424387328153017
Census Tract 117; New York County; New York,New York,3364,15,0.44589774078478,114517.0,5051,2901,2150,42.565828548802216
Census Tract 118; New York County; New York,New York,5306,348,6.558612891066717,157480.0,9462,7974,1488,15.726062143310083
Census Tract 119; New York County; New York,New York,1024,36,3.515625,15843.0,1174,341,833,70.95400340715503
Census Tract 120; New York County; New York,New York,1786,308,17.245240761478165,159605.0,3199,2471,728,22.75711159737418
Census Tract 121.01; New York County; New York,New York,1692,209,12.35224586288416,68434.0,3110,2121,989,31.80064308681672
Census Tract 121.02; New York County; New York,New York,3237,186,5.746061167747914,58180.0,4850,3219,1631,33.628865979381445
Census Tract 122; New York County; New York,New York,1474,246,16.689280868385346,218869.0,3008,2685,323,10.738031914893616
Census Tract 124; New York County; New York,New York,4910,449,9.144602851323828,157375.0,9788,7357,2431,24.836534532080098
Census Tract 125; New York County; New York,New York,1511,149,9.86101919258769,136865.0,2635,1209,1426,54.11764705882353
Census Tract 126.01; New York County; New York,New York,3860,349,9.041450777202073,118758.0,7288,5724,1564,21.45993413830955
Census Tract 126.02; New York County; New York,New York,2385,559,23.438155136268342,217106.0,4550,4010,540,11.868131868131867
Census Tract 127; New York County; New York,New York,4254,656,15.420780441937001,145545.0,6786,4521,2265,33.37754199823165
Census Tract 128; New York County; New York,New York,2382,421,17.67422334172964,189583.0,4914,4250,664,13.512413512413513
Census Tract 129.01; New York County; New York,New York,4544,396,8.714788732394366,120911.0,7091,3669,3422,48.258355662106894
Census Tract 129.02; New York County; New York,New York,1333,231,17.329332333083272,102684.0,2647,1053,1594,60.21911598035512
Census Tract 130; New York County; New York,New York,1642,199,12.119366626065773,169674.0,3272,2690,582,17.78728606356968
Census Tract 131; New York County; New York,New York,2123,227,10.692416391898258,109764.0,3235,1673,1562,48.28438948995363
Census Tract 132.01; New York County; New York,New York,1240,259,20.887096774193548,146250.0,2316,1845,471,20.33678756476684
Census Tract 132.02; New York County; New York,New York,2220,193,8.693693693693694,93333.0,3649,3124,525,14.387503425596055
Census Tract 132.03; New York County; New York,New York,2425,332,13.690721649484535,117741.0,4291,3740,551,12.840829643439758
Census Tract 133; New York County; New York,New York,3960,247,6.237373737373737,151250.0,6510,3893,2617,40.19969278033794
Census Tract 134; New York County; New York,New York,5596,652,11.651179413867048,128580.0,10647,9229,1418,13.318305625997933
Census Tract 135.01; New York County; New York,New York,2675,211,7.88785046728972,84129.0,5154,2147,3007,58.3430345362825
Census Tract 135.02; New York County; New York,New York,3499,168,4.801371820520148,97942.0,5828,2742,3086,52.9512697323267
Census Tract 136.01; New York County; New York,New York,952,118,12.394957983193278,250001.0,1711,1546,165,9.643483343074227
Census Tract 136.02; New York County; New York,New York,2697,454,16.833518724508714,164093.0,6244,5305,939,15.038436899423447
Census Tract 136.03; New York County; New York,New York,2592,404,15.58641975308642,153977.0,4426,3901,525,11.861726163578853
Census Tract 136.04; New York County; New York,New York,2388,460,19.262981574539364,160556.0,3488,3008,480,13.761467889908257
Census Tract 137; New York County; New York,New York,3491,405,11.60126038384417,165600.0,6352,4330,2022,31.83249370277078
Census Tract 138; New York County; New York,New York,6500,1489,22.907692307692308,152500.0,11868,9741,2127,17.922143579373103
Census Tract 139; New York County; New York,New York,6383,1424,22.30925896913677,106915.0,9316,6771,2545,27.31859167024474
Census Tract 140; New York County; New York,New York,3873,814,21.01729925122644,215987.0,7932,6850,1082,13.640948058497226
Census Tract 142; New York County; New York,New York,1911,178,9.314495028780744,250001.0,4092,3324,768,18.7683284457478
Census Tract 143; New York County; New York,New York,0,0,,,0,0,0,
Census Tract 144.01; New York County; New York,New York,2500,611,24.44,201585.0,4718,3963,755,16.002543450614667
Census Tract 144.02; New York County; New York,New York,3730,521,13.967828418230562,156389.0,7257,5263,1994,27.476918836984982
Census Tract 145; New York County; New York,New York,3203,160,4.995316890415236,202780.0,6857,4143,2714,39.5799912498177
Census Tract 146.01; New York County; New York,New York,2265,197,8.697571743929359,145189.0,3621,2712,909,25.103562551781277
Census Tract 146.02; New York County; New York,New York,5037,807,16.021441334127456,136671.0,8543,7080,1463,17.12513168676109
Census Tract 147; New York County; New York,New York,1419,9,0.6342494714587738,224554.0,3044,1378,1666,54.73061760840998
Census Tract 148.01; New York County; New York,New York,1248,216,17.307692307692307,199167.0,2858,2331,527,18.439468159552135
Census Tract 148.02; New York County; New York,New York,3234,652,20.16079158936302,171442.0,6377,4544,1833,28.743923474988236
Census Tract 149; New York County; New York,New York,2880,337,11.70138888888889,179732.0,5873,3992,1881,32.02792439979568
Census Tract 150.01; New York County; New York,New York,1011,230,22.74975272007913,172788.0,2018,1850,168,8.325074331020813
Census Tract 150.02; New York County; New York,New York,2182,575,26.35197066911091,235643.0,4558,3739,819,17.968407196138656
Census Tract 151.01; New York County; New York,New York,1482,100,6.747638326585695,,2860,209,2651,92.6923076923077
Census Tract 151.02; New York County; New York,New York,4556,133,2.919227392449517,174659.0,8963,3882,5081,56.68860872475734
Census Tract 152; New York County; New York,New York,3665,517,14.106412005457026,147285.0,8240,3966,4274,51.86893203883495
Census Tract 153.01; New York County; New York,New York,2411,1038,43.05267523849025,181813.0,4698,3233,1465,31.18348233290762
Census Tract 153.02; New York County; New York,New York,3052,781,25.589777195281783,151935.0,5570,4268,1302,23.375224416517057
Census Tract 154.01; New York County; New York,New York,3219,294,9.133271202236719,118167.0,4986,4289,697,13.979141596470116
Census Tract 154.02; New York County; New York,New York,1540,76,4.935064935064935,173737.0,3841,2335,1506,39.20853944285342
Census Tract 154.03; New York County; New York,New York,2594,218,8.404009252120277,126472.0,5015,3728,1287,25.663010967098703
Census Tract 155.01; New York County; New York,New York,2982,676,22.66934942991281,193056.0,5057,3773,1284,25.39054775558632
Census Tract 155.02; New York County; New York,New York,2887,390,13.508832698302736,152337.0,5475,3713,1762,32.182648401826484
Census Tract 156.01; New York County; New York,New York,2677,168,6.275681733283527,108368.0,4992,3338,1654,33.13301282051282
Census Tract 156.02; New York County; New York,New York,1089,70,6.42791551882461,58125.0,2139,662,1477,69.05095839177186
Census Tract 157; New York County; New York,New York,6425,1613,25.105058365758754,161886.0,10613,8491,2122,19.994346556110433
Census Tract 158.01; New York County; New York,New York,2657,541,20.361309747835904,180264.0,5384,4038,1346,25.0
Census Tract 158.02; New York County; New York,New York,2079,171,8.225108225108226,93537.0,4397,2389,2008,45.66750056856948
Census Tract 159; New York County; New York,New York,5164,1569,30.383423702556158,170824.0,9202,7111,2091,22.723321017170182
Census Tract 160.01; New York County; New York,New York,1401,517,36.902212705210566,250001.0,3029,2667,362,11.9511389897656
Census Tract 160.02; New York County; New York,New York,1190,222,18.65546218487395,109762.0,3133,1682,1451,46.31343759974465
Census Tract 161; New York County; New York,New York,3907,1223,31.302789864346046,152782.0,6177,4950,1227,19.86401165614376
Census Tract 162; New York County; New York,New York,4617,480,10.396361273554255,22923.0,8862,1253,7609,85.86097946287519
Census Tract 163; New York County; New York,New York,3384,1270,37.52955082742317,122500.0,7013,5580,1433,20.433480678739485
Census Tract 164; New York County; New York,New York,3316,349,10.524728588661038,29000.0,7850,1240,6610,84.20382165605096
Census Tract 165; New York County; New York,New York,3270,646,19.755351681957187,222391.0,7253,5954,1299,17.909830415000688
Census Tract 166; New York County; New York,New York,2898,333,11.490683229813664,60778.0,6011,1742,4269,71.01979703876226
Census Tract 167; New York County; New York,New York,3231,758,23.460229031259672,249141.0,7504,6522,982,13.086353944562902
Census Tract 168; New York County; New York,New York,1822,162,8.89132821075741,33952.0,4755,1275,3480,73.18611987381703
Census Tract 169; New York County; New York,New York,4369,1099,25.15449759670405,175647.0,8202,6861,1341,16.349670811997076
Census Tract 170; New York County; New York,New York,3352,312,9.307875894988067,48082.0,8746,1835,6911,79.01898010519093
Census Tract 171; New York County; New York,New York,4073,1205,29.58507242818561,167801.0,8327,7094,1233,14.80725351266963
Census Tract 172; New York County; New York,New York,2299,147,6.394084384515007,30507.0,4967,738,4229,85.14193678276627
Census Tract 173; New York County; New York,New York,4361,912,20.91263471680807,157896.0,8764,7085,1679,19.157918758557734
Census Tract 174.01; New York County; New York,New York,2130,215,10.093896713615024,39950.0,5218,923,4295,82.31123035645841
Census Tract 174.02; New York County; New York,New York,1082,0,0.0,71435.0,2529,680,1849,73.11190193752472
Census Tract 175; New York County; New York,New York,4450,1440,32.359550561797754,184375.0,10151,7158,2993,29.484779824647816
Census Tract 177; New York County; New York,New York,4471,733,16.394542607917693,117398.0,9586,6153,3433,35.81264343834759
Census Tract 178; New York County; New York,New York,1876,225,11.99360341151386,55076.0,4050,1446,2604,64.29629629629629
Census Tract 179; New York County; New York,New York,4174,1178,28.222328701485385,132808.0,9319,7059,2260,24.251529134027255
Census Tract 180; New York County; New York,New York,2943,234,7.951070336391437,28413.0,6621,1321,5300,80.04833106781453
Census Tract 181; New York County; New York,New York,4256,884,20.770676691729324,120703.0,8339,5592,2747,32.94159971219571
Census Tract 182; New York County; New York,New York,3088,308,9.974093264248705,37257.0,7175,1027,6148,85.68641114982579
Census Tract 183; New York County; New York,New York,3751,1212,32.311383631031724,150462.0,8493,5555,2938,34.59319439538444
Census Tract 184; New York County; New York,New York,3351,167,4.983586988958519,39365.0,7818,1246,6572,84.06242005628037
Census Tract 185; New York County; New York,New York,2753,395,14.347984017435525,145511.0,4950,3181,1769,35.73737373737374
Census Tract 186; New York County; New York,New York,2003,531,26.510234648027957,51832.0,6009,470,5539,92.17839906806456
Census Tract 187; New York County; New York,New York,3957,1185,29.946929492039427,140838.0,10321,6379,3942,38.19397345218486
Census Tract 188; New York County; New York,New York,2394,361,15.079365079365079,40572.0,5071,723,4348,85.74245710905147
Census Tract 189; New York County; New York,New York,4641,842,18.142641672053436,37210.0,10371,3321,7050,67.97801562048018
Census Tract 190; New York County; New York,New York,1723,86,4.991294254207777,87708.0,3849,967,2882,74.8765913224214
Census Tract 191; New York County; New York,New York,4258,1184,27.806481916392674,141698.0,8670,6089,2581,29.769319492502884
Census Tract 192; New York County; New York,New York,1653,602,36.41863278886872,19441.0,4365,523,3842,88.01832760595647
Census Tract 193; New York County; New York,New York,4136,513,12.403288201160542,76250.0,9652,3548,6104,63.240779113137165
Census Tract 194; New York County; New York,New York,2782,440,15.815959741193385,38418.0,6487,1448,5039,77.67843379065825
Census Tract 195; New York County; New York,New York,3214,944,29.37149968886123,119547.0,7457,4277,3180,42.64449510527022
Census Tract 196; New York County; New York,New York,1845,189,10.24390243902439,24665.0,4067,748,3319,81.60806491271208
Census Tract 197.01; New York County; New York,New York,527,10,1.8975332068311195,60398.0,999,388,611,61.16116116116116
Census Tract 197.02; New York County; New York,New York,1160,208,17.93103448275862,101667.0,2660,841,1819,68.38345864661655
Census Tract 198; New York County; New York,New York,975,100,10.256410256410255,98347.0,2534,624,1910,75.37490134175216
Census Tract 199; New York County; New York,New York,3224,678,21.029776674937963,103636.0,9013,5673,3340,37.0575834905137
Census Tract 200; New York County; New York,New York,1578,320,20.278833967046893,65064.0,2954,1420,1534,51.929587000677046
Census Tract 201.01; New York County; New York,New York,315,69,21.904761904761905,153826.0,1976,1117,859,43.47165991902834
Census Tract 201.02; New York County; New York,New York,1656,142,8.57487922705314,78235.0,4045,1203,2842,70.25957972805934
Census Tract 203; New York County; New York,New York,448,156,34.82142857142857,65806.0,3930,1687,2243,57.07379134860051
Census Tract 205; New York County; New York,New York,1230,372,30.24390243902439,208500.0,5606,3625,1981,35.3371387798787
Census Tract 206; New York County; New York,New York,1688,226,13.38862559241706,51100.0,3411,917,2494,73.11638815596599
Census Tract 207.01; New York County; New York,New York,1082,70,6.469500924214418,82778.0,2856,1291,1565,54.79691876750701
Census Tract 208; New York County; New York,New York,2256,132,5.851063829787234,76513.0,5573,1767,3806,68.2935582271667
Census Tract 209.01; New York County; New York,New York,1423,263,18.48208011243851,28015.0,3382,148,3234,95.62389118864577
Census Tract 210; New York County; New York,New York,3368,202,5.997624703087886,46942.0,6324,479,5845,92.42567994939913
Census Tract 211; New York County; New York,New York,4345,875,20.13808975834292,79522.0,10222,4260,5962,58.32518098219527
Census Tract 212; New York County; New York,New York,2640,137,5.1893939393939394,80909.0,4905,648,4257,86.78899082568807
Census Tract 213.03; New York County; New York,New York,2385,621,26.037735849056602,55466.0,6381,1615,4766,74.6904873844225
Census Tract 214; New York County; New York,New York,2126,158,7.431796801505174,59615.0,2902,413,2489,85.7684355616816
Census Tract 215; New York County; New York,New York,1796,124,6.904231625835189,66667.0,4054,736,3318,81.84509126788357
Census Tract 216; New York County; New York,New York,3278,763,23.276388041488712,71833.0,9151,2299,6852,74.87706261610752
Census Tract 217.03; New York County; New York,New York,0,0,,,211,97,114,54.02843601895735
Census Tract 218; New York County; New York,New York,3041,373,12.265702071686944,41902.0,5931,1840,4091,68.9765638172315
Census Tract 219; New York County; New York,New York,1971,497,25.2156265854896,20912.0,5400,782,4618,85.51851851851852
Census Tract 220; New York County; New York,New York,2958,206,6.964164976335361,89896.0,6102,2005,4097,67.1419206817437
Census Tract 221.02; New York County; New York,New York,1160,260,22.413793103448278,72083.0,2365,745,1620,68.49894291754757
Census Tract 222; New York County; New York,New York,1536,108,7.03125,82438.0,3501,1112,2389,68.23764638674665
Census Tract 223.01; New York County; New York,New York,2614,544,20.811017597551647,49410.0,7270,1659,5611,77.18019257221458
Census Tract 223.02; New York County; New York,New York,1341,160,11.931394481730052,39004.0,2998,588,2410,80.38692461641094
Census Tract 224; New York County; New York,New York,2812,703,25.0,27551.0,6931,574,6357,91.71836675804357
Census Tract 225; New York County; New York,New York,3845,1218,31.677503250975292,58015.0,10605,2176,8429,79.48137670909948
Census Tract 226; New York County; New York,New York,2015,443,21.98511166253102,61521.0,5052,1049,4003,79.23594615993666
Census Tract 227; New York County; New York,New York,2252,977,43.383658969804614,70120.0,5694,1188,4506,79.13593256059009
Census Tract 228; New York County; New York,New York,2911,355,12.195121951219512,74614.0,6548,888,5660,86.43860720830789
Census Tract 229; New York County; New York,New York,2979,1360,45.65290365894595,59145.0,8471,1450,7021,82.88277653169638
Census Tract 230; New York County; New York,New York,3888,899,23.122427983539097,38636.0,9357,631,8726,93.25638559367319
Census Tract 231; New York County; New York,New York,2589,800,30.899961375048278,67175.0,6824,1190,5634,82.56154747948418
Census Tract 232; New York County; New York,New York,3484,849,24.36854190585534,29571.0,9279,1275,8004,86.25929518267054
Census Tract 233; New York County; New York,New York,2645,960,36.29489603024575,83232.0,7181,2071,5110,71.16000557025484
Census Tract 234; New York County; New York,New York,2446,398,16.271463614063777,72423.0,5244,817,4427,84.42028985507247
Census Tract 235.01; New York County; New York,New York,2692,732,27.191679049034175,80337.0,7177,1264,5913,82.38818447819423
Census Tract 235.02; New York County; New York,New York,817,201,24.60220318237454,44799.0,1872,147,1725,92.1474358974359
Census Tract 236; New York County; New York,New York,4240,565,13.325471698113208,42692.0,10061,398,9663,96.04413080210715
Census Tract 237; New York County; New York,New York,2566,1033,40.25720966484801,60116.0,6578,1565,5013,76.208574034661
Census Tract 238.02; New York County; New York,New York,1984,0,0.0,115000.0,5094,1870,3224,63.29014526894385
Census Tract 238.03; New York County; New York,New York,1630,39,2.392638036809816,73750.0,3514,1645,1869,53.18725099601593
Census Tract 238.04; New York County; New York,New York,1532,62,4.046997389033943,189327.0,3390,1548,1842,54.336283185840706
Census Tract 239; New York County; New York,New York,1216,261,21.463815789473685,46458.0,2992,664,2328,77.80748663101605
Census Tract 240; New York County; New York,New York,0,0,,,2366,461,1905,80.51563820794591
Census Tract 241; New York County; New York,New York,3264,882,27.02205882352941,61484.0,8068,1318,6750,83.66385721368368
Census Tract 242; New York County; New York,New York,1918,97,5.0573514077163715,38235.0,5603,554,5049,90.11243976441192
Census Tract 243.01; New York County; New York,New York,1586,241,15.195460277427491,71706.0,4596,1024,3572,77.71975630983464
Census Tract 243.02; New York County; New York,New York,2648,378,14.274924471299094,22973.0,7234,659,6575,90.89024053082665
Census Tract 245; New York County; New York,New York,5363,1113,20.753309714711914,50184.0,13985,2655,11330,81.01537361458706
Census Tract 247; New York County; New York,New York,2672,523,19.573353293413174,,6135,1384,4751,77.44091279543602
Census Tract 249; New York County; New York,New York,443,40,9.029345372460497,76563.0,1061,227,834,78.60508953817154
Census Tract 251; New York County; New York,New York,848,113,13.325471698113208,39115.0,2698,550,2148,79.61452928094886
Census Tract 253; New York County; New York,New York,4072,839,20.604125736738705,70266.0,10195,2509,7686,75.38989700833743
Census Tract 255; New York County; New York,New York,1801,563,31.260410882842866,93149.0,5474,1837,3637,66.4413591523566
Census Tract 257; New York County; New York,New York,2085,532,25.51558752997602,90792.0,4601,1767,2834,61.59530536839818
Census Tract 259; New York County; New York,New York,1801,175,9.71682398667407,75406.0,4713,1297,3416,72.48037343517929
Census Tract 261; New York County; New York,New York,3698,352,9.518658734451055,47837.0,11613,1411,10202,87.84982347369328
Census Tract 263; New York County; New York,New York,2810,476,16.939501779359432,58184.0,7997,1399,6598,82.50593972739777
Census Tract 265; New York County; New York,New York,2959,973,32.88273065224738,91589.0,8036,2917,5119,63.70084619213539
Census Tract 267; New York County; New York,New York,563,78,13.854351687388988,71719.0,2053,1158,895,43.59473940574768
Census Tract 269; New York County; New York,New York,2428,444,18.28665568369028,66208.0,7676,1659,6017,78.38718082334549
Census Tract 271; New York County; New York,New York,3066,670,21.852576647097194,77021.0,7583,2455,5128,67.62495054727681
Census Tract 273; New York County; New York,New York,3174,1034,32.577189666036546,119902.0,7317,5543,1774,24.244909115757824
Census Tract 275; New York County; New York,New York,1762,537,30.476730987514188,167955.0,3089,2166,923,29.880220135966333
Census Tract 277; New York County; New York,New York,2056,369,17.94747081712062,55585.0,6698,717,5981,89.29531203344283
Census Tract 279; New York County; New York,New York,4313,1132,26.246232320890332,64509.0,10035,3072,6963,69.38714499252616
Census Tract 281; New York County; New York,New York,1522,386,25.36136662286465,119063.0,3222,2201,1021,31.688392302917446
Census Tract 283; New York County; New York,New York,3278,1000,30.506406345332522,72444.0,8132,1989,6143,75.54107230693556
Census Tract 285; New York County; New York,New York,2479,854,34.44937474788221,47846.0,7712,758,6954,90.17116182572614
Census Tract 287; New York County; New York,New York,1678,465,27.711561382598333,88138.0,4001,1828,2173,54.31142214446388
Census Tract 291; New York County; New York,New York,4033,837,20.75378130424002,58731.0,10831,1663,9168,84.64592373742038
Census Tract 293; New York County; New York,New York,2911,893,30.676743387152182,46227.0,8677,930,7747,89.28200991125965
Census Tract 295; New York County; New York,New York,3309,720,21.758839528558475,75938.0,7542,2660,4882,64.73084062582869
Census Tract 297; New York County; New York,New York,0,0,,,14,8,6,42.857142857142854
Census Tract 299; New York County; New York,New York,1409,195,13.83960255500355,42607.0,3430,555,2875,83.8192419825073
Census Tract 303; New York County; New York,New York,1725,545,31.594202898550726,96414.0,3823,1437,2386,62.41171854564478
Census Tract 307; New York County; New York,New York,1821,929,51.01592531576057,120114.0,3906,2577,1329,34.024577572964674
Census Tract 309; New York County; New York,New York,3585,494,13.779637377963738,44217.0,10529,1739,8790,83.48371165352835
Census Tract 311; New York County; New York,New York,0,0,,,0,0,0,
Census Tract 317.03; New York County; New York,New York,2584,43,1.6640866873065017,250001.0,5960,4207,1753,29.41275167785235
Census Tract 317.04; New York County; New York,New York,4725,299,6.328042328042328,242705.0,10147,6217,3930,38.730659308169905
Census Tract 319; New York County; New York,New York,0,0,,,0,0,0,
Census Tract 1.01; Queens County; New York,Queens,2327,262,11.25913192952299,128641.0,4600,2121,2479,53.891304347826086
Census Tract 1.02; Queens County; New York,Queens,3008,40,1.3297872340425532,213452.0,6324,4125,2199,34.77229601518027
Census Tract 1.03; Queens County; New York,Queens,17,0,0.0,,31,17,14,45.16129032258064
Census Tract 1.04; Queens County; New York,Queens,22,0,0.0,,303,85,218,71.94719471947195
Census Tract 2; Queens County; New York,Queens,853,21,2.4618991793669402,74509.0,2344,423,1921,81.95392491467577
Census Tract 4; Queens County; New York,Queens,1146,68,5.93368237347295,81326.0,4684,568,4116,87.8736122971819
Census Tract 6; Queens County; New York,Queens,1043,63,6.0402684563758395,104958.0,3888,600,3288,84.5679012345679
Census Tract 7.01; Queens County; New York,Queens,1521,54,3.5502958579881656,136827.0,3559,1696,1863,52.346164652992414
Census Tract 7.02; Queens County; New York,Queens,1832,224,12.22707423580786,122125.0,4131,2272,1859,45.00121036068748
Census Tract 8; Queens County; New York,Queens,1049,115,10.9628217349857,112708.0,3617,840,2777,76.77633397843516
Census Tract 10; Queens County; New York,Queens,1142,77,6.742556917688266,95476.0,4899,807,4092,83.5272504592774
Census Tract 12; Queens County; New York,Queens,1235,115,9.31174089068826,84656.0,4596,731,3865,84.09486510008703
Census Tract 14; Queens County; New York,Queens,1144,203,17.744755244755243,84063.0,3966,1191,2775,69.9697428139183
Census Tract 16; Queens County; New York,Queens,727,42,5.777166437414031,75028.0,2501,357,2144,85.72570971611356
Census Tract 18; Queens County; New York,Queens,900,59,6.555555555555556,88409.0,2865,640,2225,77.66143106457243
Census Tract 19.01; Queens County; New York,Queens,945,0,0.0,201425.0,1974,799,1175,59.523809523809526
Census Tract 19.02; Queens County; New York,Queens,3650,0,0.0,153000.0,6099,2284,3815,62.55123790785375
Census Tract 19.03; Queens County; New York,Queens,768,30,3.90625,144531.0,1409,653,756,53.65507452093683
Census Tract 20; Queens County; New York,Queens,442,11,2.48868778280543,115000.0,1609,281,1328,82.53573648228713
Census Tract 22; Queens County; New York,Queens,671,98,14.605067064083457,81219.0,2324,687,1637,70.43889845094664
Census Tract 24; Queens County; New York,Queens,653,48,7.3506891271056665,74489.0,2185,382,1803,82.51716247139588
Census Tract 25; Queens County; New York,Queens,3221,83,2.5768394908413534,26511.0,6032,689,5343,88.57758620689656
Census Tract 26; Queens County; New York,Queens,681,41,6.020558002936858,130089.0,2218,418,1800,81.1541929666366
Census Tract 28; Queens County; New York,Queens,1105,39,3.5294117647058822,90914.0,3160,355,2805,88.76582278481013
Census Tract 30; Queens County; New York,Queens,426,6,1.4084507042253522,93981.0,1497,638,859,57.38142952571811
Census Tract 31; Queens County; New York,Queens,835,100,11.976047904191617,109926.0,1663,642,1021,61.395069152134695
Census Tract 32; Queens County; New York,Queens,550,39,7.090909090909091,120000.0,1835,355,1480,80.65395095367847
Census Tract 33.01; Queens County; New York,Queens,1774,13,0.7328072153325818,173910.0,3303,1408,1895,57.372085982440204
Census Tract 33.02; Queens County; New York,Queens,426,53,12.44131455399061,57949.0,918,244,674,73.42047930283225
Census Tract 34; Queens County; New York,Queens,720,30,4.166666666666666,82143.0,2600,513,2087,80.26923076923077
Census Tract 36; Queens County; New York,Queens,1136,23,2.024647887323944,85508.0,3448,559,2889,83.7877030162413
Census Tract 37; Queens County; New York,Queens,0,0,,,0,0,0,
Census Tract 38; Queens County; New York,Queens,652,13,1.9938650306748467,98125.0,2255,532,1723,76.4079822616408
Census Tract 39; Queens County; New York,Queens,541,35,6.469500924214418,56201.0,1474,455,1019,69.13161465400272
Census Tract 40.01; Queens County; New York,Queens,674,62,9.198813056379821,84630.0,2152,631,1521,70.67843866171005
Census Tract 40.02; Queens County; New York,Queens,528,153,28.97727272727273,47150.0,1654,194,1460,88.27085852478838
Census Tract 42; Queens County; New York,Queens,1051,102,9.705042816365367,81806.0,4414,459,3955,89.60126869053013
Census Tract 43; Queens County; New York,Queens,966,51,5.279503105590062,26203.0,1912,203,1709,89.38284518828452
Census Tract 44.01; Queens County; New York,Queens,1134,84,7.4074074074074066,81071.0,3595,389,3206,89.17941585535466
Census Tract 45; Queens County; New York,Queens,1532,326,21.279373368146214,91111.0,2750,1754,996,36.21818181818182
Census Tract 47; Queens County; New York,Queens,1834,85,4.634678298800436,59125.0,4254,1391,2863,67.30136342266103
Census Tract 50; Queens County; New York,Queens,0,0,,,0,0,0,
Census Tract 51; Queens County; New York,Queens,797,70,8.782936010037641,87250.0,2262,542,1720,76.03890362511052
Census Tract 52; Queens County; New York,Queens,708,86,12.146892655367232,81912.0,2671,408,2263,84.72482216398353
Census Tract 53; Queens County; New York,Queens,2537,609,24.004729996058334,112438.0,5509,2871,2638,47.88527863496097
Census Tract 54; Queens County; New York,Queens,1784,159,8.912556053811658,80464.0,5363,1433,3930,73.27988066380757
Census Tract 55; Queens County; New York,Queens,552,34,6.159420289855073,95833.0,1375,587,788,57.30909090909091
Census Tract 57; Queens County; New York,Queens,1752,337,19.2351598173516,112273.0,4077,2233,1844,45.22933529556046
Census Tract 58; Queens County; New York,Queens,1905,55,2.8871391076115485,89354.0,6012,1978,4034,67.09913506320692
Census Tract 59; Queens County; New York,Queens,1786,323,18.085106382978726,87414.0,4123,2095,2028,49.187484841135095
Census Tract 61; Queens County; New York,Queens,2672,608,22.75449101796407,121711.0,5186,3201,1985,38.27612803702276
Census Tract 62.01; Queens County; New York,Queens,3136,308,9.821428571428571,67394.0,6134,3038,3096,50.47277469840235
Census Tract 62.02; Queens County; New York,Queens,2312,253,10.942906574394463,83278.0,6830,3056,3774,55.25622254758419
Census Tract 63; Queens County; New York,Queens,2885,339,11.750433275563259,126799.0,6052,3700,2352,38.863185723727696
Census Tract 65.01; Queens County; New York,Queens,1597,348,21.790857858484657,94926.0,3059,1398,1661,54.29879045439686
Census Tract 65.02; Queens County; New York,Queens,1766,143,8.097395243488108,89697.0,3853,2625,1228,31.871269140929147
Census Tract 69; Queens County; New York,Queens,2053,116,5.65026790063322,121090.0,4531,2654,1877,41.42573383359082
Census Tract 71; Queens County; New York,Queens,1718,108,6.286379511059372,89167.0,3298,1648,1650,50.03032140691328
Census Tract 73; Queens County; New York,Queens,2020,337,16.683168316831683,95714.0,3594,1879,1715,47.71841958820256
Census Tract 75; Queens County; New York,Queens,2488,548,22.02572347266881,76490.0,4619,2256,2363,51.158259363498594
Census Tract 77; Queens County; New York,Queens,905,76,8.397790055248619,135903.0,1935,1083,852,44.031007751937985
Census Tract 79; Queens County; New York,Queens,1266,74,5.845181674565561,121667.0,2683,920,1763,65.71002609019754
Census Tract 81; Queens County; New York,Queens,616,33,5.357142857142857,117350.0,1301,726,575,44.1967717140661
Census Tract 83; Queens County; New York,Queens,906,36,3.9735099337748347,98676.0,2534,815,1719,67.83741120757696
Census Tract 85; Queens County; New York,Queens,432,65,15.046296296296296,75625.0,1554,595,959,61.711711711711715
Census Tract 86; Queens County; New York,Queens,979,121,12.359550561797752,72205.0,3068,1031,2037,66.39504563233378
Census Tract 87; Queens County; New York,Queens,1521,39,2.564102564102564,25293.0,3299,860,2439,73.93149439224007
Census Tract 88; Queens County; New York,Queens,1184,38,3.209459459459459,119656.0,3624,1550,2074,57.22958057395143
Census Tract 91; Queens County; New York,Queens,922,83,9.002169197396963,102256.0,1790,1046,744,41.564245810055866
Census Tract 94; Queens County; New York,Queens,771,140,18.15823605706874,72130.0,2874,304,2570,89.42240779401531
Census Tract 95; Queens County; New York,Queens,832,131,15.745192307692307,121458.0,2057,1617,440,21.390374331550802
Census Tract 96; Queens County; New York,Queens,1010,98,9.702970297029703,121042.0,3308,168,3140,94.92140266021765
Census Tract 97; Queens County; New York,Queens,1559,217,13.919178960872355,118433.0,3820,2814,1006,26.335078534031414
Census Tract 98; Queens County; New York,Queens,703,11,1.5647226173541962,81027.0,2358,119,2239,94.95335029686174
Census Tract 99; Queens County; New York,Queens,0,0,,,0,0,0,
Census Tract 100; Queens County; New York,Queens,946,171,18.07610993657505,112798.0,3184,558,2626,82.4748743718593
Census Tract 101; Queens County; New York,Queens,1059,111,10.48158640226629,116477.0,2611,1857,754,28.877824588280355
Census Tract 102; Queens County; New York,Queens,854,118,13.817330210772832,104201.0,2837,106,2731,96.26365879450124
Census Tract 103; Queens County; New York,Queens,1816,365,20.099118942731277,83500.0,4288,2695,1593,37.15018656716418
Census Tract 104; Queens County; New York,Queens,1033,72,6.9699903194578905,84275.0,3455,443,3012,87.17800289435601
Census Tract 105; Queens County; New York,Queens,1885,273,14.482758620689657,82730.0,4930,2481,2449,49.675456389452336
Census Tract 106; Queens County; New York,Queens,989,159,16.076845298281093,112583.0,2998,142,2856,95.263509006004
Census Tract 107.01; Queens County; New York,Queens,0,0,,,0,0,0,
Census Tract 108; Queens County; New York,Queens,748,104,13.903743315508022,105625.0,3255,123,3132,96.22119815668204
Census Tract 110; Queens County; New York,Queens,775,30,3.870967741935484,80388.0,2951,279,2672,90.54557777024738
Census Tract 111; Queens County; New York,Queens,1338,185,13.82660687593423,96500.0,2995,1977,1018,33.98998330550918
Census Tract 112; Queens County; New York,Queens,857,80,9.334889148191365,67444.0,2505,499,2006,80.07984031936127
Census Tract 113; Queens County; New York,Queens,1944,264,13.580246913580247,86285.0,4627,2720,1907,41.2146098984223
Census Tract 114; Queens County; New York,Queens,397,23,5.793450881612091,127917.0,2368,217,2151,90.83614864864865
Census Tract 115; Queens County; New York,Queens,1035,171,16.52173913043478,110729.0,2369,1571,798,33.68509919797383
Census Tract 116; Queens County; New York,Queens,629,92,14.626391096979333,75438.0,2069,465,1604,77.52537457709037
Census Tract 117; Queens County; New York,Queens,1638,298,18.192918192918192,139000.0,4268,2645,1623,38.02717900656045
Census Tract 118; Queens County; New York,Queens,923,15,1.6251354279523293,84109.0,2551,288,2263,88.71030968247746
Census Tract 119; Queens County; New York,Queens,715,118,16.503496503496503,80417.0,1648,936,712,43.203883495145625
Census Tract 120; Queens County; New York,Queens,658,8,1.21580547112462,79342.0,2453,65,2388,97.35018344883815
Census Tract 121; Queens County; New York,Queens,844,253,29.976303317535546,100000.0,2013,1582,431,21.41082960755092
Census Tract 122; Queens County; New York,Queens,713,68,9.537166900420758,98107.0,2894,582,2312,79.88942639944713
Census Tract 123.01; Queens County; New York,Queens,1289,143,11.093871217998448,109250.0,3063,2241,822,26.83643486777669
Census Tract 124; Queens County; New York,Queens,902,22,2.4390243902439024,86538.0,3139,284,2855,90.95253265371137
Census Tract 125; Queens County; New York,Queens,632,150,23.734177215189874,119074.0,1463,827,636,43.47231715652769
Census Tract 126.01; Queens County; New York,Queens,772,81,10.492227979274611,79097.0,2676,330,2346,87.66816143497758
Census Tract 126.02; Queens County; New York,Queens,744,48,6.451612903225806,82188.0,2413,424,1989,82.4285122254455
Census Tract 128; Queens County; New York,Queens,722,130,18.005540166204987,113068.0,2411,914,1497,62.09041891331398
Census Tract 130; Queens County; New York,Queens,697,48,6.886657101865136,72675.0,1862,941,921,49.462943071965626
Census Tract 132; Queens County; New York,Queens,681,103,15.12481644640235,83984.0,1996,816,1180,59.118236472945895
Census Tract 134; Queens County; New York,Queens,2401,427,17.784256559766764,83601.0,5778,2746,3032,52.474904811353404
Census Tract 135; Queens County; New York,Queens,491,36,7.3319755600814664,90694.0,1014,911,103,10.157790927021697
Census Tract 136; Queens County; New York,Queens,896,159,17.745535714285715,84848.0,2102,1078,1024,48.71550903901047
Census Tract 137; Queens County; New York,Queens,877,198,22.5769669327252,103603.0,1959,1481,478,24.400204185809084
Census Tract 138; Queens County; New York,Queens,1494,45,3.0120481927710845,83082.0,3923,1577,2346,59.80117257201122
Census Tract 140; Queens County; New York,Queens,1391,146,10.4960460100647,113347.0,4096,2487,1609,39.2822265625
Census Tract 141; Queens County; New York,Queens,768,111,14.453125,96731.0,1552,797,755,48.646907216494846
Census Tract 142.01; Queens County; New York,Queens,1552,135,8.698453608247423,63409.0,4549,614,3935,86.50252802813804
Census Tract 142.02; Queens County; New York,Queens,664,149,22.439759036144576,102627.0,2877,326,2551,88.66875217240181
Census Tract 143; Queens County; New York,Queens,1687,332,19.67990515708358,97582.0,3868,2220,1648,42.60599793174767
Census Tract 144; Queens County; New York,Queens,504,76,15.079365079365079,76795.0,1633,204,1429,87.50765462339253
Census Tract 145; Queens County; New York,Queens,1027,155,15.092502434274586,79135.0,2406,1464,942,39.15211970074813
Census Tract 147; Queens County; New York,Queens,1469,312,21.238938053097346,82485.0,3221,2008,1213,37.659112076994724
Census Tract 148; Queens County; New York,Queens,624,0,0.0,,1803,143,1660,92.06877426511369
Census Tract 149; Queens County; New York,Queens,1015,225,22.167487684729064,62740.0,2315,1386,929,40.12958963282937
Census Tract 150; Queens County; New York,Queens,580,24,4.137931034482759,98636.0,2462,56,2406,97.72542648253453
Census Tract 151; Queens County; New York,Queens,1252,250,19.968051118210862,78542.0,2706,1853,853,31.522542498152255
Census Tract 152; Queens County; New York,Queens,746,19,2.546916890080429,79626.0,2670,169,2501,93.67041198501873
Census Tract 153; Queens County; New York,Queens,835,146,17.485029940119762,85188.0,1834,1188,646,35.223555070883314
Census Tract 154; Queens County; New York,Queens,507,36,7.100591715976331,80469.0,2016,110,1906,94.54365079365078
Census Tract 155; Queens County; New York,Queens,806,70,8.6848635235732,105368.0,2015,1117,898,44.56575682382134
Census Tract 156; Queens County; New York,Queens,838,34,4.05727923627685,79539.0,3267,101,3166,96.90847872666055
Census Tract 157; Queens County; New York,Queens,857,70,8.168028004667445,70353.0,1786,696,1090,61.03023516237403
Census Tract 158.01; Queens County; New York,Queens,1049,36,3.4318398474737846,97047.0,3628,20,3608,99.44873208379272
Census Tract 158.02; Queens County; New York,Queens,1198,70,5.843071786310518,102838.0,5263,178,5085,96.6178985369561
Census Tract 159; Queens County; New York,Queens,1740,374,21.49425287356322,87067.0,3535,2244,1291,36.52050919377652
Census Tract 161; Queens County; New York,Queens,818,187,22.860635696821515,95066.0,2253,1278,975,43.275632490013315
Census Tract 163; Queens County; New York,Queens,1678,227,13.528009535160907,40402.0,3998,833,3165,79.16458229114556
Census Tract 164; Queens County; New York,Queens,910,5,0.5494505494505495,82273.0,3281,64,3217,98.04937519049071
Census Tract 166; Queens County; New York,Queens,1159,122,10.526315789473683,69889.0,4140,159,3981,96.15942028985506
Census Tract 168; Queens County; New York,Queens,863,59,6.836616454229433,110208.0,3148,236,2912,92.50317662007625
Census Tract 169; Queens County; New York,Queens,2596,336,12.942989214175654,93356.0,5387,2851,2536,47.07629478373863
Census Tract 170; Queens County; New York,Queens,657,46,7.00152207001522,103958.0,2527,67,2460,97.34863474475662
Census Tract 171.01; Queens County; New York,Queens,0,0,,,0,0,0,
Census Tract 171.02; Queens County; New York,Queens,4,0,0.0,,44,0,44,100.0
Census Tract 172; Queens County; New York,Queens,541,28,5.175600739371535,71012.0,1790,62,1728,96.53631284916202
Census Tract 174; Queens County; New York,Queens,716,42,5.865921787709497,125694.0,2804,116,2688,95.86305278174036
Census Tract 176; Queens County; New York,Queens,608,51,8.388157894736842,82266.0,2305,91,2214,96.05206073752711
Census Tract 178; Queens County; New York,Queens,607,11,1.8121911037891267,81298.0,2146,122,2024,94.31500465983224
Census Tract 179.01; Queens County; New York,Queens,485,97,20.0,69804.0,884,302,582,65.83710407239819
Census Tract 179.02; Queens County; New York,Queens,0,0,,,43,15,28,65.11627906976744
Census Tract 180; Queens County; New York,Queens,383,61,15.926892950391643,79539.0,1515,96,1419,93.66336633663367
Census Tract 181.01; Queens County; New York,Queens,1788,201,11.241610738255034,83817.0,3727,1491,2236,59.9946337536893
Census Tract 181.02; Queens County; New York,Queens,1770,295,16.666666666666664,87273.0,3679,1575,2104,57.18945365588475
Census Tract 182; Queens County; New York,Queens,734,48,6.539509536784741,95417.0,2811,119,2692,95.76663109213803
Census Tract 183; Queens County; New York,Queens,2397,180,7.509386733416772,78164.0,5459,2841,2618,47.957501373877996
Census Tract 184.01; Queens County; New York,Queens,716,56,7.82122905027933,57833.0,2048,0,2048,100.0
Census Tract 184.02; Queens County; New York,Queens,672,44,6.547619047619048,87021.0,2829,42,2787,98.5153764581124
Census Tract 185.01; Queens County; New York,Queens,1762,196,11.12372304199773,87500.0,3714,1926,1788,48.1421647819063
Census Tract 185.02; Queens County; New York,Queens,1590,248,15.59748427672956,120286.0,2981,1569,1412,47.36665548473666
Census Tract 186; Queens County; New York,Queens,563,22,3.9076376554174073,94750.0,1792,18,1774,98.99553571428571
Census Tract 187; Queens County; New York,Queens,1030,35,3.3980582524271843,95795.0,2968,776,2192,73.8544474393531
Census Tract 188; Queens County; New York,Queens,391,6,1.5345268542199488,97056.0,1302,2,1300,99.84639016897081
Census Tract 189; Queens County; New York,Queens,1268,124,9.779179810725552,91516.0,3111,647,2464,79.20282867245258
Census Tract 190; Queens County; New York,Queens,840,30,3.571428571428571,83636.0,2542,171,2371,93.27301337529505
Census Tract 192; Queens County; New York,Queens,662,16,2.416918429003021,102222.0,2133,174,1959,91.84247538677918
Census Tract 194; Queens County; New York,Queens,882,89,10.090702947845804,90000.0,2942,76,2866,97.41672331747111
Census Tract 196; Queens County; New York,Queens,877,33,3.762827822120866,94766.0,3532,0,3532,100.0
Census Tract 198; Queens County; New York,Queens,964,45,4.668049792531121,75682.0,2888,53,2835,98.16481994459834
Census Tract 199.01; Queens County; New York,Queens,115,17,14.782608695652174,,413,97,316,76.51331719128329
Census Tract 199.02; Queens County; New York,Queens,7,0,0.0,,116,21,95,81.89655172413794
Census Tract 199.03; Queens County; New York,Queens,0,0,,,0,0,0,
Census Tract 202; Queens County; New York,Queens,414,8,1.932367149758454,133409.0,1752,0,1752,100.0
Census Tract 204; Queens County; New York,Queens,692,52,7.514450867052023,63031.0,2006,58,1948,97.10867397806581
Census Tract 205; Queens County; New York,Queens,414,19,4.5893719806763285,74625.0,1419,426,993,69.97885835095138
Census Tract 206; Queens County; New York,Queens,412,33,8.009708737864079,56818.0,1424,93,1331,93.46910112359551
Census Tract 208; Queens County; New York,Queens,1225,59,4.816326530612245,60458.0,3974,741,3233,81.35379969803725
Census Tract 212; Queens County; New York,Queens,709,43,6.064880112834979,63702.0,2651,177,2474,93.32327423613731
Census Tract 214; Queens County; New York,Queens,2246,256,11.398040961709706,84304.0,5943,547,5396,90.79589432946324
Census Tract 216.01; Queens County; New York,Queens,1504,117,7.779255319148937,103958.0,2894,1416,1478,51.07118175535591
Census Tract 216.02; Queens County; New York,Queens,540,75,13.88888888888889,70296.0,1355,339,1016,74.98154981549816
Census Tract 216.03; Queens County; New York,Queens,0,0,,,0,0,0,
Census Tract 219; Queens County; New York,Queens,0,0,,,0,0,0,
Census Tract 220.01; Queens County; New York,Queens,2753,293,10.642934980021794,76336.0,6824,1899,4925,72.1717467760844
Census Tract 220.02; Queens County; New York,Queens,2745,358,13.041894353369763,105068.0,6860,2850,4010,58.454810495626816
Census Tract 229; Queens County; New York,Queens,0,0,,,0,0,0,
Census Tract 230; Queens County; New York,Queens,548,44,8.02919708029197,115403.0,1806,688,1118,61.904761904761905
Census Tract 232; Queens County; New York,Queens,1894,196,10.348468848996832,90250.0,5065,929,4136,81.65844027640671
Census Tract 235.01; Queens County; New York,Queens,1632,181,11.090686274509803,58279.0,3936,666,3270,83.07926829268293
Census Tract 235.02; Queens County; New York,Queens,1191,71,5.961376994122586,75958.0,2673,892,1781,66.6292555181444
Census Tract 236; Queens County; New York,Queens,1048,0,0.0,80707.0,3443,473,2970,86.26198083067092
Census Tract 238; Queens County; New York,Queens,1524,200,13.123359580052494,62500.0,4691,103,4588,97.80430611809848
Census Tract 240; Queens County; New York,Queens,2102,111,5.280685061845861,63333.0,7155,352,6803,95.08036338225018
Census Tract 243; Queens County; New York,Queens,2235,60,2.684563758389262,60243.0,5264,1448,3816,72.49240121580547
Census Tract 245; Queens County; New York,Queens,2166,277,12.788550323176363,66548.0,4997,2151,2846,56.9541725035021
Census Tract 246; Queens County; New York,Queens,0,0,,,0,0,0,
Census Tract 247; Queens County; New York,Queens,452,16,3.5398230088495577,60234.0,1416,169,1247,88.06497175141243
Census Tract 249; Queens County; New York,Queens,2144,124,5.7835820895522385,77815.0,5424,1707,3717,68.52876106194691
Census Tract 251; Queens County; New York,Queens,2526,267,10.570071258907364,92929.0,6018,2186,3832,63.6756397474244
Census Tract 253.01; Queens County; New York,Queens,1794,246,13.712374581939798,71371.0,3813,1670,2143,56.20246525045896
Census Tract 253.02; Queens County; New York,Queens,1210,127,10.49586776859504,64180.0,3184,1004,2180,68.46733668341709
Census Tract 254.01; Queens County; New York,Queens,972,18,1.8518518518518516,84550.0,4230,18,4212,99.57446808510639
Census Tract 254.02; Queens County; New York,Queens,2158,168,7.784986098239111,35952.0,5881,74,5807,98.7417105934365
Census Tract 255; Queens County; New York,Queens,496,69,13.911290322580644,98714.0,1685,615,1070,63.50148367952523
Census Tract 257; Queens County; New York,Queens,559,40,7.155635062611807,84561.0,1458,445,1013,69.47873799725652
Census Tract 258; Queens County; New York,Queens,560,48,8.571428571428571,104698.0,2560,21,2539,99.1796875
Census Tract 259; Queens County; New York,Queens,1356,125,9.218289085545722,72708.0,3109,877,2232,71.7915728530074
Census Tract 260; Queens County; New York,Queens,725,10,1.3793103448275863,61202.0,2809,0,2809,100.0
Census Tract 261; Queens County; New York,Queens,2397,211,8.802670004171882,81192.0,7466,1573,5893,78.93115456737209
Census Tract 262; Queens County; New York,Queens,441,7,1.5873015873015872,80197.0,1684,20,1664,98.812351543943
Census Tract 263; Queens County; New York,Queens,2180,171,7.844036697247707,86974.0,4953,856,4097,82.71754492226934
Census Tract 264; Queens County; New York,Queens,842,47,5.581947743467933,82500.0,2570,24,2546,99.06614785992218
Census Tract 265.01; Queens County; New York,Queens,1101,92,8.35603996366939,63520.0,2976,808,2168,72.84946236559139
Census Tract 265.02; Queens County; New York,Queens,414,0,0.0,71927.0,1354,351,1003,74.0768094534712
Census Tract 266; Queens County; New York,Queens,693,65,9.37950937950938,65288.0,1963,40,1923,97.96230259806418
Census Tract 267; Queens County; New York,Queens,2408,168,6.976744186046512,58077.0,4982,598,4384,87.99678843837816
Census Tract 269.01; Queens County; New York,Queens,1484,289,19.474393530997304,63971.0,4714,215,4499,95.43911752227407
Census Tract 269.02; Queens County; New York,Queens,1452,345,23.7603305785124,54111.0,4310,271,4039,93.7122969837587
Census Tract 270; Queens County; New York,Queens,493,6,1.2170385395537524,115613.0,2026,448,1578,77.88746298124383
Census Tract 271.01; Queens County; New York,Queens,1834,583,31.788440567066523,54460.0,5428,241,5187,95.56005895357406
Census Tract 271.02; Queens County; New York,Queens,973,284,29.18807810894142,69904.0,2726,182,2544,93.32355099046221
Census Tract 272; Queens County; New York,Queens,571,0,0.0,94464.0,1878,0,1878,100.0
Census Tract 273.01; Queens County; New York,Queens,861,104,12.07897793263647,67266.0,3004,638,2366,78.76165113182424
Census Tract 273.02; Queens County; New York,Queens,1446,373,25.795297372060862,71818.0,4169,989,3180,76.2772847205565
Census Tract 274; Queens County; New York,Queens,670,22,3.2835820895522385,65000.0,2060,27,2033,98.68932038834951
Census Tract 275; Queens County; New York,Queens,2356,442,18.760611205432937,65993.0,7128,1038,6090,85.43771043771044
Census Tract 276; Queens County; New York,Queens,398,43,10.804020100502512,,1515,36,1479,97.62376237623762
Census Tract 277.01; Queens County; New York,Queens,1240,390,31.451612903225808,63667.0,3789,1009,2780,73.37028239641066
Census Tract 277.02; Queens County; New York,Queens,1505,184,12.225913621262459,58984.0,3292,674,2618,79.52612393681653
Census Tract 278; Queens County; New York,Queens,890,121,13.595505617977526,55365.0,2520,95,2425,96.23015873015873
Census Tract 279; Queens County; New York,Queens,2413,473,19.60215499378367,83614.0,8605,2068,6537,75.96746077861708
Census Tract 280; Queens County; New York,Queens,565,35,6.1946902654867255,64803.0,1633,58,1575,96.4482547458665
Census Tract 281; Queens County; New York,Queens,2516,734,29.17329093799682,61699.0,6271,2614,3657,58.3160580449689
Census Tract 282; Queens County; New York,Queens,610,8,1.3114754098360655,80556.0,2022,59,1963,97.08209693372898
Census Tract 283; Queens County; New York,Queens,3289,729,22.16479173000912,83750.0,7443,2610,4833,64.9334945586457
Census Tract 284; Queens County; New York,Queens,1143,68,5.94925634295713,87682.0,3581,60,3521,98.3244903658196
Census Tract 285; Queens County; New York,Queens,2236,514,22.98747763864043,120758.0,5266,2753,2513,47.72123053551082
Census Tract 287; Queens County; New York,Queens,3047,1022,33.54118805382343,80250.0,6697,2495,4202,62.74451246826938
Census Tract 288.01; Queens County; New York,Queens,813,117,14.391143911439114,87946.0,2648,27,2621,98.98036253776435
Census Tract 288.02; Queens County; New York,Queens,631,90,14.263074484944532,79519.0,2185,245,1940,88.78718535469108
Census Tract 288.03; Queens County; New York,Queens,0,0,,,0,0,0,
Census Tract 289; Queens County; New York,Queens,1999,499,24.96248124062031,81644.0,4932,2468,2464,49.95944849959449
Census Tract 291; Queens County; New York,Queens,2493,468,18.772563176895307,64051.0,6487,1276,5211,80.32989055033143
Census Tract 293; Queens County; New York,Queens,406,0,0.0,55714.0,1105,166,939,84.97737556561086
Census Tract 294; Queens County; New York,Queens,2480,131,5.282258064516129,102472.0,8246,568,7678,93.11181178753336
Census Tract 295; Queens County; New York,Queens,1858,118,6.350914962325081,81014.0,3652,1504,2148,58.817086527929895
Census Tract 297; Queens County; New York,Queens,750,50,6.666666666666667,107979.0,2450,965,1485,60.61224489795919
Census Tract 299; Queens County; New York,Queens,0,0,,,0,0,0,
Census Tract 306; Queens County; New York,Queens,1435,95,6.620209059233449,99158.0,5436,162,5274,97.01986754966887
Census Tract 309.03; Queens County; New York,Queens,1584,81,5.113636363636364,74444.0,4284,1041,3243,75.70028011204482
Census Tract 309.04; Queens County; New York,Queens,1069,49,4.583723105706268,55489.0,2616,700,1916,73.24159021406727
Census Tract 309.05; Queens County; New York,Queens,1156,0,0.0,72857.0,3670,892,2778,75.69482288828337
Census Tract 309.06; Queens County; New York,Queens,1277,18,1.4095536413469067,81875.0,3650,622,3028,82.95890410958904
Census Tract 317; Queens County; New York,Queens,2340,181,7.735042735042735,73846.0,5816,4626,1190,20.460797799174692
Census Tract 320; Queens County; New York,Queens,1350,88,6.518518518518518,97022.0,5514,379,5135,93.126586869786
Census Tract 327; Queens County; New York,Queens,1013,98,9.674234945705825,91830.0,3813,530,3283,86.10018358248098
Census Tract 328; Queens County; New York,Queens,879,26,2.9579067121729237,100260.0,3121,4,3117,99.87183595001602
Census Tract 329; Queens County; New York,Queens,1107,22,1.9873532068654018,71680.0,3823,367,3456,90.40020925974366
Census Tract 330; Queens County; New York,Queens,2042,117,5.729676787463271,103550.0,6722,51,6671,99.24129723296637
Census Tract 331; Queens County; New York,Queens,0,0,,,0,0,0,
Census Tract 334.01; Queens County; New York,Queens,1452,39,2.6859504132231407,85547.0,4000,21,3979,99.47500000000001
Census Tract 334.03; Queens County; New York,Queens,2283,32,1.401664476565922,52973.0,4329,92,4237,97.87479787479786
Census Tract 334.04; Queens County; New York,Queens,2743,37,1.3488880787458988,55366.0,6406,21,6385,99.6721823290665
Census Tract 334.05; Queens County; New York,Queens,1576,252,15.989847715736042,79895.0,3301,200,3101,93.94122993032414
Census Tract 337; Queens County; New York,Queens,884,95,10.74660633484163,106250.0,2784,599,2185,78.48419540229885
Census Tract 339; Queens County; New York,Queens,1205,91,7.551867219917012,64404.0,2925,1029,1896,64.82051282051282
Census Tract 347; Queens County; New York,Queens,953,16,1.6789087093389297,75583.0,3636,417,3219,88.53135313531352
Census Tract 351; Queens County; New York,Queens,1354,196,14.47562776957164,89408.0,3649,625,3024,82.87201973143327
Census Tract 352; Queens County; New York,Queens,818,21,2.567237163814181,117031.0,2776,24,2752,99.13544668587896
Census Tract 353; Queens County; New York,Queens,691,26,3.762662807525326,100673.0,1942,128,1814,93.40885684860967
Census Tract 357; Queens County; New York,Queens,1058,29,2.7410207939508506,91494.0,4475,654,3821,85.3854748603352
Census Tract 358; Queens County; New York,Queens,1306,92,7.044410413476264,95476.0,4210,113,4097,97.31591448931115
Census Tract 361; Queens County; New York,Queens,674,63,9.347181008902076,95096.0,2307,164,2143,92.89120069354139
Census Tract 363; Queens County; New York,Queens,628,106,16.878980891719745,75469.0,2173,189,1984,91.302346985734
Census Tract 365; Queens County; New York,Queens,845,107,12.662721893491124,72125.0,2944,69,2875,97.65625
Census Tract 366; Queens County; New York,Queens,1041,140,13.44860710854947,91215.0,3089,25,3064,99.1906765943671
Census Tract 367; Queens County; New York,Queens,708,25,3.531073446327684,69821.0,2492,193,2299,92.25521669341894
Census Tract 368; Queens County; New York,Queens,724,23,3.1767955801104977,138750.0,2842,25,2817,99.12033779028853
Census Tract 371; Queens County; New York,Queens,560,26,4.642857142857143,74702.0,1506,107,1399,92.89508632138114
Census Tract 373; Queens County; New York,Queens,567,53,9.347442680776014,73352.0,2484,75,2409,96.98067632850241
Census Tract 375.01; Queens County; New York,Queens,341,33,9.67741935483871,78942.0,1609,431,1178,73.21317588564325
Census Tract 375.02; Queens County; New York,Queens,686,120,17.49271137026239,72100.0,2683,152,2531,94.33469996272828
Census Tract 376; Queens County; New York,Queens,1947,261,13.405238828967642,96188.0,6982,69,6913,99.01174448582069
Census Tract 377; Queens County; New York,Queens,822,128,15.571776155717762,90714.0,4061,752,3309,81.48239349913814
Census Tract 379; Queens County; New York,Queens,1455,130,8.934707903780069,81216.0,6112,793,5319,87.02552356020942
Census Tract 381; Queens County; New York,Queens,1797,309,17.195325542570952,81484.0,7308,891,6417,87.807881773399
Census Tract 383.01; Queens County; New York,Queens,0,0,,,0,0,0,
Census Tract 383.02; Queens County; New York,Queens,0,0,,,0,0,0,
Census Tract 384; Queens County; New York,Queens,842,94,11.163895486935866,101500.0,2700,8,2692,99.70370370370371
Census Tract 394; Queens County; New York,Queens,925,60,6.486486486486487,98646.0,3201,26,3175,99.18775382692908
Census Tract 398; Queens County; New York,Queens,479,14,2.9227557411273484,93563.0,1545,57,1488,96.31067961165049
Census Tract 399.01; Queens County; New York,Queens,516,29,5.62015503875969,103981.0,2305,543,1762,76.44251626898047
Census Tract 399.02; Queens County; New York,Queens,438,67,15.296803652968036,55481.0,1970,370,1600,81.21827411167513
Census Tract 400; Queens County; New York,Queens,466,74,15.879828326180256,110577.0,1495,16,1479,98.92976588628763
Census Tract 401.01; Queens County; New York,Queens,737,46,6.241519674355495,61203.0,2696,118,2578,95.62314540059347
Census Tract 401.02; Queens County; New York,Queens,1180,35,2.9661016949152543,74181.0,4638,649,3989,86.00689952565762
Census Tract 402; Queens County; New York,Queens,508,55,10.826771653543307,146250.0,1712,29,1683,98.30607476635514
Census Tract 403.01; Queens County; New York,Queens,896,16,1.7857142857142856,36921.0,2853,204,2649,92.84963196635121
Census Tract 403.02; Queens County; New York,Queens,1040,90,8.653846153846153,79231.0,3941,981,2960,75.10784064958132
Census Tract 404; Queens County; New York,Queens,1393,146,10.48097631012204,91556.0,3998,114,3884,97.14857428714357
Census Tract 405.01; Queens County; New York,Queens,264,80,30.303030303030305,100818.0,997,28,969,97.19157472417251
Census Tract 405.02; Queens County; New York,Queens,516,57,11.046511627906977,81144.0,1912,425,1487,77.77196652719665
Census Tract 407.01; Queens County; New York,Queens,817,10,1.2239902080783354,56375.0,3264,270,2994,91.72794117647058
Census Tract 407.02; Queens County; New York,Queens,983,28,2.8484231943031535,100525.0,3888,178,3710,95.42181069958848
Census Tract 409.01; Queens County; New York,Queens,428,69,16.121495327102803,117742.0,2082,561,1521,73.05475504322767
Census Tract 409.02; Queens County; New York,Queens,816,91,11.151960784313726,79800.0,3176,212,2964,93.3249370277078
Census Tract 411; Queens County; New York,Queens,1141,188,16.476774758983346,70490.0,4010,949,3061,76.33416458852868
Census Tract 413; Queens County; New York,Queens,1045,119,11.38755980861244,62361.0,4504,820,3684,81.79396092362344
Census Tract 414; Queens County; New York,Queens,1404,129,9.18803418803419,91500.0,4515,126,4389,97.20930232558139
Census Tract 415; Queens County; New York,Queens,1310,171,13.053435114503817,65833.0,3941,583,3358,85.20680030449125
Census Tract 424; Queens County; New York,Queens,872,102,11.697247706422019,79384.0,2696,43,2653,98.40504451038575
Census Tract 426; Queens County; New York,Queens,0,0,,,474,157,317,66.87763713080169
Census Tract 427; Queens County; New York,Queens,1456,166,11.401098901098901,59773.0,4226,491,3735,88.38144817794606
Census Tract 432; Queens County; New York,Queens,387,13,3.359173126614987,87083.0,1290,6,1284,99.53488372093024
Census Tract 434; Queens County; New York,Queens,546,17,3.1135531135531136,101691.0,1861,104,1757,94.41160666308437
Census Tract 437.01; Queens County; New York,Queens,816,55,6.740196078431373,63333.0,3398,736,2662,78.34020011771631
Census Tract 437.02; Queens County; New York,Queens,2150,389,18.093023255813954,66250.0,6925,1767,5158,74.48375451263539
Census Tract 439; Queens County; New York,Queens,988,99,10.020242914979757,62333.0,3450,673,2777,80.4927536231884
Census Tract 440; Queens County; New York,Queens,1056,39,3.6931818181818183,61970.0,3734,35,3699,99.06266738082485
Census Tract 443.01; Queens County; New York,Queens,1418,26,1.8335684062059237,26859.0,3543,471,3072,86.70618120237087
Census Tract 443.02; Queens County; New York,Queens,1458,116,7.956104252400549,63247.0,4803,387,4416,91.94253591505309
Census Tract 444; Queens County; New York,Queens,1281,22,1.717408274785324,44805.0,3925,109,3816,97.22292993630573
Census Tract 446.01; Queens County; New York,Queens,1158,132,11.398963730569948,55278.0,3775,102,3673,97.2980132450331
Census Tract 446.02; Queens County; New York,Queens,1597,77,4.821540388227928,44338.0,5354,648,4706,87.89689951438177
Census Tract 448; Queens County; New York,Queens,914,122,13.347921225382933,71765.0,2726,239,2487,91.23257520176082
Census Tract 450; Queens County; New York,Queens,797,32,4.0150564617314926,134081.0,2137,477,1660,77.67898923724847
Census Tract 452; Queens County; New York,Queens,185,17,9.18918918918919,59896.0,993,140,853,85.90130916414904
Census Tract 454; Queens County; New York,Queens,1686,38,2.2538552787663106,70000.0,4776,93,4683,98.05276381909547
Census Tract 455; Queens County; New York,Queens,4434,577,13.013080739738387,76386.0,12756,2353,10403,81.55377861398557
Census Tract 456; Queens County; New York,Queens,397,107,26.952141057934508,74792.0,1195,47,1148,96.06694560669456
Census Tract 457; Queens County; New York,Queens,1192,109,9.144295302013424,73684.0,3499,504,2995,85.59588453843956
Census Tract 458; Queens County; New York,Queens,701,121,17.261055634807416,80972.0,2436,203,2233,91.66666666666666
Census Tract 459; Queens County; New York,Queens,1051,144,13.701236917221692,84846.0,3832,154,3678,95.9812108559499
Census Tract 460; Queens County; New York,Queens,1866,304,16.291532690246516,67375.0,5703,468,5235,91.79379274066281
Census Tract 461; Queens County; New York,Queens,663,51,7.6923076923076925,84844.0,2512,226,2286,91.0031847133758
Census Tract 462; Queens County; New York,Queens,2041,105,5.1445369916707495,56679.0,6178,324,5854,94.75558433149887
Census Tract 463; Queens County; New York,Queens,1084,159,14.667896678966791,73555.0,4116,85,4031,97.93488824101068
Census Tract 464; Queens County; New York,Queens,586,64,10.921501706484642,113043.0,2123,666,1457,68.62929816297691
Census Tract 465; Queens County; New York,Queens,1037,102,9.836065573770492,88365.0,4574,373,4201,91.84521206821164
Census Tract 466; Queens County; New York,Queens,1475,123,8.338983050847459,75493.0,4627,341,4286,92.63021396153015
Census Tract 467; Queens County; New York,Queens,2095,477,22.768496420047732,78932.0,7445,814,6631,89.06648757555406
Census Tract 468; Queens County; New York,Queens,1024,130,12.6953125,81833.0,3735,94,3641,97.48326639892905
Census Tract 469.01; Queens County; New York,Queens,1345,368,27.360594795539033,68601.0,4566,275,4291,93.9772229522558
Census Tract 469.02; Queens County; New York,Queens,1062,120,11.299435028248588,88200.0,3157,293,2864,90.71903706050047
Census Tract 470; Queens County; New York,Queens,986,44,4.462474645030426,77045.0,3341,102,3239,96.94702184974558
Census Tract 471; Queens County; New York,Queens,1458,74,5.075445816186557,62635.0,4362,163,4199,96.26318202659331
Census Tract 472; Queens County; New York,Queens,1376,89,6.468023255813954,117344.0,3952,1028,2924,73.98785425101214
Census Tract 473; Queens County; New York,Queens,1643,176,10.712111990261716,65083.0,4177,306,3871,92.67416806320325
Census Tract 475; Queens County; New York,Queens,1720,23,1.3372093023255813,84160.0,4987,760,4227,84.7603769801484
Census Tract 476; Queens County; New York,Queens,527,13,2.4667931688804554,112567.0,1362,474,888,65.19823788546255
Census Tract 478.01; Queens County; New York,Queens,1969,165,8.379888268156424,54045.0,4020,928,3092,76.91542288557214
Census Tract 478.02; Queens County; New York,Queens,381,23,6.036745406824147,96050.0,1320,32,1288,97.57575757575758
Census Tract 479; Queens County; New York,Queens,1853,183,9.875876956287103,89395.0,6101,506,5595,91.70627765940009
Census Tract 480; Queens County; New York,Queens,731,74,10.12311901504788,76250.0,2301,140,2161,93.91568883094307
Census Tract 481; Queens County; New York,Queens,1853,167,9.01241230437129,69250.0,6530,897,5633,86.26339969372128
Census Tract 482; Queens County; New York,Queens,406,23,5.665024630541872,74907.0,1241,160,1081,87.1071716357776
Census Tract 483.01; Queens County; New York,Queens,769,87,11.31339401820546,68125.0,2076,333,1743,83.95953757225433
Census Tract 483.02; Queens County; New York,Queens,659,8,1.2139605462822458,88051.0,1967,456,1511,76.8174885612608
Census Tract 484; Queens County; New York,Queens,1287,75,5.827505827505827,82515.0,4932,192,4740,96.10705596107056
Census Tract 485; Queens County; New York,Queens,1633,271,16.595223515003063,64159.0,4963,139,4824,97.19927463227887
Census Tract 489; Queens County; New York,Queens,533,15,2.8142589118198873,59106.0,1670,304,1366,81.79640718562874
Census Tract 492.01; Queens County; New York,Queens,1269,94,7.4074074074074066,82750.0,3034,102,2932,96.6381015161503
Census Tract 492.02; Queens County; New York,Queens,606,35,5.775577557755775,108053.0,2517,68,2449,97.29837107667858
Census Tract 493.01; Queens County; New York,Queens,812,25,3.0788177339901477,65357.0,2317,852,1465,63.22831247302546
Census Tract 493.02; Queens County; New York,Queens,983,35,3.560528992878942,58384.0,3126,858,2268,72.552783109405
Census Tract 495; Queens County; New York,Queens,507,8,1.5779092702169626,97250.0,1299,796,503,38.72209391839877
Census Tract 496; Queens County; New York,Queens,906,77,8.49889624724062,88125.0,2967,31,2936,98.9551735760027
Census Tract 497; Queens County; New York,Queens,940,32,3.404255319148936,61563.0,2992,1390,1602,53.5427807486631
Census Tract 499; Queens County; New York,Queens,1519,41,2.699144173798552,85759.0,5289,1071,4218,79.75042541123085
Census Tract 500; Queens County; New York,Queens,1594,140,8.782936010037641,74951.0,4746,189,4557,96.01769911504425
Census Tract 502.01; Queens County; New York,Queens,480,35,7.291666666666667,93182.0,1495,0,1495,100.0
Census Tract 502.02; Queens County; New York,Queens,426,47,11.032863849765258,110357.0,1534,42,1492,97.26205997392438
Census Tract 504; Queens County; New York,Queens,537,140,26.0707635009311,130179.0,1715,52,1663,96.96793002915452
Census Tract 505; Queens County; New York,Queens,601,14,2.329450915141431,109728.0,1891,952,939,49.65626652564781
Census Tract 506; Queens County; New York,Queens,430,12,2.7906976744186047,106786.0,1615,0,1615,100.0
Census Tract 507; Queens County; New York,Queens,1250,17,1.3599999999999999,98274.0,3267,1849,1418,43.40373431282522
Census Tract 508; Queens County; New York,Queens,666,49,7.3573573573573565,79432.0,1985,18,1967,99.09319899244332
Census Tract 510; Queens County; New York,Queens,428,85,19.859813084112147,91250.0,1568,38,1530,97.5765306122449
Census Tract 511; Queens County; New York,Queens,830,75,9.036144578313253,110357.0,2542,1834,708,27.852084972462627
Census Tract 512; Queens County; New York,Queens,718,111,15.459610027855152,103214.0,2657,59,2598,97.77945050809184
Census Tract 513; Queens County; New York,Queens,818,45,5.50122249388753,104583.0,2831,1192,1639,57.89473684210527
Census Tract 515; Queens County; New York,Queens,1186,208,17.537942664418214,96792.0,3141,2291,850,27.061445399554284
Census Tract 516; Queens County; New York,Queens,626,57,9.105431309904153,122826.0,2281,307,1974,86.54099079351163
Census Tract 517; Queens County; New York,Queens,784,30,3.826530612244898,111413.0,1911,1439,472,24.699110413396127
Census Tract 518; Queens County; New York,Queens,632,57,9.018987341772151,114583.0,2233,32,2201,98.56695029108822
Census Tract 520; Queens County; New York,Queens,500,33,6.6000000000000005,102950.0,1544,20,1524,98.70466321243524
Census Tract 521; Queens County; New York,Queens,701,75,10.699001426533524,100806.0,1798,1154,644,35.81757508342603
Census Tract 522; Queens County; New York,Queens,532,60,11.278195488721805,92833.0,2286,0,2286,100.0
Census Tract 524; Queens County; New York,Queens,622,25,4.019292604501608,110357.0,2217,0,2217,100.0
Census Tract 525; Queens County; New York,Queens,805,153,19.006211180124225,72031.0,2301,1285,1016,44.15471534115602
Census Tract 526; Queens County; New York,Queens,762,36,4.724409448818897,93000.0,2312,91,2221,96.06401384083046
Census Tract 528; Queens County; New York,Queens,531,58,10.922787193973635,81477.0,1720,13,1707,99.24418604651163
Census Tract 530; Queens County; New York,Queens,637,58,9.105180533751962,110938.0,2535,74,2461,97.08086785009861
Census Tract 531; Queens County; New York,Queens,1359,130,9.565857247976453,64307.0,3393,2272,1121,33.03860890067787
Census Tract 532; Queens County; New York,Queens,609,55,9.0311986863711,98850.0,2185,5,2180,99.77116704805492
Census Tract 534.01; Queens County; New York,Queens,569,46,8.084358523725834,104688.0,1813,55,1758,96.96635410921125
Census Tract 535.01; Queens County; New York,Queens,470,73,15.53191489361702,63816.0,1249,465,784,62.770216172938355
Census Tract 535.02; Queens County; New York,Queens,0,0,,,0,0,0,
Census Tract 536.01; Queens County; New York,Queens,722,284,39.335180055401665,,1816,34,1782,98.12775330396477
Census Tract 538; Queens County; New York,Queens,432,35,8.101851851851851,117155.0,1800,19,1781,98.94444444444444
Census Tract 539.01; Queens County; New York,Queens,1537,44,2.862719583604424,84183.0,4210,1851,2359,56.033254156769594
Census Tract 539.02; Queens County; New York,Queens,37,0,0.0,,106,102,4,3.7735849056603774
Census Tract 540; Queens County; New York,Queens,1379,108,7.8317621464829585,80270.0,4194,43,4151,98.97472579876013
Census Tract 542; Queens County; New York,Queens,1608,145,9.017412935323383,90461.0,5441,387,5054,92.88733688660173
Census Tract 545; Queens County; New York,Queens,1377,104,7.552650689905592,60368.0,3438,1518,1920,55.846422338568935
Census Tract 547; Queens County; New York,Queens,1468,58,3.9509536784741144,115076.0,4680,1221,3459,73.91025641025641
Census Tract 548; Queens County; New York,Queens,683,37,5.417276720351391,83533.0,2430,81,2349,96.66666666666667
Census Tract 549; Queens County; New York,Queens,1586,68,4.287515762925599,95897.0,5734,2228,3506,61.14405301709104
Census Tract 551; Queens County; New York,Queens,1604,136,8.478802992518704,85947.0,4419,2238,2181,49.3550577053632
Census Tract 552; Queens County; New York,Queens,1006,147,14.612326043737575,61895.0,2790,436,2354,84.37275985663082
Census Tract 553; Queens County; New York,Queens,1036,15,1.4478764478764479,91604.0,3131,954,2177,69.5305014372405
Census Tract 554; Queens County; New York,Queens,791,59,7.458912768647282,92679.0,2683,413,2270,84.60678345136041
Census Tract 555; Queens County; New York,Queens,783,41,5.236270753512133,108417.0,2426,528,1898,78.23577906018137
Census Tract 556; Queens County; New York,Queens,698,156,22.349570200573066,130338.0,2233,107,2126,95.20824003582624
Census Tract 557; Queens County; New York,Queens,1429,116,8.117564730580826,85750.0,3767,2345,1422,37.748871781258295
Census Tract 558; Queens County; New York,Queens,675,40,5.9259259259259265,72841.0,1587,119,1468,92.50157529930686
Census Tract 559; Queens County; New York,Queens,356,19,5.337078651685393,80221.0,1106,450,656,59.3128390596745
Census Tract 560; Queens County; New York,Queens,456,17,3.7280701754385963,96905.0,1668,185,1483,88.90887290167866
Census Tract 561; Queens County; New York,Queens,4,0,0.0,,12,12,0,0.0
Census Tract 562; Queens County; New York,Queens,496,82,16.532258064516128,100441.0,1339,341,998,74.53323375653473
Census Tract 564; Queens County; New York,Queens,487,21,4.312114989733059,76875.0,1493,268,1225,82.04956463496316
Census Tract 565; Queens County; New York,Queens,583,8,1.3722126929674099,129327.0,1883,599,1284,68.18906001062135
Census Tract 566; Queens County; New York,Queens,474,68,14.345991561181433,74022.0,1513,45,1468,97.02577660277593
Census Tract 567; Queens County; New York,Queens,1592,203,12.751256281407036,108750.0,4538,2417,2121,46.73865138827678
Census Tract 568; Queens County; New York,Queens,1621,188,11.597779148673657,103661.0,4808,523,4285,89.12229617304493
Census Tract 577; Queens County; New York,Queens,1473,73,4.955872369314324,78854.0,4162,2235,1927,46.29985583853916
Census Tract 579; Queens County; New York,Queens,634,76,11.987381703470032,73125.0,1636,929,707,43.215158924205376
Census Tract 580; Queens County; New York,Queens,1101,165,14.986376021798364,112034.0,4369,96,4273,97.80270084687571
Census Tract 581; Queens County; New York,Queens,1221,138,11.302211302211303,74556.0,2844,1372,1472,51.75808720112518
Census Tract 582; Queens County; New York,Queens,1501,140,9.327115256495668,127837.0,5568,264,5304,95.25862068965517
Census Tract 583; Queens County; New York,Queens,1409,82,5.819730305180979,101431.0,3656,2219,1437,39.30525164113786
Census Tract 585; Queens County; New York,Queens,1633,108,6.613594611145132,96897.0,4265,2616,1649,38.66354044548652
Census Tract 587; Queens County; New York,Queens,1394,101,7.245337159253945,93281.0,3470,2147,1323,38.126801152737755
Census Tract 589; Queens County; New York,Queens,1931,192,9.943034697048162,67801.0,5136,3188,1948,37.92834890965732
Census Tract 590; Queens County; New York,Queens,393,45,11.450381679389313,76917.0,1207,173,1034,85.66694283347141
Census Tract 591; Queens County; New York,Queens,2176,234,10.753676470588236,61314.0,4920,2146,2774,56.38211382113821
Census Tract 592; Queens County; New York,Queens,459,32,6.971677559912854,91250.0,1343,5,1338,99.6276991809382
Census Tract 593; Queens County; New York,Queens,1552,57,3.6726804123711343,82917.0,4062,2648,1414,34.81043820777942
Census Tract 594; Queens County; New York,Queens,527,65,12.333965844402277,147250.0,1766,31,1735,98.24462061155153
Census Tract 595.01; Queens County; New York,Queens,730,136,18.63013698630137,72222.0,1890,1322,568,30.052910052910054
Census Tract 595.02; Queens County; New York,Queens,921,58,6.297502714440825,56467.0,2881,1236,1645,57.09822978132593
Census Tract 596; Queens County; New York,Queens,534,60,11.235955056179774,100625.0,1520,42,1478,97.23684210526315
Census Tract 598; Queens County; New York,Queens,548,49,8.94160583941606,87692.0,1648,50,1598,96.96601941747572
Census Tract 599; Queens County; New York,Queens,482,45,9.336099585062241,89583.0,1439,823,616,42.807505211952744
Census Tract 600; Queens County; New York,Queens,436,64,14.678899082568808,100000.0,1041,22,1019,97.8866474543708
Census Tract 601; Queens County; New York,Queens,868,35,4.032258064516129,83125.0,2405,1887,518,21.53846153846154
Census Tract 603; Queens County; New York,Queens,717,112,15.620641562064156,107067.0,1884,1200,684,36.30573248407643
Census Tract 606; Queens County; New York,Queens,506,50,9.881422924901186,135147.0,1276,0,1276,100.0
Census Tract 607.01; Queens County; New York,Queens,0,0,,,0,0,0,
Census Tract 608; Queens County; New York,Queens,473,68,14.376321353065538,148583.0,1473,17,1456,98.8458927359131
Census Tract 610; Queens County; New York,Queens,412,62,15.048543689320388,87500.0,1250,30,1220,97.6
Census Tract 612; Queens County; New York,Queens,505,140,27.722772277227726,132969.0,1994,8,1986,99.5987963891675
Census Tract 613.01; Queens County; New York,Queens,1812,126,6.95364238410596,83125.0,5096,2059,3037,59.59576138147567
Census Tract 613.02; Queens County; New York,Queens,0,0,,,0,0,0,
Census Tract 614; Queens County; New York,Queens,428,8,1.8691588785046727,143468.0,1557,31,1526,98.00899165061014
Census Tract 616.01; Queens County; New York,Queens,772,130,16.83937823834197,105192.0,2446,34,2412,98.60997547015535
Census Tract 616.02; Queens County; New York,Queens,386,40,10.362694300518134,105682.0,1081,73,1008,93.24699352451434
Census Tract 618; Queens County; New York,Queens,716,82,11.452513966480447,91638.0,1765,153,1612,91.3314447592068
Census Tract 619; Queens County; New York,Queens,1170,30,2.564102564102564,77794.0,3123,2281,842,26.961255203330133
Census Tract 620; Queens County; New York,Queens,504,79,15.674603174603174,118646.0,1456,35,1421,97.59615384615384
Census Tract 621; Queens County; New York,Queens,1025,140,13.658536585365855,91940.0,3178,1917,1261,39.67904342353681
Census Tract 622; Queens County; New York,Queens,675,133,19.703703703703702,119632.0,2088,110,1978,94.73180076628353
Census Tract 623; Queens County; New York,Queens,906,97,10.706401766004415,79107.0,2273,1647,626,27.54069511658601
Census Tract 624; Queens County; New York,Queens,0,0,,,0,0,0,
Census Tract 625; Queens County; New York,Queens,935,70,7.4866310160427805,75375.0,2545,1547,998,39.214145383104125
Census Tract 626; Queens County; New York,Queens,886,96,10.835214446952596,115167.0,2972,59,2913,98.01480484522207
Census Tract 627; Queens County; New York,Queens,1107,62,5.600722673893405,76382.0,2915,1960,955,32.76157804459691
Census Tract 629; Queens County; New York,Queens,1218,121,9.934318555008211,96908.0,3250,2008,1242,38.215384615384615
Census Tract 630; Queens County; New York,Queens,598,34,5.68561872909699,124773.0,1720,21,1699,98.77906976744187
Census Tract 632; Queens County; New York,Queens,718,53,7.381615598885793,112500.0,2462,59,2403,97.60357432981316
Census Tract 633.01; Queens County; New York,Queens,514,48,9.33852140077821,128114.0,1607,1199,408,25.3889234598631
Census Tract 633.02; Queens County; New York,Queens,585,32,5.47008547008547,142891.0,1963,1325,638,32.50127356087621
Census Tract 635; Queens County; New York,Queens,882,40,4.535147392290249,89688.0,2637,2167,470,17.823284034888133
Census Tract 637; Queens County; New York,Queens,1265,132,10.434782608695652,91705.0,3542,2841,701,19.791078486730658
Census Tract 638; Queens County; New York,Queens,1120,99,8.839285714285715,140870.0,3404,131,3273,96.15158636897768
Census Tract 639; Queens County; New York,Queens,1039,112,10.779595765158806,115156.0,3189,1625,1564,49.04358733145187
Census Tract 641.01; Queens County; New York,Queens,997,173,17.352056168505516,96094.0,2392,1644,748,31.270903010033447
Census Tract 641.02; Queens County; New York,Queens,0,0,,,0,0,0,
Census Tract 645; Queens County; New York,Queens,762,17,2.2309711286089238,85000.0,1860,1029,831,44.67741935483871
Census Tract 646; Queens County; New York,Queens,1094,153,13.985374771480805,128750.0,3247,44,3203,98.64490298737296
Census Tract 650; Queens County; New York,Queens,876,123,14.04109589041096,136111.0,2807,33,2774,98.82436765229782
Census Tract 654.01; Queens County; New York,Queens,936,67,7.158119658119658,98821.0,3288,368,2920,88.80778588807786
Census Tract 654.02; Queens County; New York,Queens,0,0,,,0,0,0,
Census Tract 655.01; Queens County; New York,Queens,0,0,,,0,0,0,
Census Tract 656; Queens County; New York,Queens,1585,89,5.615141955835963,110875.0,4585,448,4137,90.22900763358778
Census Tract 657.02; Queens County; New York,Queens,594,7,1.1784511784511784,61786.0,1311,1065,246,18.76430205949657
Census Tract 657.03; Queens County; New York,Queens,1043,42,4.026845637583892,115896.0,3083,2275,808,26.20823872851119
Census Tract 659; Queens County; New York,Queens,672,19,2.8273809523809526,99107.0,1915,1372,543,28.35509138381201
Census Tract 660; Queens County; New York,Queens,1193,57,4.777870913663034,121705.0,3666,221,3445,93.97163120567376
Census Tract 661; Queens County; New York,Queens,647,0,0.0,111806.0,1618,1408,210,12.978986402966624
Census Tract 663.01; Queens County; New York,Queens,1004,13,1.294820717131474,102917.0,2753,1814,939,34.10824555030875
Census Tract 663.02; Queens County; New York,Queens,0,0,,,0,0,0,
Census Tract 664.01; Queens County; New York,Queens,432,82,18.98148148148148,145333.0,1690,152,1538,91.00591715976331
Census Tract 664.02; Queens County; New York,Queens,1061,88,8.294062205466542,109863.0,3482,280,3202,91.95864445720851
Census Tract 664.03; Queens County; New York,Queens,1638,15,0.9157509157509158,87031.0,5857,428,5429,92.69250469523647
Census Tract 664.04; Queens County; New York,Queens,0,0,,,0,0,0,
Census Tract 665.01; Queens County; New York,Queens,1574,61,3.8754764930114356,86773.0,4048,2984,1064,26.284584980237153
Census Tract 667.01; Queens County; New York,Queens,907,97,10.694597574421168,123229.0,2747,1685,1062,38.660356752821265
Census Tract 669; Queens County; New York,Queens,660,15,2.272727272727273,94375.0,1773,1214,559,31.528482797518333
Census Tract 671; Queens County; New York,Queens,933,115,12.32583065380493,116076.0,2354,1627,727,30.88360237892948
Census Tract 677; Queens County; New York,Queens,686,35,5.1020408163265305,108000.0,1912,1461,451,23.587866108786613
Census Tract 679; Queens County; New York,Queens,1665,107,6.426426426426427,72875.0,4199,1862,2337,55.65610859728507
Census Tract 680; Queens County; New York,Queens,1656,115,6.944444444444445,124789.0,5489,49,5440,99.10730552013118
Census Tract 682; Queens County; New York,Queens,377,0,0.0,93750.0,1104,10,1094,99.09420289855072
Census Tract 683; Queens County; New York,Queens,1565,196,12.523961661341854,73466.0,3932,581,3351,85.2238046795524
Census Tract 687; Queens County; New York,Queens,1944,122,6.275720164609054,69348.0,4202,1285,2917,69.41932413136601
Census Tract 690; Queens County; New York,Queens,1113,0,0.0,131683.0,4022,87,3935,97.83689706613626
Census Tract 693; Queens County; New York,Queens,1234,289,23.419773095623984,58605.0,3005,784,2221,73.91014975041598
Census Tract 694; Queens County; New York,Queens,1167,83,7.112253641816624,101782.0,4046,198,3848,95.10627780523974
Census Tract 695; Queens County; New York,Queens,866,101,11.662817551963048,112949.0,2349,894,1455,61.94125159642401
Census Tract 697.01; Queens County; New York,Queens,1768,191,10.80316742081448,102700.0,4320,1697,2623,60.717592592592595
Census Tract 697.02; Queens County; New York,Queens,1475,137,9.288135593220339,89065.0,4285,1967,2318,54.09568261376896
Census Tract 703; Queens County; New York,Queens,916,36,3.9301310043668125,102833.0,2253,826,1427,63.33777185974257
Census Tract 707; Queens County; New York,Queens,1003,33,3.290129611166501,127188.0,2584,1378,1206,46.671826625387
Census Tract 709; Queens County; New York,Queens,1162,68,5.851979345955249,115000.0,2952,1397,1555,52.67615176151762
Census Tract 711; Queens County; New York,Queens,2863,413,14.425427872860636,100625.0,5616,2759,2857,50.87250712250713
Census Tract 713.03; Queens County; New York,Queens,2623,323,12.31414410979794,96641.0,5323,3069,2254,42.34454255119294
Census Tract 713.04; Queens County; New York,Queens,3103,501,16.1456654850145,89959.0,6115,3785,2330,38.10302534750613
Census Tract 713.05; Queens County; New York,Queens,2360,174,7.372881355932204,114158.0,5777,3396,2381,41.21516357971265
Census Tract 713.06; Queens County; New York,Queens,3121,568,18.199295097725088,75560.0,7012,2904,4108,58.58528237307473
Census Tract 716; Queens County; New York,Queens,0,0,,,0,0,0,
Census Tract 717.01; Queens County; New York,Queens,2404,360,14.975041597337771,57300.0,4786,2856,1930,40.325950689511075
Census Tract 717.02; Queens County; New York,Queens,1917,97,5.0599895670318205,99527.0,4300,1523,2777,64.5813953488372
Census Tract 719; Queens County; New York,Queens,1071,12,1.1204481792717087,58606.0,3444,1433,2011,58.39140534262486
Census Tract 721; Queens County; New York,Queens,2082,345,16.570605187319885,100167.0,5358,2336,3022,56.40164240388204
Census Tract 723; Queens County; New York,Queens,863,122,14.13673232908459,221534.0,2338,1230,1108,47.39093242087254
Census Tract 729; Queens County; New York,Queens,468,12,2.564102564102564,124250.0,1298,628,670,51.61787365177196
Census Tract 731; Queens County; New York,Queens,596,30,5.033557046979865,166481.0,1832,1137,695,37.93668122270743
Census Tract 737; Queens County; New York,Queens,1000,159,15.9,124545.0,1952,1184,768,39.34426229508197
Census Tract 739; Queens County; New York,Queens,2571,266,10.346168805912097,113609.0,5288,2875,2413,45.63161875945537
Census Tract 741; Queens County; New York,Queens,1584,310,19.570707070707073,92857.0,3098,1387,1711,55.229180116204
Census Tract 743; Queens County; New York,Queens,1624,100,6.157635467980295,72344.0,3762,2002,1760,46.783625730994146
Census Tract 745; Queens County; New York,Queens,1615,53,3.281733746130031,65885.0,4076,1555,2521,61.849852796859665
Census Tract 747; Queens County; New York,Queens,1299,176,13.548883756735949,88924.0,3425,682,2743,80.08759124087591
Census Tract 749; Queens County; New York,Queens,549,54,9.836065573770492,227054.0,1516,735,781,51.517150395778366
Census Tract 757.01; Queens County; New York,Queens,2443,466,19.0749079001228,111042.0,4819,2382,2437,50.57065781282424
Census Tract 757.02; Queens County; New York,Queens,2372,303,12.774030354131535,124360.0,5447,2865,2582,47.40223976500826
Census Tract 769.01; Queens County; New York,Queens,2473,433,17.50909826122119,100710.0,5151,3050,2101,40.78819646670549
Census Tract 769.02; Queens County; New York,Queens,575,50,8.695652173913043,133438.0,1588,475,1113,70.088161209068
Census Tract 773; Queens County; New York,Queens,1122,254,22.63814616755793,105326.0,2246,1273,973,43.32146037399822
Census Tract 775; Queens County; New York,Queens,1048,301,28.72137404580153,81058.0,2031,1228,803,39.53717380600689
Census Tract 779.02; Queens County; New York,Queens,1853,203,10.955207771181867,106588.0,5863,4360,1503,25.635340269486612
Census Tract 779.03; Queens County; New York,Queens,1179,144,12.213740458015266,90781.0,3445,1455,1990,57.76487663280116
Census Tract 779.04; Queens County; New York,Queens,2028,213,10.502958579881657,108542.0,5426,2498,2928,53.962403243641724
Census Tract 779.05; Queens County; New York,Queens,1354,35,2.58493353028065,87375.0,3045,937,2108,69.22824302134647
Census Tract 779.06; Queens County; New York,Queens,1373,204,14.857975236707938,85590.0,3584,1928,1656,46.205357142857146
Census Tract 779.07; Queens County; New York,Queens,1122,93,8.288770053475936,69718.0,3437,1975,1462,42.53709630491708
Census Tract 779.08; Queens County; New York,Queens,1193,65,5.448449287510478,74705.0,3382,741,2641,78.08988764044943
Census Tract 788; Queens County; New York,Queens,592,27,4.5608108108108105,98468.0,2082,7,2075,99.66378482228626
Census Tract 790; Queens County; New York,Queens,809,14,1.73053152039555,74135.0,2653,37,2616,98.60535243120995
Census Tract 792; Queens County; New York,Queens,922,8,0.8676789587852495,73676.0,2869,13,2856,99.54688044614849
Census Tract 793; Queens County; New York,Queens,0,0,,,0,0,0,
Census Tract 797.01; Queens County; New York,Queens,2955,319,10.795262267343485,55800.0,6306,234,6072,96.28924833491912
Census Tract 797.02; Queens County; New York,Queens,1590,132,8.30188679245283,40786.0,3313,107,3206,96.7702988228192
Census Tract 799; Queens County; New York,Queens,1120,96,8.571428571428571,53981.0,3003,390,2613,87.01298701298701
Census Tract 803.01; Queens County; New York,Queens,1066,107,10.037523452157599,67600.0,4216,317,3899,92.48102466793169
Census Tract 803.02; Queens County; New York,Queens,941,107,11.370882040382572,92887.0,3657,1195,2462,67.32294230243369
Census Tract 809; Queens County; New York,Queens,2505,432,17.24550898203593,61345.0,7291,3265,4026,55.21876285831847
Census Tract 814; Queens County; New York,Queens,1044,32,3.065134099616858,141705.0,4545,264,4281,94.1914191419142
Census Tract 818; Queens County; New York,Queens,1052,110,10.456273764258556,127697.0,3788,156,3632,95.8817317845829
Census Tract 837; Queens County; New York,Queens,1559,120,7.6972418216805645,63732.0,4770,720,4050,84.90566037735849
Census Tract 838; Queens County; New York,Queens,1617,77,4.761904761904762,96551.0,5524,457,5067,91.7270094134685
Census Tract 840; Queens County; New York,Queens,2085,161,7.721822541966426,99424.0,6927,799,6128,88.46542514797171
Census Tract 845; Queens County; New York,Queens,2117,158,7.463391591875296,29589.0,4713,457,4256,90.3034160831742
Census Tract 846.01; Queens County; New York,Queens,787,41,5.209656925031767,104659.0,2711,453,2258,83.290298782737
Census Tract 846.02; Queens County; New York,Queens,218,39,17.889908256880734,83000.0,1378,255,1123,81.49492017416546
Census Tract 849.01; Queens County; New York,Queens,993,178,17.92547834843907,67219.0,3037,40,2997,98.68291076720448
Census Tract 849.02; Queens County; New York,Queens,1398,244,17.453505007153076,45658.0,3807,382,3425,89.9658523771999
Census Tract 853; Queens County; New York,Queens,2523,151,5.984938565200158,33756.0,4969,235,4734,95.2706782048702
Census Tract 855; Queens County; New York,Queens,2571,394,15.324776351614158,40199.0,6143,509,5634,91.71414618264691
Census Tract 857; Queens County; New York,Queens,1942,226,11.637487126673532,57813.0,5502,514,4988,90.65794256633951
Census Tract 859; Queens County; New York,Queens,2385,367,15.38784067085954,57706.0,5718,567,5151,90.08394543546694
Census Tract 861; Queens County; New York,Queens,782,120,15.34526854219949,43750.0,2071,168,1903,91.88797682279092
Census Tract 863; Queens County; New York,Queens,2256,402,17.819148936170212,56774.0,6859,484,6375,92.94357778101764
Census Tract 864; Queens County; New York,Queens,739,58,7.848443843031124,124141.0,2560,608,1952,76.25
Census Tract 865; Queens County; New York,Queens,2328,412,17.697594501718214,62688.0,4480,538,3942,87.99107142857143
Census Tract 869; Queens County; New York,Queens,861,152,17.653890824622533,86165.0,1832,228,1604,87.55458515283843
Census Tract 871; Queens County; New York,Queens,2211,8,0.3618272274988693,47662.0,4889,215,4674,95.60237267334834
Census Tract 884; Queens County; New York,Queens,3268,43,1.3157894736842104,98921.0,9190,6474,2716,29.55386289445049
Census Tract 889.02; Queens County; New York,Queens,2684,406,15.12667660208644,47661.0,6117,1247,4870,79.61418996239988
Census Tract 889.03; Queens County; New York,Queens,1619,498,30.759728227300805,57807.0,4659,652,4007,86.00558059669456
Census Tract 892.01; Queens County; New York,Queens,2807,0,0.0,165529.0,8936,8133,803,8.986123545210384
Census Tract 892.02; Queens County; New York,Queens,0,0,,,0,0,0,
Census Tract 907; Queens County; New York,Queens,562,49,8.718861209964412,107917.0,1545,326,1219,78.89967637540452
Census Tract 916.02; Queens County; New York,Queens,0,0,,,0,0,0,
Census Tract 916.03; Queens County; New York,Queens,1668,10,0.5995203836930456,134844.0,4123,4050,73,1.7705554208100895
Census Tract 916.04; Queens County; New York,Queens,0,0,,,0,0,0,
Census Tract 918; Queens County; New York,Queens,4,0,0.0,,8,8,0,0.0
Census Tract 919; Queens County; New York,Queens,1784,159,8.912556053811658,104375.0,5180,1099,4081,78.78378378378378
Census Tract 922; Queens County; New York,Queens,780,18,2.307692307692308,160357.0,2098,1880,218,10.390848427073403
Census Tract 925; Queens County; New York,Queens,1160,133,11.46551724137931,69250.0,3957,682,3275,82.76472074804144
Census Tract 928; Queens County; New York,Queens,1160,12,1.0344827586206897,159600.0,3440,3288,152,4.4186046511627906
Census Tract 929; Queens County; New York,Queens,2312,274,11.85121107266436,105682.0,7078,1560,5518,77.95987567109353
Census Tract 934.01; Queens County; New York,Queens,1466,59,4.024556616643929,117143.0,4172,3718,454,10.882070949185044
Census Tract 934.02; Queens County; New York,Queens,1613,80,4.959702417854929,102324.0,4094,3390,704,17.19589643380557
Census Tract 938; Queens County; New York,Queens,1981,123,6.208985360928824,77802.0,5081,3465,1616,31.804762841960244
Census Tract 939; Queens County; New York,Queens,1804,277,15.354767184035476,94050.0,6366,1590,4776,75.02356267672008
Census Tract 942.01; Queens County; New York,Queens,1366,48,3.513909224011713,67727.0,3536,1152,2384,67.42081447963801
Census Tract 942.02; Queens County; New York,Queens,2097,54,2.575107296137339,55694.0,5750,1631,4119,71.63478260869566
Census Tract 942.03; Queens County; New York,Queens,2927,211,7.208746156474205,56784.0,5740,3531,2209,38.484320557491294
Census Tract 945; Queens County; New York,Queens,1368,144,10.526315789473683,79700.0,4032,1923,2109,52.30654761904761
Census Tract 947; Queens County; New York,Queens,753,199,26.42762284196547,84125.0,2722,503,2219,81.52094048493754
Census Tract 954; Queens County; New York,Queens,1962,14,0.7135575942915392,70795.0,6676,1192,5484,82.14499700419412
Census Tract 964; Queens County; New York,Queens,2279,9,0.39491004826678366,106425.0,7271,1010,6261,86.10920093522212
Census Tract 972.02; Queens County; New York,Queens,1226,0,0.0,22941.0,3442,47,3395,98.63451481696688
Census Tract 972.04; Queens County; New York,Queens,1270,180,14.173228346456693,73250.0,4273,315,3958,92.62813011935408
Census Tract 972.05; Queens County; New York,Queens,1241,41,3.30378726833199,20744.0,3249,653,2596,79.9015081563558
Census Tract 972.06; Queens County; New York,Queens,1339,0,0.0,48980.0,2522,74,2448,97.06582077716098
Census Tract 972.07; Queens County; New York,Queens,0,0,,,0,0,0,
Census Tract 973; Queens County; New York,Queens,808,146,18.06930693069307,88889.0,2156,1807,349,16.1873840445269
Census Tract 981; Queens County; New York,Queens,852,164,19.248826291079812,124519.0,2456,1721,735,29.926710097719873
Census Tract 987; Queens County; New York,Queens,998,183,18.336673346693384,102639.0,2593,2125,468,18.048592364057075
Census Tract 991; Queens County; New York,Queens,2881,384,13.328705310656023,108224.0,6777,4457,2320,34.233436623874866
Census Tract 992; Queens County; New York,Queens,1543,40,2.592352559948153,35529.0,4100,899,3201,78.07317073170732
Census Tract 997.01; Queens County; New York,Queens,1161,208,17.915590008613265,95063.0,2610,1614,996,38.160919540229884
Census Tract 997.03; Queens County; New York,Queens,1783,184,10.319685922602355,116319.0,3809,1949,1860,48.8317143607246
Census Tract 997.04; Queens County; New York,Queens,3666,289,7.8832515002727765,95653.0,7288,4542,2746,37.67837541163557
Census Tract 997.05; Queens County; New York,Queens,1135,0,0.0,147807.0,2671,1061,1610,60.27704979408461
Census Tract 998.01; Queens County; New York,Queens,2635,380,14.421252371916509,68297.0,8962,750,8212,91.63133229189913
Census Tract 998.02; Queens County; New York,Queens,2787,80,2.8704700394689633,45210.0,5492,864,4628,84.26802621995631
Census Tract 999; Queens County; New York,Queens,0,0,,,0,0,0,
Census Tract 1008.01; Queens County; New York,Queens,728,9,1.2362637362637363,142717.0,3122,978,2144,68.6739269698911
Census Tract 1008.03; Queens County; New York,Queens,1217,84,6.902218570254724,48320.0,4341,229,4112,94.72471780695693
Census Tract 1008.04; Queens County; New York,Queens,1394,69,4.949784791965567,99318.0,5226,1734,3492,66.81974741676234
Census Tract 1010.02; Queens County; New York,Queens,1866,278,14.89817792068596,52716.0,6069,4682,1387,22.85384742132147
Census Tract 1010.03; Queens County; New York,Queens,1211,73,6.028075970272502,70299.0,3885,1842,2043,52.58687258687259
Census Tract 1010.04; Queens County; New York,Queens,2572,291,11.314152410575428,42361.0,6462,2486,3976,61.52893840916125
Census Tract 1017; Queens County; New York,Queens,2413,308,12.76419394944053,109963.0,7027,3945,3082,43.85939945922869
Census Tract 1029; Queens County; New York,Queens,1538,172,11.183355006501952,100161.0,3472,2044,1428,41.12903225806452
Census Tract 1032.01; Queens County; New York,Queens,1910,296,15.49738219895288,53469.0,7068,587,6481,91.69496321448783
Census Tract 1032.02; Queens County; New York,Queens,2310,308,13.333333333333334,81060.0,8045,3845,4200,52.20633934120572
Census Tract 1033; Queens County; New York,Queens,1531,290,18.941868060091444,101816.0,4561,2465,2096,45.954834466125845
Census Tract 1039; Queens County; New York,Queens,2367,571,24.12336290663287,74272.0,6670,2560,4110,61.6191904047976
Census Tract 1047; Queens County; New York,Queens,2743,443,16.150200510390082,77454.0,7118,2238,4880,68.55858387187412
Census Tract 1059; Queens County; New York,Queens,1321,191,14.45874337623013,99740.0,3664,1862,1802,49.181222707423586
Census Tract 1072.01; Queens County; New York,Queens,930,706,75.91397849462366,112949.0,2323,1987,336,14.464055101162291
Census Tract 1072.02; Queens County; New York,Queens,0,0,,,0,0,0,
Census Tract 1085; Queens County; New York,Queens,1065,253,23.75586854460094,67226.0,2766,1394,1372,49.60231381055676
Census Tract 1093; Queens County; New York,Queens,1022,80,7.8277886497064575,139605.0,3043,1738,1305,42.885310548800526
Census Tract 1097; Queens County; New York,Queens,685,236,34.45255474452555,131142.0,1855,956,899,48.463611859838274
Census Tract 1099; Queens County; New York,Queens,1267,129,10.181531176006315,93456.0,3457,1621,1836,53.1096326294475
Census Tract 1113; Queens County; New York,Queens,817,131,16.034271725826194,138173.0,2733,1079,1654,60.51957555799488
Census Tract 1123; Queens County; New York,Queens,787,55,6.98856416772554,100929.0,2498,1050,1448,57.96637309847878
Census Tract 1129; Queens County; New York,Queens,833,135,16.206482593037215,100201.0,2289,880,1409,61.55526430755789
Census Tract 1133; Queens County; New York,Queens,645,100,15.503875968992247,118412.0,1410,758,652,46.241134751773046
Census Tract 1139; Queens County; New York,Queens,1505,179,11.893687707641195,87850.0,3885,1124,2761,71.06821106821107
Census Tract 1141; Queens County; New York,Queens,886,173,19.525959367945823,126429.0,2506,1472,1034,41.2609736632083
Census Tract 1147; Queens County; New York,Queens,633,107,16.903633491311215,98188.0,1891,818,1073,56.74246430460074
Census Tract 1151; Queens County; New York,Queens,359,61,16.991643454038996,121719.0,946,247,699,73.89006342494714
Census Tract 1155; Queens County; New York,Queens,702,122,17.37891737891738,89118.0,2079,483,1596,76.76767676767676
Census Tract 1157; Queens County; New York,Queens,1148,231,20.121951219512198,62255.0,3273,731,2542,77.66575007638252
Census Tract 1159; Queens County; New York,Queens,1692,274,16.19385342789598,63132.0,3850,801,3049,79.1948051948052
Census Tract 1161; Queens County; New York,Queens,1337,157,11.742707554225879,42750.0,3642,326,3316,91.04887424492037
Census Tract 1163.01; Queens County; New York,Queens,1732,269,15.531177829099308,41154.0,4398,554,3844,87.40336516598454
Census Tract 1163.02; Queens County; New York,Queens,1250,173,13.84,61359.0,3561,453,3108,87.27885425442291
Census Tract 1167; Queens County; New York,Queens,653,43,6.584992343032159,55216.0,1994,201,1793,89.9197592778335
Census Tract 1171; Queens County; New York,Queens,963,151,15.680166147455868,76658.0,2499,502,1997,79.91196478591436
Census Tract 1175; Queens County; New York,Queens,1783,283,15.872125630959058,87938.0,4559,1108,3451,75.69642465452951
Census Tract 1181; Queens County; New York,Queens,690,18,2.608695652173913,98056.0,1924,764,1160,60.2910602910603
Census Tract 1185; Queens County; New York,Queens,654,79,12.079510703363914,60536.0,1808,173,1635,90.43141592920354
Census Tract 1187; Queens County; New York,Queens,893,122,13.66181410974244,67443.0,2513,437,2076,82.61042578591325
Census Tract 1189; Queens County; New York,Queens,908,45,4.955947136563877,54135.0,1865,218,1647,88.31099195710456
Census Tract 1191; Queens County; New York,Queens,1005,72,7.164179104477612,,2888,623,2265,78.42797783933518
Census Tract 1193; Queens County; New York,Queens,753,109,14.475431606905712,50966.0,2399,389,2010,83.78491037932471
Census Tract 1195; Queens County; New York,Queens,442,84,19.004524886877828,104706.0,1588,443,1145,72.10327455919395
Census Tract 1199; Queens County; New York,Queens,523,42,8.030592734225621,120625.0,1563,380,1183,75.68777991042866
Census Tract 1201; Queens County; New York,Queens,456,18,3.9473684210526314,84167.0,1585,233,1352,85.29968454258675
Census Tract 1203; Queens County; New York,Queens,580,16,2.7586206896551726,58646.0,1503,189,1314,87.42514970059881
Census Tract 1205; Queens County; New York,Queens,954,30,3.1446540880503147,31250.0,2682,159,2523,94.07158836689038
Census Tract 1207.01; Queens County; New York,Queens,897,148,16.49944258639911,106705.0,2876,851,2025,70.41029207232266
Census Tract 1207.02; Queens County; New York,Queens,0,0,,,0,0,0,
Census Tract 1211; Queens County; New York,Queens,0,0,,,0,0,0,
Census Tract 1215; Queens County; New York,Queens,1361,82,6.0249816311535636,89858.0,4236,736,3500,82.6251180358829
Census Tract 1223; Queens County; New York,Queens,1306,172,13.169984686064318,94397.0,3355,910,2445,72.87630402384501
Census Tract 1227.02; Queens County; New York,Queens,2903,406,13.985532208060627,26694.0,6665,1711,4954,74.32858214553639
Census Tract 1227.03; Queens County; New York,Queens,2594,382,14.726291441788744,71465.0,7452,1805,5647,75.7783145464305
Census Tract 1227.04; Queens County; New York,Queens,1950,152,7.794871794871796,84904.0,4719,1273,3446,73.02394575121848
Census Tract 1241; Queens County; New York,Queens,1398,142,10.157367668097281,93417.0,3872,952,2920,75.41322314049587
Census Tract 1247; Queens County; New York,Queens,1277,132,10.33672670321065,120685.0,3676,1668,2008,54.62459194776932
Census Tract 1257; Queens County; New York,Queens,963,161,16.71858774662513,82031.0,2977,540,2437,81.86093382599933
Census Tract 1265; Queens County; New York,Queens,647,38,5.873261205564142,138424.0,1928,443,1485,77.02282157676349
Census Tract 1267; Queens County; New York,Queens,701,199,28.38801711840228,117743.0,4457,1962,2495,55.979358312766436
Census Tract 1277; Queens County; New York,Queens,1069,152,14.21889616463985,121577.0,2973,1969,1004,33.770602085435584
Census Tract 1283; Queens County; New York,Queens,0,0,,,0,0,0,
Census Tract 1291.02; Queens County; New York,Queens,1188,117,9.848484848484848,144154.0,3654,2183,1471,40.257252326217845
Census Tract 1291.03; Queens County; New York,Queens,2027,189,9.32412432165762,76705.0,4323,2495,1828,42.2854499190377
Census Tract 1291.04; Queens County; New York,Queens,1796,259,14.420935412026726,109891.0,4397,2104,2293,52.149192631339545
Census Tract 1301; Queens County; New York,Queens,1612,103,6.389578163771713,91389.0,4111,730,3381,82.24276331792751
Census Tract 1333; Queens County; New York,Queens,1438,180,12.517385257301807,134083.0,3701,1615,2086,56.36314509592002
Census Tract 1339; Queens County; New York,Queens,429,49,11.421911421911423,141563.0,1376,732,644,46.80232558139535
Census Tract 1341; Queens County; New York,Queens,1060,84,7.9245283018867925,64324.0,2709,776,1933,71.3547434477667
Census Tract 1347.01; Queens County; New York,Queens,1969,388,19.705434230573896,89671.0,4840,979,3861,79.77272727272727
Census Tract 1347.02; Queens County; New York,Queens,1609,165,10.254816656308266,86058.0,4834,537,4297,88.8911874224245
Census Tract 1367; Queens County; New York,Queens,2432,292,12.006578947368421,95803.0,6523,1111,5412,82.96795952782462
Census Tract 1377; Queens County; New York,Queens,2548,244,9.57613814756672,109481.0,6652,1827,4825,72.53457606734817
Census Tract 1385.01; Queens County; New York,Queens,1475,62,4.203389830508475,96563.0,4297,1190,3107,72.30626018152199
Census Tract 1385.02; Queens County; New York,Queens,0,0,,,97,83,14,14.432989690721648
Census Tract 1399; Queens County; New York,Queens,526,95,18.06083650190114,159300.0,1546,359,1187,76.77878395860284
Census Tract 1403; Queens County; New York,Queens,802,81,10.099750623441397,79375.0,2341,623,1718,73.38744126441692
Census Tract 1409.01; Queens County; New York,Queens,335,14,4.179104477611941,125038.0,1034,247,787,76.11218568665377
Census Tract 1409.02; Queens County; New York,Queens,835,40,4.790419161676647,107321.0,2373,671,1702,71.72355667930889
Census Tract 1417; Queens County; New York,Queens,1582,301,19.02654867256637,71500.0,4486,961,3525,78.57779759251004
Census Tract 1429; Queens County; New York,Queens,1330,144,10.827067669172932,95227.0,4034,1280,2754,68.26970748636589
Census Tract 1435; Queens County; New York,Queens,738,64,8.672086720867208,113974.0,2267,562,1705,75.20952801058668
Census Tract 1441; Queens County; New York,Queens,1147,87,7.585004359197908,118001.0,2700,985,1715,63.51851851851852
Census Tract 1447; Queens County; New York,Queens,1030,59,5.728155339805825,97917.0,3589,605,2984,83.14293675118417
Census Tract 1451.01; Queens County; New York,Queens,412,36,8.737864077669903,78125.0,1142,415,727,63.66024518388792
Census Tract 1451.02; Queens County; New York,Queens,901,67,7.436182019977802,93750.0,2578,874,1704,66.0977501939488
Census Tract 1459; Queens County; New York,Queens,983,124,12.614445574771107,119017.0,2630,1032,1598,60.76045627376426
Census Tract 1463; Queens County; New York,Queens,1075,195,18.13953488372093,88620.0,2979,1232,1747,58.6438402148372
Census Tract 1467; Queens County; New York,Queens,1400,133,9.5,112500.0,2866,1541,1325,46.23168178646197
Census Tract 1471; Queens County; New York,Queens,1386,257,18.542568542568542,94773.0,3340,1841,1499,44.880239520958085
Census Tract 1479; Queens County; New York,Queens,1842,176,9.554831704668839,90781.0,4525,2143,2382,52.64088397790056
Census Tract 1483; Queens County; New York,Queens,1048,101,9.63740458015267,139643.0,2990,2123,867,28.996655518394647
Census Tract 1507.01; Queens County; New York,Queens,1083,179,16.528162511542014,143472.0,3150,1534,1616,51.301587301587304
Census Tract 1507.02; Queens County; New York,Queens,1254,136,10.845295055821373,114821.0,3050,1553,1497,49.08196721311475
Census Tract 1529.01; Queens County; New York,Queens,2276,296,13.005272407732866,92750.0,5607,1736,3871,69.03870162297129
Census Tract 1529.02; Queens County; New York,Queens,2480,509,20.524193548387096,129235.0,6252,2329,3923,62.74792066538708
Census Tract 1551.01; Queens County; New York,Queens,1535,239,15.570032573289902,91719.0,2195,2102,93,4.236902050113895
Census Tract 1551.03; Queens County; New York,Queens,2158,726,33.64226135310472,113622.0,4349,2267,2082,47.87307426994711
Census Tract 1551.04; Queens County; New York,Queens,1198,83,6.928213689482471,90192.0,3261,1141,2120,65.01073290401717
Census Tract 1567; Queens County; New York,Queens,289,0,0.0,60625.0,1799,299,1500,83.37965536409116
Census Tract 1571.01; Queens County; New York,Queens,2479,453,18.27349737797499,90857.0,8186,1817,6369,77.80356706572196
Census Tract 1571.02; Queens County; New York,Queens,596,16,2.684563758389262,114844.0,2005,323,1682,83.89027431421447
Census Tract 1579.01; Queens County; New York,Queens,1643,245,14.911746804625684,114219.0,5253,854,4399,83.74262326289738
Census Tract 1579.02; Queens County; New York,Queens,1268,260,20.50473186119874,109875.0,4054,740,3314,81.74642328564381
Census Tract 1579.03; Queens County; New York,Queens,1136,150,13.204225352112676,121000.0,3746,1000,2746,73.30485851575014
Census Tract 1617; Queens County; New York,Queens,1573,438,27.844882390336934,115125.0,4786,1587,3199,66.84078562473881
Census Tract 1621; Queens County; New York,Queens,1965,278,14.147582697201017,131094.0,6446,1044,5402,83.80390940117903
Census Tract 9901; Queens County; New York,Queens,0,0,,,0,0,0,
Census Tract 3; Richmond County; New York,Richmond,1038,103,9.922928709055876,76563.0,2072,962,1110,53.57142857142857
Census Tract 6; Richmond County; New York,Richmond,1265,65,5.138339920948617,34421.0,2696,1440,1256,46.58753709198813
Census Tract 7; Richmond County; New York,Richmond,1847,73,3.9523551705468325,61533.0,5195,1449,3746,72.10779595765159
Census Tract 8; Richmond County; New York,Richmond,1841,89,4.83432916892993,102717.0,4908,3023,1885,38.406682966585166
Census Tract 9; Richmond County; New York,Richmond,841,54,6.4209274673008325,64233.0,2127,653,1474,69.29948283968031
Census Tract 11; Richmond County; New York,Richmond,1211,83,6.85383980181668,58516.0,4203,843,3360,79.94289793004997
Census Tract 17; Richmond County; New York,Richmond,612,22,3.594771241830065,52833.0,1518,712,806,53.0961791831357
Census Tract 18; Richmond County; New York,Richmond,155,0,0.0,89750.0,465,251,214,46.02150537634409
Census Tract 20.01; Richmond County; New York,Richmond,1491,83,5.56673373574782,81932.0,2736,1984,752,27.485380116959064
Census Tract 20.02; Richmond County; New York,Richmond,1334,24,1.7991004497751124,83581.0,3028,2111,917,30.284015852047556
Census Tract 21; Richmond County; New York,Richmond,2117,89,4.204062352385451,47755.0,5285,2030,3255,61.58940397350994
Census Tract 27; Richmond County; New York,Richmond,401,0,0.0,36753.0,2528,579,1949,77.09651898734177
Census Tract 29; Richmond County; New York,Richmond,1870,87,4.652406417112299,61591.0,5532,815,4717,85.26753434562545
Census Tract 33; Richmond County; New York,Richmond,1340,135,10.074626865671641,97188.0,3863,1894,1969,50.9707481232203
Census Tract 36; Richmond County; New York,Richmond,918,11,1.1982570806100217,86695.0,2706,1101,1605,59.312638580931264
Census Tract 39; Richmond County; New York,Richmond,1032,214,20.73643410852713,80882.0,2263,1175,1088,48.0777728678745
Census Tract 40.01; Richmond County; New York,Richmond,1064,86,8.082706766917292,61118.0,2733,1065,1668,61.031833150384195
Census Tract 40.02; Richmond County; New York,Richmond,868,0,0.0,,2488,449,2039,81.95337620578779
Census Tract 40.03; Richmond County; New York,Richmond,1385,0,0.0,23021.0,3507,300,3207,91.44568006843457
Census Tract 40.04; Richmond County; New York,Richmond,1084,54,4.981549815498155,112609.0,3664,689,2975,81.19541484716157
Census Tract 47; Richmond County; New York,Richmond,960,50,5.208333333333334,125982.0,2961,1349,1612,54.44106720702465
Census Tract 50; Richmond County; New York,Richmond,1487,28,1.882985877605918,79539.0,4683,2629,2054,43.860773008755075
Census Tract 59.01; Richmond County; New York,Richmond,1125,218,19.377777777777776,93977.0,3075,2198,877,28.520325203252035
Census Tract 59.02; Richmond County; New York,Richmond,0,0,,,0,0,0,
Census Tract 64; Richmond County; New York,Richmond,1182,109,9.22165820642978,62188.0,3431,2064,1367,39.842611483532494
Census Tract 67; Richmond County; New York,Richmond,1197,206,17.20969089390142,104602.0,2907,1905,1002,34.46852425180599
Census Tract 70.01; Richmond County; New York,Richmond,1008,37,3.670634920634921,75600.0,2880,1906,974,33.81944444444444
Census Tract 70.02; Richmond County; New York,Richmond,1750,52,2.9714285714285715,103971.0,6099,4629,1470,24.102311854402362
Census Tract 74; Richmond County; New York,Richmond,1775,53,2.9859154929577465,76259.0,5038,3107,1931,38.32870186581977
Census Tract 75; Richmond County; New York,Richmond,1067,51,4.779756326148079,113673.0,3381,1729,1652,48.86128364389234
Census Tract 77; Richmond County; New York,Richmond,562,13,2.3131672597864767,86875.0,1948,312,1636,83.9835728952772
Census Tract 81; Richmond County; New York,Richmond,1770,447,25.254237288135595,82248.0,4680,2132,2548,54.44444444444444
Census Tract 96.01; Richmond County; New York,Richmond,1623,32,1.9716574245224894,101159.0,4568,3713,855,18.717162872154116
Census Tract 96.02; Richmond County; New York,Richmond,1459,42,2.878684030157642,87816.0,3691,2620,1071,29.016526686534817
Census Tract 97.01; Richmond County; New York,Richmond,1590,123,7.735849056603773,95000.0,4274,1912,2362,55.26438933083762
Census Tract 97.02; Richmond County; New York,Richmond,23,19,82.6086956521739,,42,42,0,0.0
Census Tract 105; Richmond County; New York,Richmond,1664,257,15.444711538461538,102500.0,5423,2029,3394,62.58528489765812
Census Tract 112.01; Richmond County; New York,Richmond,1881,0,0.0,107602.0,5825,4065,1760,30.21459227467811
Census Tract 112.03; Richmond County; New York,Richmond,2211,29,1.3116236996834012,78505.0,6898,3107,3791,54.95795882864598
Census Tract 112.04; Richmond County; New York,Richmond,15,0,0.0,,59,0,59,100.0
Census Tract 114.01; Richmond County; New York,Richmond,1402,61,4.3509272467903,45259.0,3254,1438,1816,55.80823601720959
Census Tract 114.02; Richmond County; New York,Richmond,1203,70,5.818786367414797,93625.0,3356,2556,800,23.837902264600714
Census Tract 121; Richmond County; New York,Richmond,1143,119,10.411198600174979,177083.0,3126,2671,455,14.555342290467049
Census Tract 122; Richmond County; New York,Richmond,1374,80,5.822416302765648,114946.0,4921,3702,1219,24.771387929282664
Census Tract 125; Richmond County; New York,Richmond,1062,62,5.83804143126177,129583.0,3095,1697,1398,45.16962843295638
Census Tract 128.04; Richmond County; New York,Richmond,1490,42,2.8187919463087248,86977.0,4643,2913,1730,37.26039198793883
Census Tract 128.05; Richmond County; New York,Richmond,756,0,0.0,130469.0,2196,1718,478,21.766848816029142
Census Tract 128.06; Richmond County; New York,Richmond,2226,149,6.693620844564241,61378.0,5308,3649,1659,31.254709871891485
Census Tract 132.01; Richmond County; New York,Richmond,520,39,7.5,135500.0,1589,1372,217,13.656387665198238
Census Tract 132.03; Richmond County; New York,Richmond,2303,31,1.3460703430308294,123693.0,7288,5789,1499,20.568057080131723
Census Tract 132.04; Richmond County; New York,Richmond,1788,30,1.6778523489932886,105833.0,5090,3514,1576,30.962671905697448
Census Tract 133.01; Richmond County; New York,Richmond,526,4,0.7604562737642585,32750.0,1123,294,829,73.82012466607301
Census Tract 133.02; Richmond County; New York,Richmond,990,36,3.6363636363636362,124188.0,3468,881,2587,74.59630911188005
Census Tract 134; Richmond County; New York,Richmond,1370,37,2.7007299270072993,91912.0,3660,2272,1388,37.923497267759565
Census Tract 138; Richmond County; New York,Richmond,2484,32,1.288244766505636,149661.0,6235,5494,741,11.884522854851644
Census Tract 141; Richmond County; New York,Richmond,1104,29,2.6268115942028984,72500.0,2752,1224,1528,55.52325581395349
Census Tract 146.04; Richmond County; New York,Richmond,2329,114,4.8948046371833405,122083.0,6718,5727,991,14.751414111342662
Census Tract 146.05; Richmond County; New York,Richmond,1290,119,9.224806201550388,143125.0,3890,3598,292,7.5064267352185094
Census Tract 146.06; Richmond County; New York,Richmond,2239,83,3.707012058954891,93159.0,6444,4834,1610,24.9844816883923
Census Tract 146.07; Richmond County; New York,Richmond,1714,8,0.4667444574095682,113333.0,4857,4180,677,13.938645254272183
Census Tract 146.08; Richmond County; New York,Richmond,1224,12,0.9803921568627451,108958.0,3370,2966,404,11.98813056379822
Census Tract 147; Richmond County; New York,Richmond,1544,80,5.181347150259067,121000.0,3398,2740,658,19.364331959976457
Census Tract 151; Richmond County; New York,Richmond,1822,322,17.672886937431397,114919.0,5197,4160,1037,19.953819511256494
Census Tract 154; Richmond County; New York,Richmond,0,0,,,0,0,0,
Census Tract 156.01; Richmond County; New York,Richmond,2291,143,6.241815800960279,136434.0,6706,5090,1616,24.097822845213244
Census Tract 156.02; Richmond County; New York,Richmond,1209,33,2.729528535980149,134313.0,3607,3198,409,11.339062933185474
Census Tract 156.03; Richmond County; New York,Richmond,1741,27,1.5508328546812178,104668.0,4982,3789,1193,23.946206342834202
Census Tract 169.01; Richmond County; New York,Richmond,1053,33,3.133903133903134,148153.0,3735,2317,1418,37.96519410977242
Census Tract 170.05; Richmond County; New York,Richmond,1759,97,5.514496873223423,100558.0,4616,4002,614,13.301559792027728
Census Tract 170.07; Richmond County; New York,Richmond,1872,10,0.5341880341880342,101971.0,6298,4052,2246,35.66211495712925
Census Tract 170.09; Richmond County; New York,Richmond,1586,12,0.7566204287515763,117222.0,4805,3847,958,19.937565036420395
Census Tract 170.11; Richmond County; New York,Richmond,1667,30,1.7996400719856027,127585.0,4540,3788,752,16.56387665198238
Census Tract 170.12; Richmond County; New York,Richmond,1648,54,3.2766990291262137,122917.0,5170,4061,1109,21.450676982591876
Census Tract 170.13; Richmond County; New York,Richmond,1368,9,0.6578947368421052,95875.0,4652,2865,1787,38.413585554600175
Census Tract 170.14; Richmond County; New York,Richmond,1599,13,0.8130081300813009,108828.0,4221,3442,779,18.45534233593935
Census Tract 170.15; Richmond County; New York,Richmond,1034,7,0.6769825918762089,118598.0,2897,2716,181,6.247842595788747
Census Tract 170.16; Richmond County; New York,Richmond,1540,0,0.0,121371.0,4538,3476,1062,23.402379903040988
Census Tract 173; Richmond County; New York,Richmond,1014,168,16.56804733727811,49500.0,2634,757,1877,71.26044039483675
Census Tract 176; Richmond County; New York,Richmond,1537,31,2.0169160702667535,140795.0,5132,4525,607,11.827747466874513
Census Tract 177.01; Richmond County; New York,Richmond,1415,159,11.236749116607774,136602.0,3791,2705,1086,28.646795040886307
Census Tract 177.02; Richmond County; New York,Richmond,942,5,0.5307855626326964,116073.0,2338,2113,225,9.62360992301112
Census Tract 181; Richmond County; New York,Richmond,1409,40,2.8388928317955995,95282.0,3692,2741,951,25.75839653304442
Census Tract 187.01; Richmond County; New York,Richmond,683,56,8.199121522693996,102109.0,1951,1224,727,37.26294208098411
Census Tract 187.03; Richmond County; New York,Richmond,1183,13,1.098901098901099,100881.0,4188,2306,1882,44.937917860553966
Census Tract 187.04; Richmond County; New York,Richmond,1181,45,3.810330228619814,134583.0,4379,3067,1312,29.96117835122174
Census Tract 189.01; Richmond County; New York,Richmond,1577,48,3.0437539632213064,147587.0,5231,3128,2103,40.20263811890652
Census Tract 189.02; Richmond County; New York,Richmond,1680,12,0.7142857142857143,112800.0,6152,4609,1543,25.081274382314696
Census Tract 197; Richmond County; New York,Richmond,681,49,7.195301027900147,115240.0,1914,1430,484,25.287356321839084
Census Tract 198; Richmond County; New York,Richmond,2490,32,1.285140562248996,134592.0,7556,6604,952,12.599258867125462
Census Tract 201; Richmond County; New York,Richmond,1370,62,4.525547445255475,97100.0,3637,2172,1465,40.280450921088814
Census Tract 207.01; Richmond County; New York,Richmond,981,85,8.664627930682975,68371.0,3707,693,3014,81.30563798219585
Census Tract 207.02; Richmond County; New York,Richmond,938,65,6.929637526652452,43176.0,2635,510,2125,80.64516129032258
Census Tract 208.03; Richmond County; New York,Richmond,2539,105,4.135486411973218,147917.0,7802,7542,260,3.3324788515765187
Census Tract 208.04; Richmond County; New York,Richmond,1957,21,1.0730710270822688,101382.0,5228,4488,740,14.154552410099463
Census Tract 208.05; Richmond County; New York,Richmond,2245,32,1.4253897550111359,119347.0,6058,5041,1017,16.78771871904919
Census Tract 208.06; Richmond County; New York,Richmond,923,20,2.1668472372697725,96188.0,2827,2339,488,17.262115316590023
Census Tract 213; Richmond County; New York,Richmond,1540,164,10.649350649350648,83009.0,5391,1546,3845,71.32257466147283
Census Tract 223; Richmond County; New York,Richmond,1053,62,5.887939221272555,62063.0,3109,632,2477,79.67192023158572
Census Tract 226.01; Richmond County; New York,Richmond,2455,43,1.7515274949083504,104792.0,7221,5758,1463,20.260351751834925
Census Tract 226.02; Richmond County; New York,Richmond,699,6,0.8583690987124464,,1457,1335,122,8.373369938229239
Census Tract 228.01; Richmond County; New York,Richmond,13,0,0.0,,43,31,12,27.906976744186046
Census Tract 228.02; Richmond County; New York,Richmond,0,0,,,0,0,0,
Census Tract 231; Richmond County; New York,Richmond,1490,90,6.0402684563758395,83750.0,4819,1079,3740,77.60946254409629
Census Tract 239; Richmond County; New York,Richmond,1086,42,3.867403314917127,83864.0,3165,1337,1828,57.7567140600316
Census Tract 244.01; Richmond County; New York,Richmond,1948,57,2.9260780287474333,144702.0,5678,5196,482,8.488904543853469
Census Tract 244.02; Richmond County; New York,Richmond,1713,0,0.0,117981.0,4909,4406,503,10.246486046037889
Census Tract 247; Richmond County; New York,Richmond,853,26,3.048065650644783,82853.0,2943,1094,1849,62.82704723071696
Census Tract 248; Richmond County; New York,Richmond,1707,80,4.6865846514352665,148914.0,4801,3630,1171,24.390751926681943
Census Tract 251; Richmond County; New York,Richmond,2051,178,8.678693320331545,120592.0,6519,4638,1881,28.854118729866546
Census Tract 273.01; Richmond County; New York,Richmond,1509,19,1.2591119946984757,113711.0,4464,2849,1615,36.17831541218638
Census Tract 273.02; Richmond County; New York,Richmond,1218,0,0.0,100676.0,4419,3047,1372,31.047748359357318
Census Tract 277.02; Richmond County; New York,Richmond,2856,60,2.100840336134454,74318.0,6245,4231,2014,32.2497998398719
Census Tract 277.04; Richmond County; New York,Richmond,1555,0,0.0,98583.0,5044,3446,1598,31.681205392545596
Census Tract 277.05; Richmond County; New York,Richmond,2004,0,0.0,96684.0,6094,3379,2715,44.55201837873318
Census Tract 277.06; Richmond County; New York,Richmond,1158,0,0.0,66349.0,3260,2172,1088,33.374233128834355
Census Tract 279; Richmond County; New York,Richmond,638,10,1.5673981191222568,163780.0,2106,1715,391,18.566001899335234
Census Tract 291.02; Richmond County; New York,Richmond,1080,64,5.9259259259259265,120038.0,3507,2040,1467,41.830624465355
Census Tract 291.04; Richmond County; New York,Richmond,2337,23,0.9841677364142062,109896.0,6799,4236,2563,37.696720105897924
Census Tract 291.05; Richmond County; New York,Richmond,1595,0,0.0,113185.0,3981,2842,1139,28.610901783471487
Census Tract 291.06; Richmond County; New York,Richmond,1042,0,0.0,114000.0,3064,2376,688,22.45430809399478
Census Tract 303.01; Richmond County; New York,Richmond,1951,51,2.6140440799589952,109225.0,5749,3211,2538,44.146808140546185
Census Tract 303.02; Richmond County; New York,Richmond,2140,29,1.355140186915888,91607.0,6502,2612,3890,59.82774530913565
Census Tract 319.01; Richmond County; New York,Richmond,1237,34,2.7485852869846403,49161.0,3888,895,2993,76.98045267489711
Census Tract 319.02; Richmond County; New York,Richmond,1588,75,4.722921914357682,65921.0,4502,725,3777,83.89604620168814
Census Tract 323; Richmond County; New York,Richmond,453,8,1.7660044150110374,81691.0,1078,225,853,79.12801484230056
Census Tract 9901; Richmond County; New York,Richmond,0,0,,,0,0,0,
